[0.086s] DEBUG:colcon:Command line arguments: ['/usr/bin/colcon', 'build', '--packages-select', 'ros_tcp_endpoint']
[0.086s] DEBUG:colcon:Parsed command line arguments: Namespace(log_base=None, log_level=None, verb_name='build', build_base='build', install_base='install', merge_install=False, symlink_install=False, test_result_base=None, continue_on_error=False, executor='parallel', parallel_workers=16, event_handlers=None, ignore_user_meta=False, metas=['./colcon.meta'], base_paths=['.'], packages_ignore=None, packages_ignore_regex=None, paths=None, packages_up_to=None, packages_up_to_regex=None, packages_above=None, packages_above_and_dependencies=None, packages_above_depth=None, packages_select_by_dep=None, packages_skip_by_dep=None, packages_skip_up_to=None, packages_select_build_failed=False, packages_skip_build_finished=False, packages_select_test_failures=False, packages_skip_test_passed=False, packages_select=['ros_tcp_endpoint'], packages_skip=None, packages_select_regex=None, packages_skip_regex=None, packages_start=None, packages_end=None, allow_overriding=[], cmake_args=None, cmake_target=None, cmake_target_skip_unavailable=False, cmake_clean_cache=False, cmake_clean_first=False, cmake_force_configure=False, ament_cmake_args=None, catkin_cmake_args=None, catkin_skip_building_tests=False, verb_parser=<colcon_defaults.argument_parser.defaults.DefaultArgumentsDecorator object at 0x791e752d51e0>, verb_extension=<colcon_core.verb.build.BuildVerb object at 0x791e752d4cd0>, main=<bound method BuildVerb.main of <colcon_core.verb.build.BuildVerb object at 0x791e752d4cd0>>)
[0.220s] Level 1:colcon.colcon_core.package_discovery:discover_packages(colcon_meta) check parameters
[0.220s] Level 1:colcon.colcon_core.package_discovery:discover_packages(recursive) check parameters
[0.220s] Level 1:colcon.colcon_core.package_discovery:discover_packages(ignore) check parameters
[0.220s] Level 1:colcon.colcon_core.package_discovery:discover_packages(path) check parameters
[0.220s] Level 1:colcon.colcon_core.package_discovery:discover_packages(colcon_meta) discover
[0.220s] Level 1:colcon.colcon_core.package_discovery:discover_packages(recursive) discover
[0.220s] INFO:colcon.colcon_core.package_discovery:Crawling recursively for packages in '/home/guyi/ros2_ws'
[0.220s] Level 1:colcon.colcon_core.package_identification:_identify(.) by extensions ['ignore', 'ignore_ament_install']
[0.220s] Level 1:colcon.colcon_core.package_identification:_identify(.) by extension 'ignore'
[0.220s] Level 1:colcon.colcon_core.package_identification:_identify(.) by extension 'ignore_ament_install'
[0.220s] Level 1:colcon.colcon_core.package_identification:_identify(.) by extensions ['colcon_pkg']
[0.220s] Level 1:colcon.colcon_core.package_identification:_identify(.) by extension 'colcon_pkg'
[0.220s] Level 1:colcon.colcon_core.package_identification:_identify(.) by extensions ['colcon_meta']
[0.220s] Level 1:colcon.colcon_core.package_identification:_identify(.) by extension 'colcon_meta'
[0.220s] Level 1:colcon.colcon_core.package_identification:_identify(.) by extensions ['ros']
[0.220s] Level 1:colcon.colcon_core.package_identification:_identify(.) by extension 'ros'
[0.230s] Level 1:colcon.colcon_core.package_identification:_identify(.) by extensions ['cmake', 'python']
[0.230s] Level 1:colcon.colcon_core.package_identification:_identify(.) by extension 'cmake'
[0.230s] Level 1:colcon.colcon_core.package_identification:_identify(.) by extension 'python'
[0.230s] Level 1:colcon.colcon_core.package_identification:_identify(.) by extensions ['python_setup_py']
[0.230s] Level 1:colcon.colcon_core.package_identification:_identify(.) by extension 'python_setup_py'
[0.230s] Level 1:colcon.colcon_core.package_identification:_identify(build) by extensions ['ignore', 'ignore_ament_install']
[0.230s] Level 1:colcon.colcon_core.package_identification:_identify(build) by extension 'ignore'
[0.230s] Level 1:colcon.colcon_core.package_identification:_identify(build) ignored
[0.230s] Level 1:colcon.colcon_core.package_identification:_identify(install) by extensions ['ignore', 'ignore_ament_install']
[0.230s] Level 1:colcon.colcon_core.package_identification:_identify(install) by extension 'ignore'
[0.230s] Level 1:colcon.colcon_core.package_identification:_identify(install) ignored
[0.230s] Level 1:colcon.colcon_core.package_identification:_identify(log) by extensions ['ignore', 'ignore_ament_install']
[0.230s] Level 1:colcon.colcon_core.package_identification:_identify(log) by extension 'ignore'
[0.230s] Level 1:colcon.colcon_core.package_identification:_identify(log) ignored
[0.230s] Level 1:colcon.colcon_core.package_identification:_identify(src) by extensions ['ignore', 'ignore_ament_install']
[0.230s] Level 1:colcon.colcon_core.package_identification:_identify(src) by extension 'ignore'
[0.230s] Level 1:colcon.colcon_core.package_identification:_identify(src) by extension 'ignore_ament_install'
[0.230s] Level 1:colcon.colcon_core.package_identification:_identify(src) by extensions ['colcon_pkg']
[0.230s] Level 1:colcon.colcon_core.package_identification:_identify(src) by extension 'colcon_pkg'
[0.230s] Level 1:colcon.colcon_core.package_identification:_identify(src) by extensions ['colcon_meta']
[0.230s] Level 1:colcon.colcon_core.package_identification:_identify(src) by extension 'colcon_meta'
[0.231s] Level 1:colcon.colcon_core.package_identification:_identify(src) by extensions ['ros']
[0.231s] Level 1:colcon.colcon_core.package_identification:_identify(src) by extension 'ros'
[0.231s] Level 1:colcon.colcon_core.package_identification:_identify(src) by extensions ['cmake', 'python']
[0.231s] Level 1:colcon.colcon_core.package_identification:_identify(src) by extension 'cmake'
[0.231s] Level 1:colcon.colcon_core.package_identification:_identify(src) by extension 'python'
[0.231s] Level 1:colcon.colcon_core.package_identification:_identify(src) by extensions ['python_setup_py']
[0.231s] Level 1:colcon.colcon_core.package_identification:_identify(src) by extension 'python_setup_py'
[0.231s] Level 1:colcon.colcon_core.package_identification:_identify(src/ROS-TCP-Connector) by extensions ['ignore', 'ignore_ament_install']
[0.231s] Level 1:colcon.colcon_core.package_identification:_identify(src/ROS-TCP-Connector) by extension 'ignore'
[0.231s] Level 1:colcon.colcon_core.package_identification:_identify(src/ROS-TCP-Connector) by extension 'ignore_ament_install'
[0.231s] Level 1:colcon.colcon_core.package_identification:_identify(src/ROS-TCP-Connector) by extensions ['colcon_pkg']
[0.231s] Level 1:colcon.colcon_core.package_identification:_identify(src/ROS-TCP-Connector) by extension 'colcon_pkg'
[0.231s] Level 1:colcon.colcon_core.package_identification:_identify(src/ROS-TCP-Connector) by extensions ['colcon_meta']
[0.231s] Level 1:colcon.colcon_core.package_identification:_identify(src/ROS-TCP-Connector) by extension 'colcon_meta'
[0.231s] Level 1:colcon.colcon_core.package_identification:_identify(src/ROS-TCP-Connector) by extensions ['ros']
[0.231s] Level 1:colcon.colcon_core.package_identification:_identify(src/ROS-TCP-Connector) by extension 'ros'
[0.231s] Level 1:colcon.colcon_core.package_identification:_identify(src/ROS-TCP-Connector) by extensions ['cmake', 'python']
[0.231s] Level 1:colcon.colcon_core.package_identification:_identify(src/ROS-TCP-Connector) by extension 'cmake'
[0.231s] Level 1:colcon.colcon_core.package_identification:_identify(src/ROS-TCP-Connector) by extension 'python'
[0.231s] Level 1:colcon.colcon_core.package_identification:_identify(src/ROS-TCP-Connector) by extensions ['python_setup_py']
[0.231s] Level 1:colcon.colcon_core.package_identification:_identify(src/ROS-TCP-Connector) by extension 'python_setup_py'
[0.231s] Level 1:colcon.colcon_core.package_identification:_identify(src/ROS-TCP-Connector/TestRosTcpConnector) by extensions ['ignore', 'ignore_ament_install']
[0.231s] Level 1:colcon.colcon_core.package_identification:_identify(src/ROS-TCP-Connector/TestRosTcpConnector) by extension 'ignore'
[0.231s] Level 1:colcon.colcon_core.package_identification:_identify(src/ROS-TCP-Connector/TestRosTcpConnector) by extension 'ignore_ament_install'
[0.231s] Level 1:colcon.colcon_core.package_identification:_identify(src/ROS-TCP-Connector/TestRosTcpConnector) by extensions ['colcon_pkg']
[0.231s] Level 1:colcon.colcon_core.package_identification:_identify(src/ROS-TCP-Connector/TestRosTcpConnector) by extension 'colcon_pkg'
[0.231s] Level 1:colcon.colcon_core.package_identification:_identify(src/ROS-TCP-Connector/TestRosTcpConnector) by extensions ['colcon_meta']
[0.231s] Level 1:colcon.colcon_core.package_identification:_identify(src/ROS-TCP-Connector/TestRosTcpConnector) by extension 'colcon_meta'
[0.231s] Level 1:colcon.colcon_core.package_identification:_identify(src/ROS-TCP-Connector/TestRosTcpConnector) by extensions ['ros']
[0.231s] Level 1:colcon.colcon_core.package_identification:_identify(src/ROS-TCP-Connector/TestRosTcpConnector) by extension 'ros'
[0.231s] Level 1:colcon.colcon_core.package_identification:_identify(src/ROS-TCP-Connector/TestRosTcpConnector) by extensions ['cmake', 'python']
[0.231s] Level 1:colcon.colcon_core.package_identification:_identify(src/ROS-TCP-Connector/TestRosTcpConnector) by extension 'cmake'
[0.231s] Level 1:colcon.colcon_core.package_identification:_identify(src/ROS-TCP-Connector/TestRosTcpConnector) by extension 'python'
[0.231s] Level 1:colcon.colcon_core.package_identification:_identify(src/ROS-TCP-Connector/TestRosTcpConnector) by extensions ['python_setup_py']
[0.231s] Level 1:colcon.colcon_core.package_identification:_identify(src/ROS-TCP-Connector/TestRosTcpConnector) by extension 'python_setup_py'
[0.232s] Level 1:colcon.colcon_core.package_identification:_identify(src/ROS-TCP-Connector/TestRosTcpConnector/Assets) by extensions ['ignore', 'ignore_ament_install']
[0.232s] Level 1:colcon.colcon_core.package_identification:_identify(src/ROS-TCP-Connector/TestRosTcpConnector/Assets) by extension 'ignore'
[0.232s] Level 1:colcon.colcon_core.package_identification:_identify(src/ROS-TCP-Connector/TestRosTcpConnector/Assets) by extension 'ignore_ament_install'
[0.232s] Level 1:colcon.colcon_core.package_identification:_identify(src/ROS-TCP-Connector/TestRosTcpConnector/Assets) by extensions ['colcon_pkg']
[0.232s] Level 1:colcon.colcon_core.package_identification:_identify(src/ROS-TCP-Connector/TestRosTcpConnector/Assets) by extension 'colcon_pkg'
[0.232s] Level 1:colcon.colcon_core.package_identification:_identify(src/ROS-TCP-Connector/TestRosTcpConnector/Assets) by extensions ['colcon_meta']
[0.232s] Level 1:colcon.colcon_core.package_identification:_identify(src/ROS-TCP-Connector/TestRosTcpConnector/Assets) by extension 'colcon_meta'
[0.232s] Level 1:colcon.colcon_core.package_identification:_identify(src/ROS-TCP-Connector/TestRosTcpConnector/Assets) by extensions ['ros']
[0.232s] Level 1:colcon.colcon_core.package_identification:_identify(src/ROS-TCP-Connector/TestRosTcpConnector/Assets) by extension 'ros'
[0.232s] Level 1:colcon.colcon_core.package_identification:_identify(src/ROS-TCP-Connector/TestRosTcpConnector/Assets) by extensions ['cmake', 'python']
[0.232s] Level 1:colcon.colcon_core.package_identification:_identify(src/ROS-TCP-Connector/TestRosTcpConnector/Assets) by extension 'cmake'
[0.232s] Level 1:colcon.colcon_core.package_identification:_identify(src/ROS-TCP-Connector/TestRosTcpConnector/Assets) by extension 'python'
[0.232s] Level 1:colcon.colcon_core.package_identification:_identify(src/ROS-TCP-Connector/TestRosTcpConnector/Assets) by extensions ['python_setup_py']
[0.232s] Level 1:colcon.colcon_core.package_identification:_identify(src/ROS-TCP-Connector/TestRosTcpConnector/Assets) by extension 'python_setup_py'
[0.232s] Level 1:colcon.colcon_core.package_identification:_identify(src/ROS-TCP-Connector/TestRosTcpConnector/Assets/Materials) by extensions ['ignore', 'ignore_ament_install']
[0.232s] Level 1:colcon.colcon_core.package_identification:_identify(src/ROS-TCP-Connector/TestRosTcpConnector/Assets/Materials) by extension 'ignore'
[0.232s] Level 1:colcon.colcon_core.package_identification:_identify(src/ROS-TCP-Connector/TestRosTcpConnector/Assets/Materials) by extension 'ignore_ament_install'
[0.232s] Level 1:colcon.colcon_core.package_identification:_identify(src/ROS-TCP-Connector/TestRosTcpConnector/Assets/Materials) by extensions ['colcon_pkg']
[0.232s] Level 1:colcon.colcon_core.package_identification:_identify(src/ROS-TCP-Connector/TestRosTcpConnector/Assets/Materials) by extension 'colcon_pkg'
[0.232s] Level 1:colcon.colcon_core.package_identification:_identify(src/ROS-TCP-Connector/TestRosTcpConnector/Assets/Materials) by extensions ['colcon_meta']
[0.232s] Level 1:colcon.colcon_core.package_identification:_identify(src/ROS-TCP-Connector/TestRosTcpConnector/Assets/Materials) by extension 'colcon_meta'
[0.232s] Level 1:colcon.colcon_core.package_identification:_identify(src/ROS-TCP-Connector/TestRosTcpConnector/Assets/Materials) by extensions ['ros']
[0.232s] Level 1:colcon.colcon_core.package_identification:_identify(src/ROS-TCP-Connector/TestRosTcpConnector/Assets/Materials) by extension 'ros'
[0.232s] Level 1:colcon.colcon_core.package_identification:_identify(src/ROS-TCP-Connector/TestRosTcpConnector/Assets/Materials) by extensions ['cmake', 'python']
[0.232s] Level 1:colcon.colcon_core.package_identification:_identify(src/ROS-TCP-Connector/TestRosTcpConnector/Assets/Materials) by extension 'cmake'
[0.232s] Level 1:colcon.colcon_core.package_identification:_identify(src/ROS-TCP-Connector/TestRosTcpConnector/Assets/Materials) by extension 'python'
[0.232s] Level 1:colcon.colcon_core.package_identification:_identify(src/ROS-TCP-Connector/TestRosTcpConnector/Assets/Materials) by extensions ['python_setup_py']
[0.232s] Level 1:colcon.colcon_core.package_identification:_identify(src/ROS-TCP-Connector/TestRosTcpConnector/Assets/Materials) by extension 'python_setup_py'
[0.232s] Level 1:colcon.colcon_core.package_identification:_identify(src/ROS-TCP-Connector/TestRosTcpConnector/Assets/Presets) by extensions ['ignore', 'ignore_ament_install']
[0.232s] Level 1:colcon.colcon_core.package_identification:_identify(src/ROS-TCP-Connector/TestRosTcpConnector/Assets/Presets) by extension 'ignore'
[0.232s] Level 1:colcon.colcon_core.package_identification:_identify(src/ROS-TCP-Connector/TestRosTcpConnector/Assets/Presets) by extension 'ignore_ament_install'
[0.232s] Level 1:colcon.colcon_core.package_identification:_identify(src/ROS-TCP-Connector/TestRosTcpConnector/Assets/Presets) by extensions ['colcon_pkg']
[0.232s] Level 1:colcon.colcon_core.package_identification:_identify(src/ROS-TCP-Connector/TestRosTcpConnector/Assets/Presets) by extension 'colcon_pkg'
[0.232s] Level 1:colcon.colcon_core.package_identification:_identify(src/ROS-TCP-Connector/TestRosTcpConnector/Assets/Presets) by extensions ['colcon_meta']
[0.233s] Level 1:colcon.colcon_core.package_identification:_identify(src/ROS-TCP-Connector/TestRosTcpConnector/Assets/Presets) by extension 'colcon_meta'
[0.233s] Level 1:colcon.colcon_core.package_identification:_identify(src/ROS-TCP-Connector/TestRosTcpConnector/Assets/Presets) by extensions ['ros']
[0.233s] Level 1:colcon.colcon_core.package_identification:_identify(src/ROS-TCP-Connector/TestRosTcpConnector/Assets/Presets) by extension 'ros'
[0.233s] Level 1:colcon.colcon_core.package_identification:_identify(src/ROS-TCP-Connector/TestRosTcpConnector/Assets/Presets) by extensions ['cmake', 'python']
[0.233s] Level 1:colcon.colcon_core.package_identification:_identify(src/ROS-TCP-Connector/TestRosTcpConnector/Assets/Presets) by extension 'cmake'
[0.233s] Level 1:colcon.colcon_core.package_identification:_identify(src/ROS-TCP-Connector/TestRosTcpConnector/Assets/Presets) by extension 'python'
[0.233s] Level 1:colcon.colcon_core.package_identification:_identify(src/ROS-TCP-Connector/TestRosTcpConnector/Assets/Presets) by extensions ['python_setup_py']
[0.233s] Level 1:colcon.colcon_core.package_identification:_identify(src/ROS-TCP-Connector/TestRosTcpConnector/Assets/Presets) by extension 'python_setup_py'
[0.233s] Level 1:colcon.colcon_core.package_identification:_identify(src/ROS-TCP-Connector/TestRosTcpConnector/Assets/Presets/Defaults) by extensions ['ignore', 'ignore_ament_install']
[0.233s] Level 1:colcon.colcon_core.package_identification:_identify(src/ROS-TCP-Connector/TestRosTcpConnector/Assets/Presets/Defaults) by extension 'ignore'
[0.233s] Level 1:colcon.colcon_core.package_identification:_identify(src/ROS-TCP-Connector/TestRosTcpConnector/Assets/Presets/Defaults) by extension 'ignore_ament_install'
[0.233s] Level 1:colcon.colcon_core.package_identification:_identify(src/ROS-TCP-Connector/TestRosTcpConnector/Assets/Presets/Defaults) by extensions ['colcon_pkg']
[0.233s] Level 1:colcon.colcon_core.package_identification:_identify(src/ROS-TCP-Connector/TestRosTcpConnector/Assets/Presets/Defaults) by extension 'colcon_pkg'
[0.233s] Level 1:colcon.colcon_core.package_identification:_identify(src/ROS-TCP-Connector/TestRosTcpConnector/Assets/Presets/Defaults) by extensions ['colcon_meta']
[0.233s] Level 1:colcon.colcon_core.package_identification:_identify(src/ROS-TCP-Connector/TestRosTcpConnector/Assets/Presets/Defaults) by extension 'colcon_meta'
[0.233s] Level 1:colcon.colcon_core.package_identification:_identify(src/ROS-TCP-Connector/TestRosTcpConnector/Assets/Presets/Defaults) by extensions ['ros']
[0.233s] Level 1:colcon.colcon_core.package_identification:_identify(src/ROS-TCP-Connector/TestRosTcpConnector/Assets/Presets/Defaults) by extension 'ros'
[0.233s] Level 1:colcon.colcon_core.package_identification:_identify(src/ROS-TCP-Connector/TestRosTcpConnector/Assets/Presets/Defaults) by extensions ['cmake', 'python']
[0.233s] Level 1:colcon.colcon_core.package_identification:_identify(src/ROS-TCP-Connector/TestRosTcpConnector/Assets/Presets/Defaults) by extension 'cmake'
[0.233s] Level 1:colcon.colcon_core.package_identification:_identify(src/ROS-TCP-Connector/TestRosTcpConnector/Assets/Presets/Defaults) by extension 'python'
[0.233s] Level 1:colcon.colcon_core.package_identification:_identify(src/ROS-TCP-Connector/TestRosTcpConnector/Assets/Presets/Defaults) by extensions ['python_setup_py']
[0.233s] Level 1:colcon.colcon_core.package_identification:_identify(src/ROS-TCP-Connector/TestRosTcpConnector/Assets/Presets/Defaults) by extension 'python_setup_py'
[0.233s] Level 1:colcon.colcon_core.package_identification:_identify(src/ROS-TCP-Connector/TestRosTcpConnector/Assets/Resources) by extensions ['ignore', 'ignore_ament_install']
[0.233s] Level 1:colcon.colcon_core.package_identification:_identify(src/ROS-TCP-Connector/TestRosTcpConnector/Assets/Resources) by extension 'ignore'
[0.233s] Level 1:colcon.colcon_core.package_identification:_identify(src/ROS-TCP-Connector/TestRosTcpConnector/Assets/Resources) by extension 'ignore_ament_install'
[0.233s] Level 1:colcon.colcon_core.package_identification:_identify(src/ROS-TCP-Connector/TestRosTcpConnector/Assets/Resources) by extensions ['colcon_pkg']
[0.233s] Level 1:colcon.colcon_core.package_identification:_identify(src/ROS-TCP-Connector/TestRosTcpConnector/Assets/Resources) by extension 'colcon_pkg'
[0.233s] Level 1:colcon.colcon_core.package_identification:_identify(src/ROS-TCP-Connector/TestRosTcpConnector/Assets/Resources) by extensions ['colcon_meta']
[0.233s] Level 1:colcon.colcon_core.package_identification:_identify(src/ROS-TCP-Connector/TestRosTcpConnector/Assets/Resources) by extension 'colcon_meta'
[0.233s] Level 1:colcon.colcon_core.package_identification:_identify(src/ROS-TCP-Connector/TestRosTcpConnector/Assets/Resources) by extensions ['ros']
[0.233s] Level 1:colcon.colcon_core.package_identification:_identify(src/ROS-TCP-Connector/TestRosTcpConnector/Assets/Resources) by extension 'ros'
[0.233s] Level 1:colcon.colcon_core.package_identification:_identify(src/ROS-TCP-Connector/TestRosTcpConnector/Assets/Resources) by extensions ['cmake', 'python']
[0.233s] Level 1:colcon.colcon_core.package_identification:_identify(src/ROS-TCP-Connector/TestRosTcpConnector/Assets/Resources) by extension 'cmake'
[0.233s] Level 1:colcon.colcon_core.package_identification:_identify(src/ROS-TCP-Connector/TestRosTcpConnector/Assets/Resources) by extension 'python'
[0.233s] Level 1:colcon.colcon_core.package_identification:_identify(src/ROS-TCP-Connector/TestRosTcpConnector/Assets/Resources) by extensions ['python_setup_py']
[0.233s] Level 1:colcon.colcon_core.package_identification:_identify(src/ROS-TCP-Connector/TestRosTcpConnector/Assets/Resources) by extension 'python_setup_py'
[0.234s] Level 1:colcon.colcon_core.package_identification:_identify(src/ROS-TCP-Connector/TestRosTcpConnector/Assets/Scenes) by extensions ['ignore', 'ignore_ament_install']
[0.234s] Level 1:colcon.colcon_core.package_identification:_identify(src/ROS-TCP-Connector/TestRosTcpConnector/Assets/Scenes) by extension 'ignore'
[0.234s] Level 1:colcon.colcon_core.package_identification:_identify(src/ROS-TCP-Connector/TestRosTcpConnector/Assets/Scenes) by extension 'ignore_ament_install'
[0.234s] Level 1:colcon.colcon_core.package_identification:_identify(src/ROS-TCP-Connector/TestRosTcpConnector/Assets/Scenes) by extensions ['colcon_pkg']
[0.234s] Level 1:colcon.colcon_core.package_identification:_identify(src/ROS-TCP-Connector/TestRosTcpConnector/Assets/Scenes) by extension 'colcon_pkg'
[0.234s] Level 1:colcon.colcon_core.package_identification:_identify(src/ROS-TCP-Connector/TestRosTcpConnector/Assets/Scenes) by extensions ['colcon_meta']
[0.234s] Level 1:colcon.colcon_core.package_identification:_identify(src/ROS-TCP-Connector/TestRosTcpConnector/Assets/Scenes) by extension 'colcon_meta'
[0.234s] Level 1:colcon.colcon_core.package_identification:_identify(src/ROS-TCP-Connector/TestRosTcpConnector/Assets/Scenes) by extensions ['ros']
[0.234s] Level 1:colcon.colcon_core.package_identification:_identify(src/ROS-TCP-Connector/TestRosTcpConnector/Assets/Scenes) by extension 'ros'
[0.234s] Level 1:colcon.colcon_core.package_identification:_identify(src/ROS-TCP-Connector/TestRosTcpConnector/Assets/Scenes) by extensions ['cmake', 'python']
[0.234s] Level 1:colcon.colcon_core.package_identification:_identify(src/ROS-TCP-Connector/TestRosTcpConnector/Assets/Scenes) by extension 'cmake'
[0.234s] Level 1:colcon.colcon_core.package_identification:_identify(src/ROS-TCP-Connector/TestRosTcpConnector/Assets/Scenes) by extension 'python'
[0.234s] Level 1:colcon.colcon_core.package_identification:_identify(src/ROS-TCP-Connector/TestRosTcpConnector/Assets/Scenes) by extensions ['python_setup_py']
[0.234s] Level 1:colcon.colcon_core.package_identification:_identify(src/ROS-TCP-Connector/TestRosTcpConnector/Assets/Scenes) by extension 'python_setup_py'
[0.234s] Level 1:colcon.colcon_core.package_identification:_identify(src/ROS-TCP-Connector/TestRosTcpConnector/Assets/Settings) by extensions ['ignore', 'ignore_ament_install']
[0.234s] Level 1:colcon.colcon_core.package_identification:_identify(src/ROS-TCP-Connector/TestRosTcpConnector/Assets/Settings) by extension 'ignore'
[0.234s] Level 1:colcon.colcon_core.package_identification:_identify(src/ROS-TCP-Connector/TestRosTcpConnector/Assets/Settings) by extension 'ignore_ament_install'
[0.234s] Level 1:colcon.colcon_core.package_identification:_identify(src/ROS-TCP-Connector/TestRosTcpConnector/Assets/Settings) by extensions ['colcon_pkg']
[0.234s] Level 1:colcon.colcon_core.package_identification:_identify(src/ROS-TCP-Connector/TestRosTcpConnector/Assets/Settings) by extension 'colcon_pkg'
[0.234s] Level 1:colcon.colcon_core.package_identification:_identify(src/ROS-TCP-Connector/TestRosTcpConnector/Assets/Settings) by extensions ['colcon_meta']
[0.234s] Level 1:colcon.colcon_core.package_identification:_identify(src/ROS-TCP-Connector/TestRosTcpConnector/Assets/Settings) by extension 'colcon_meta'
[0.234s] Level 1:colcon.colcon_core.package_identification:_identify(src/ROS-TCP-Connector/TestRosTcpConnector/Assets/Settings) by extensions ['ros']
[0.234s] Level 1:colcon.colcon_core.package_identification:_identify(src/ROS-TCP-Connector/TestRosTcpConnector/Assets/Settings) by extension 'ros'
[0.234s] Level 1:colcon.colcon_core.package_identification:_identify(src/ROS-TCP-Connector/TestRosTcpConnector/Assets/Settings) by extensions ['cmake', 'python']
[0.234s] Level 1:colcon.colcon_core.package_identification:_identify(src/ROS-TCP-Connector/TestRosTcpConnector/Assets/Settings) by extension 'cmake'
[0.234s] Level 1:colcon.colcon_core.package_identification:_identify(src/ROS-TCP-Connector/TestRosTcpConnector/Assets/Settings) by extension 'python'
[0.234s] Level 1:colcon.colcon_core.package_identification:_identify(src/ROS-TCP-Connector/TestRosTcpConnector/Assets/Settings) by extensions ['python_setup_py']
[0.234s] Level 1:colcon.colcon_core.package_identification:_identify(src/ROS-TCP-Connector/TestRosTcpConnector/Assets/Settings) by extension 'python_setup_py'
[0.234s] Level 1:colcon.colcon_core.package_identification:_identify(src/ROS-TCP-Connector/TestRosTcpConnector/Packages) by extensions ['ignore', 'ignore_ament_install']
[0.234s] Level 1:colcon.colcon_core.package_identification:_identify(src/ROS-TCP-Connector/TestRosTcpConnector/Packages) by extension 'ignore'
[0.234s] Level 1:colcon.colcon_core.package_identification:_identify(src/ROS-TCP-Connector/TestRosTcpConnector/Packages) by extension 'ignore_ament_install'
[0.234s] Level 1:colcon.colcon_core.package_identification:_identify(src/ROS-TCP-Connector/TestRosTcpConnector/Packages) by extensions ['colcon_pkg']
[0.234s] Level 1:colcon.colcon_core.package_identification:_identify(src/ROS-TCP-Connector/TestRosTcpConnector/Packages) by extension 'colcon_pkg'
[0.234s] Level 1:colcon.colcon_core.package_identification:_identify(src/ROS-TCP-Connector/TestRosTcpConnector/Packages) by extensions ['colcon_meta']
[0.235s] Level 1:colcon.colcon_core.package_identification:_identify(src/ROS-TCP-Connector/TestRosTcpConnector/Packages) by extension 'colcon_meta'
[0.235s] Level 1:colcon.colcon_core.package_identification:_identify(src/ROS-TCP-Connector/TestRosTcpConnector/Packages) by extensions ['ros']
[0.235s] Level 1:colcon.colcon_core.package_identification:_identify(src/ROS-TCP-Connector/TestRosTcpConnector/Packages) by extension 'ros'
[0.235s] Level 1:colcon.colcon_core.package_identification:_identify(src/ROS-TCP-Connector/TestRosTcpConnector/Packages) by extensions ['cmake', 'python']
[0.235s] Level 1:colcon.colcon_core.package_identification:_identify(src/ROS-TCP-Connector/TestRosTcpConnector/Packages) by extension 'cmake'
[0.235s] Level 1:colcon.colcon_core.package_identification:_identify(src/ROS-TCP-Connector/TestRosTcpConnector/Packages) by extension 'python'
[0.235s] Level 1:colcon.colcon_core.package_identification:_identify(src/ROS-TCP-Connector/TestRosTcpConnector/Packages) by extensions ['python_setup_py']
[0.235s] Level 1:colcon.colcon_core.package_identification:_identify(src/ROS-TCP-Connector/TestRosTcpConnector/Packages) by extension 'python_setup_py'
[0.235s] Level 1:colcon.colcon_core.package_identification:_identify(src/ROS-TCP-Connector/TestRosTcpConnector/ProjectSettings) by extensions ['ignore', 'ignore_ament_install']
[0.235s] Level 1:colcon.colcon_core.package_identification:_identify(src/ROS-TCP-Connector/TestRosTcpConnector/ProjectSettings) by extension 'ignore'
[0.235s] Level 1:colcon.colcon_core.package_identification:_identify(src/ROS-TCP-Connector/TestRosTcpConnector/ProjectSettings) by extension 'ignore_ament_install'
[0.235s] Level 1:colcon.colcon_core.package_identification:_identify(src/ROS-TCP-Connector/TestRosTcpConnector/ProjectSettings) by extensions ['colcon_pkg']
[0.235s] Level 1:colcon.colcon_core.package_identification:_identify(src/ROS-TCP-Connector/TestRosTcpConnector/ProjectSettings) by extension 'colcon_pkg'
[0.235s] Level 1:colcon.colcon_core.package_identification:_identify(src/ROS-TCP-Connector/TestRosTcpConnector/ProjectSettings) by extensions ['colcon_meta']
[0.235s] Level 1:colcon.colcon_core.package_identification:_identify(src/ROS-TCP-Connector/TestRosTcpConnector/ProjectSettings) by extension 'colcon_meta'
[0.235s] Level 1:colcon.colcon_core.package_identification:_identify(src/ROS-TCP-Connector/TestRosTcpConnector/ProjectSettings) by extensions ['ros']
[0.235s] Level 1:colcon.colcon_core.package_identification:_identify(src/ROS-TCP-Connector/TestRosTcpConnector/ProjectSettings) by extension 'ros'
[0.235s] Level 1:colcon.colcon_core.package_identification:_identify(src/ROS-TCP-Connector/TestRosTcpConnector/ProjectSettings) by extensions ['cmake', 'python']
[0.235s] Level 1:colcon.colcon_core.package_identification:_identify(src/ROS-TCP-Connector/TestRosTcpConnector/ProjectSettings) by extension 'cmake'
[0.235s] Level 1:colcon.colcon_core.package_identification:_identify(src/ROS-TCP-Connector/TestRosTcpConnector/ProjectSettings) by extension 'python'
[0.235s] Level 1:colcon.colcon_core.package_identification:_identify(src/ROS-TCP-Connector/TestRosTcpConnector/ProjectSettings) by extensions ['python_setup_py']
[0.235s] Level 1:colcon.colcon_core.package_identification:_identify(src/ROS-TCP-Connector/TestRosTcpConnector/ProjectSettings) by extension 'python_setup_py'
[0.235s] Level 1:colcon.colcon_core.package_identification:_identify(src/ROS-TCP-Connector/TestRosTcpConnector/ProjectSettings/Packages) by extensions ['ignore', 'ignore_ament_install']
[0.235s] Level 1:colcon.colcon_core.package_identification:_identify(src/ROS-TCP-Connector/TestRosTcpConnector/ProjectSettings/Packages) by extension 'ignore'
[0.235s] Level 1:colcon.colcon_core.package_identification:_identify(src/ROS-TCP-Connector/TestRosTcpConnector/ProjectSettings/Packages) by extension 'ignore_ament_install'
[0.235s] Level 1:colcon.colcon_core.package_identification:_identify(src/ROS-TCP-Connector/TestRosTcpConnector/ProjectSettings/Packages) by extensions ['colcon_pkg']
[0.235s] Level 1:colcon.colcon_core.package_identification:_identify(src/ROS-TCP-Connector/TestRosTcpConnector/ProjectSettings/Packages) by extension 'colcon_pkg'
[0.235s] Level 1:colcon.colcon_core.package_identification:_identify(src/ROS-TCP-Connector/TestRosTcpConnector/ProjectSettings/Packages) by extensions ['colcon_meta']
[0.235s] Level 1:colcon.colcon_core.package_identification:_identify(src/ROS-TCP-Connector/TestRosTcpConnector/ProjectSettings/Packages) by extension 'colcon_meta'
[0.235s] Level 1:colcon.colcon_core.package_identification:_identify(src/ROS-TCP-Connector/TestRosTcpConnector/ProjectSettings/Packages) by extensions ['ros']
[0.235s] Level 1:colcon.colcon_core.package_identification:_identify(src/ROS-TCP-Connector/TestRosTcpConnector/ProjectSettings/Packages) by extension 'ros'
[0.235s] Level 1:colcon.colcon_core.package_identification:_identify(src/ROS-TCP-Connector/TestRosTcpConnector/ProjectSettings/Packages) by extensions ['cmake', 'python']
[0.235s] Level 1:colcon.colcon_core.package_identification:_identify(src/ROS-TCP-Connector/TestRosTcpConnector/ProjectSettings/Packages) by extension 'cmake'
[0.235s] Level 1:colcon.colcon_core.package_identification:_identify(src/ROS-TCP-Connector/TestRosTcpConnector/ProjectSettings/Packages) by extension 'python'
[0.235s] Level 1:colcon.colcon_core.package_identification:_identify(src/ROS-TCP-Connector/TestRosTcpConnector/ProjectSettings/Packages) by extensions ['python_setup_py']
[0.235s] Level 1:colcon.colcon_core.package_identification:_identify(src/ROS-TCP-Connector/TestRosTcpConnector/ProjectSettings/Packages) by extension 'python_setup_py'
[0.236s] Level 1:colcon.colcon_core.package_identification:_identify(src/ROS-TCP-Connector/TestRosTcpConnector/ProjectSettings/Packages/com.unity.testtools.codecoverage) by extensions ['ignore', 'ignore_ament_install']
[0.236s] Level 1:colcon.colcon_core.package_identification:_identify(src/ROS-TCP-Connector/TestRosTcpConnector/ProjectSettings/Packages/com.unity.testtools.codecoverage) by extension 'ignore'
[0.236s] Level 1:colcon.colcon_core.package_identification:_identify(src/ROS-TCP-Connector/TestRosTcpConnector/ProjectSettings/Packages/com.unity.testtools.codecoverage) by extension 'ignore_ament_install'
[0.236s] Level 1:colcon.colcon_core.package_identification:_identify(src/ROS-TCP-Connector/TestRosTcpConnector/ProjectSettings/Packages/com.unity.testtools.codecoverage) by extensions ['colcon_pkg']
[0.236s] Level 1:colcon.colcon_core.package_identification:_identify(src/ROS-TCP-Connector/TestRosTcpConnector/ProjectSettings/Packages/com.unity.testtools.codecoverage) by extension 'colcon_pkg'
[0.236s] Level 1:colcon.colcon_core.package_identification:_identify(src/ROS-TCP-Connector/TestRosTcpConnector/ProjectSettings/Packages/com.unity.testtools.codecoverage) by extensions ['colcon_meta']
[0.236s] Level 1:colcon.colcon_core.package_identification:_identify(src/ROS-TCP-Connector/TestRosTcpConnector/ProjectSettings/Packages/com.unity.testtools.codecoverage) by extension 'colcon_meta'
[0.236s] Level 1:colcon.colcon_core.package_identification:_identify(src/ROS-TCP-Connector/TestRosTcpConnector/ProjectSettings/Packages/com.unity.testtools.codecoverage) by extensions ['ros']
[0.236s] Level 1:colcon.colcon_core.package_identification:_identify(src/ROS-TCP-Connector/TestRosTcpConnector/ProjectSettings/Packages/com.unity.testtools.codecoverage) by extension 'ros'
[0.236s] Level 1:colcon.colcon_core.package_identification:_identify(src/ROS-TCP-Connector/TestRosTcpConnector/ProjectSettings/Packages/com.unity.testtools.codecoverage) by extensions ['cmake', 'python']
[0.236s] Level 1:colcon.colcon_core.package_identification:_identify(src/ROS-TCP-Connector/TestRosTcpConnector/ProjectSettings/Packages/com.unity.testtools.codecoverage) by extension 'cmake'
[0.236s] Level 1:colcon.colcon_core.package_identification:_identify(src/ROS-TCP-Connector/TestRosTcpConnector/ProjectSettings/Packages/com.unity.testtools.codecoverage) by extension 'python'
[0.236s] Level 1:colcon.colcon_core.package_identification:_identify(src/ROS-TCP-Connector/TestRosTcpConnector/ProjectSettings/Packages/com.unity.testtools.codecoverage) by extensions ['python_setup_py']
[0.236s] Level 1:colcon.colcon_core.package_identification:_identify(src/ROS-TCP-Connector/TestRosTcpConnector/ProjectSettings/Packages/com.unity.testtools.codecoverage) by extension 'python_setup_py'
[0.236s] Level 1:colcon.colcon_core.package_identification:_identify(src/ROS-TCP-Connector/com.unity.robotics.ros-tcp-connector) by extensions ['ignore', 'ignore_ament_install']
[0.236s] Level 1:colcon.colcon_core.package_identification:_identify(src/ROS-TCP-Connector/com.unity.robotics.ros-tcp-connector) by extension 'ignore'
[0.236s] Level 1:colcon.colcon_core.package_identification:_identify(src/ROS-TCP-Connector/com.unity.robotics.ros-tcp-connector) by extension 'ignore_ament_install'
[0.236s] Level 1:colcon.colcon_core.package_identification:_identify(src/ROS-TCP-Connector/com.unity.robotics.ros-tcp-connector) by extensions ['colcon_pkg']
[0.236s] Level 1:colcon.colcon_core.package_identification:_identify(src/ROS-TCP-Connector/com.unity.robotics.ros-tcp-connector) by extension 'colcon_pkg'
[0.236s] Level 1:colcon.colcon_core.package_identification:_identify(src/ROS-TCP-Connector/com.unity.robotics.ros-tcp-connector) by extensions ['colcon_meta']
[0.236s] Level 1:colcon.colcon_core.package_identification:_identify(src/ROS-TCP-Connector/com.unity.robotics.ros-tcp-connector) by extension 'colcon_meta'
[0.236s] Level 1:colcon.colcon_core.package_identification:_identify(src/ROS-TCP-Connector/com.unity.robotics.ros-tcp-connector) by extensions ['ros']
[0.236s] Level 1:colcon.colcon_core.package_identification:_identify(src/ROS-TCP-Connector/com.unity.robotics.ros-tcp-connector) by extension 'ros'
[0.236s] Level 1:colcon.colcon_core.package_identification:_identify(src/ROS-TCP-Connector/com.unity.robotics.ros-tcp-connector) by extensions ['cmake', 'python']
[0.236s] Level 1:colcon.colcon_core.package_identification:_identify(src/ROS-TCP-Connector/com.unity.robotics.ros-tcp-connector) by extension 'cmake'
[0.236s] Level 1:colcon.colcon_core.package_identification:_identify(src/ROS-TCP-Connector/com.unity.robotics.ros-tcp-connector) by extension 'python'
[0.236s] Level 1:colcon.colcon_core.package_identification:_identify(src/ROS-TCP-Connector/com.unity.robotics.ros-tcp-connector) by extensions ['python_setup_py']
[0.236s] Level 1:colcon.colcon_core.package_identification:_identify(src/ROS-TCP-Connector/com.unity.robotics.ros-tcp-connector) by extension 'python_setup_py'
[0.236s] Level 1:colcon.colcon_core.package_identification:_identify(src/ROS-TCP-Connector/com.unity.robotics.ros-tcp-connector/Editor) by extensions ['ignore', 'ignore_ament_install']
[0.236s] Level 1:colcon.colcon_core.package_identification:_identify(src/ROS-TCP-Connector/com.unity.robotics.ros-tcp-connector/Editor) by extension 'ignore'
[0.236s] Level 1:colcon.colcon_core.package_identification:_identify(src/ROS-TCP-Connector/com.unity.robotics.ros-tcp-connector/Editor) by extension 'ignore_ament_install'
[0.236s] Level 1:colcon.colcon_core.package_identification:_identify(src/ROS-TCP-Connector/com.unity.robotics.ros-tcp-connector/Editor) by extensions ['colcon_pkg']
[0.236s] Level 1:colcon.colcon_core.package_identification:_identify(src/ROS-TCP-Connector/com.unity.robotics.ros-tcp-connector/Editor) by extension 'colcon_pkg'
[0.236s] Level 1:colcon.colcon_core.package_identification:_identify(src/ROS-TCP-Connector/com.unity.robotics.ros-tcp-connector/Editor) by extensions ['colcon_meta']
[0.237s] Level 1:colcon.colcon_core.package_identification:_identify(src/ROS-TCP-Connector/com.unity.robotics.ros-tcp-connector/Editor) by extension 'colcon_meta'
[0.237s] Level 1:colcon.colcon_core.package_identification:_identify(src/ROS-TCP-Connector/com.unity.robotics.ros-tcp-connector/Editor) by extensions ['ros']
[0.237s] Level 1:colcon.colcon_core.package_identification:_identify(src/ROS-TCP-Connector/com.unity.robotics.ros-tcp-connector/Editor) by extension 'ros'
[0.237s] Level 1:colcon.colcon_core.package_identification:_identify(src/ROS-TCP-Connector/com.unity.robotics.ros-tcp-connector/Editor) by extensions ['cmake', 'python']
[0.237s] Level 1:colcon.colcon_core.package_identification:_identify(src/ROS-TCP-Connector/com.unity.robotics.ros-tcp-connector/Editor) by extension 'cmake'
[0.237s] Level 1:colcon.colcon_core.package_identification:_identify(src/ROS-TCP-Connector/com.unity.robotics.ros-tcp-connector/Editor) by extension 'python'
[0.237s] Level 1:colcon.colcon_core.package_identification:_identify(src/ROS-TCP-Connector/com.unity.robotics.ros-tcp-connector/Editor) by extensions ['python_setup_py']
[0.237s] Level 1:colcon.colcon_core.package_identification:_identify(src/ROS-TCP-Connector/com.unity.robotics.ros-tcp-connector/Editor) by extension 'python_setup_py'
[0.237s] Level 1:colcon.colcon_core.package_identification:_identify(src/ROS-TCP-Connector/com.unity.robotics.ros-tcp-connector/Editor/MessageGeneration) by extensions ['ignore', 'ignore_ament_install']
[0.237s] Level 1:colcon.colcon_core.package_identification:_identify(src/ROS-TCP-Connector/com.unity.robotics.ros-tcp-connector/Editor/MessageGeneration) by extension 'ignore'
[0.237s] Level 1:colcon.colcon_core.package_identification:_identify(src/ROS-TCP-Connector/com.unity.robotics.ros-tcp-connector/Editor/MessageGeneration) by extension 'ignore_ament_install'
[0.237s] Level 1:colcon.colcon_core.package_identification:_identify(src/ROS-TCP-Connector/com.unity.robotics.ros-tcp-connector/Editor/MessageGeneration) by extensions ['colcon_pkg']
[0.237s] Level 1:colcon.colcon_core.package_identification:_identify(src/ROS-TCP-Connector/com.unity.robotics.ros-tcp-connector/Editor/MessageGeneration) by extension 'colcon_pkg'
[0.237s] Level 1:colcon.colcon_core.package_identification:_identify(src/ROS-TCP-Connector/com.unity.robotics.ros-tcp-connector/Editor/MessageGeneration) by extensions ['colcon_meta']
[0.237s] Level 1:colcon.colcon_core.package_identification:_identify(src/ROS-TCP-Connector/com.unity.robotics.ros-tcp-connector/Editor/MessageGeneration) by extension 'colcon_meta'
[0.237s] Level 1:colcon.colcon_core.package_identification:_identify(src/ROS-TCP-Connector/com.unity.robotics.ros-tcp-connector/Editor/MessageGeneration) by extensions ['ros']
[0.237s] Level 1:colcon.colcon_core.package_identification:_identify(src/ROS-TCP-Connector/com.unity.robotics.ros-tcp-connector/Editor/MessageGeneration) by extension 'ros'
[0.237s] Level 1:colcon.colcon_core.package_identification:_identify(src/ROS-TCP-Connector/com.unity.robotics.ros-tcp-connector/Editor/MessageGeneration) by extensions ['cmake', 'python']
[0.237s] Level 1:colcon.colcon_core.package_identification:_identify(src/ROS-TCP-Connector/com.unity.robotics.ros-tcp-connector/Editor/MessageGeneration) by extension 'cmake'
[0.237s] Level 1:colcon.colcon_core.package_identification:_identify(src/ROS-TCP-Connector/com.unity.robotics.ros-tcp-connector/Editor/MessageGeneration) by extension 'python'
[0.237s] Level 1:colcon.colcon_core.package_identification:_identify(src/ROS-TCP-Connector/com.unity.robotics.ros-tcp-connector/Editor/MessageGeneration) by extensions ['python_setup_py']
[0.237s] Level 1:colcon.colcon_core.package_identification:_identify(src/ROS-TCP-Connector/com.unity.robotics.ros-tcp-connector/Editor/MessageGeneration) by extension 'python_setup_py'
[0.237s] Level 1:colcon.colcon_core.package_identification:_identify(src/ROS-TCP-Connector/com.unity.robotics.ros-tcp-connector/Runtime) by extensions ['ignore', 'ignore_ament_install']
[0.237s] Level 1:colcon.colcon_core.package_identification:_identify(src/ROS-TCP-Connector/com.unity.robotics.ros-tcp-connector/Runtime) by extension 'ignore'
[0.237s] Level 1:colcon.colcon_core.package_identification:_identify(src/ROS-TCP-Connector/com.unity.robotics.ros-tcp-connector/Runtime) by extension 'ignore_ament_install'
[0.237s] Level 1:colcon.colcon_core.package_identification:_identify(src/ROS-TCP-Connector/com.unity.robotics.ros-tcp-connector/Runtime) by extensions ['colcon_pkg']
[0.237s] Level 1:colcon.colcon_core.package_identification:_identify(src/ROS-TCP-Connector/com.unity.robotics.ros-tcp-connector/Runtime) by extension 'colcon_pkg'
[0.237s] Level 1:colcon.colcon_core.package_identification:_identify(src/ROS-TCP-Connector/com.unity.robotics.ros-tcp-connector/Runtime) by extensions ['colcon_meta']
[0.237s] Level 1:colcon.colcon_core.package_identification:_identify(src/ROS-TCP-Connector/com.unity.robotics.ros-tcp-connector/Runtime) by extension 'colcon_meta'
[0.237s] Level 1:colcon.colcon_core.package_identification:_identify(src/ROS-TCP-Connector/com.unity.robotics.ros-tcp-connector/Runtime) by extensions ['ros']
[0.237s] Level 1:colcon.colcon_core.package_identification:_identify(src/ROS-TCP-Connector/com.unity.robotics.ros-tcp-connector/Runtime) by extension 'ros'
[0.237s] Level 1:colcon.colcon_core.package_identification:_identify(src/ROS-TCP-Connector/com.unity.robotics.ros-tcp-connector/Runtime) by extensions ['cmake', 'python']
[0.237s] Level 1:colcon.colcon_core.package_identification:_identify(src/ROS-TCP-Connector/com.unity.robotics.ros-tcp-connector/Runtime) by extension 'cmake'
[0.237s] Level 1:colcon.colcon_core.package_identification:_identify(src/ROS-TCP-Connector/com.unity.robotics.ros-tcp-connector/Runtime) by extension 'python'
[0.238s] Level 1:colcon.colcon_core.package_identification:_identify(src/ROS-TCP-Connector/com.unity.robotics.ros-tcp-connector/Runtime) by extensions ['python_setup_py']
[0.238s] Level 1:colcon.colcon_core.package_identification:_identify(src/ROS-TCP-Connector/com.unity.robotics.ros-tcp-connector/Runtime) by extension 'python_setup_py'
[0.238s] Level 1:colcon.colcon_core.package_identification:_identify(src/ROS-TCP-Connector/com.unity.robotics.ros-tcp-connector/Runtime/Extensions) by extensions ['ignore', 'ignore_ament_install']
[0.238s] Level 1:colcon.colcon_core.package_identification:_identify(src/ROS-TCP-Connector/com.unity.robotics.ros-tcp-connector/Runtime/Extensions) by extension 'ignore'
[0.238s] Level 1:colcon.colcon_core.package_identification:_identify(src/ROS-TCP-Connector/com.unity.robotics.ros-tcp-connector/Runtime/Extensions) by extension 'ignore_ament_install'
[0.238s] Level 1:colcon.colcon_core.package_identification:_identify(src/ROS-TCP-Connector/com.unity.robotics.ros-tcp-connector/Runtime/Extensions) by extensions ['colcon_pkg']
[0.238s] Level 1:colcon.colcon_core.package_identification:_identify(src/ROS-TCP-Connector/com.unity.robotics.ros-tcp-connector/Runtime/Extensions) by extension 'colcon_pkg'
[0.238s] Level 1:colcon.colcon_core.package_identification:_identify(src/ROS-TCP-Connector/com.unity.robotics.ros-tcp-connector/Runtime/Extensions) by extensions ['colcon_meta']
[0.238s] Level 1:colcon.colcon_core.package_identification:_identify(src/ROS-TCP-Connector/com.unity.robotics.ros-tcp-connector/Runtime/Extensions) by extension 'colcon_meta'
[0.238s] Level 1:colcon.colcon_core.package_identification:_identify(src/ROS-TCP-Connector/com.unity.robotics.ros-tcp-connector/Runtime/Extensions) by extensions ['ros']
[0.238s] Level 1:colcon.colcon_core.package_identification:_identify(src/ROS-TCP-Connector/com.unity.robotics.ros-tcp-connector/Runtime/Extensions) by extension 'ros'
[0.238s] Level 1:colcon.colcon_core.package_identification:_identify(src/ROS-TCP-Connector/com.unity.robotics.ros-tcp-connector/Runtime/Extensions) by extensions ['cmake', 'python']
[0.238s] Level 1:colcon.colcon_core.package_identification:_identify(src/ROS-TCP-Connector/com.unity.robotics.ros-tcp-connector/Runtime/Extensions) by extension 'cmake'
[0.238s] Level 1:colcon.colcon_core.package_identification:_identify(src/ROS-TCP-Connector/com.unity.robotics.ros-tcp-connector/Runtime/Extensions) by extension 'python'
[0.238s] Level 1:colcon.colcon_core.package_identification:_identify(src/ROS-TCP-Connector/com.unity.robotics.ros-tcp-connector/Runtime/Extensions) by extensions ['python_setup_py']
[0.238s] Level 1:colcon.colcon_core.package_identification:_identify(src/ROS-TCP-Connector/com.unity.robotics.ros-tcp-connector/Runtime/Extensions) by extension 'python_setup_py'
[0.238s] Level 1:colcon.colcon_core.package_identification:_identify(src/ROS-TCP-Connector/com.unity.robotics.ros-tcp-connector/Runtime/MessageGeneration) by extensions ['ignore', 'ignore_ament_install']
[0.238s] Level 1:colcon.colcon_core.package_identification:_identify(src/ROS-TCP-Connector/com.unity.robotics.ros-tcp-connector/Runtime/MessageGeneration) by extension 'ignore'
[0.238s] Level 1:colcon.colcon_core.package_identification:_identify(src/ROS-TCP-Connector/com.unity.robotics.ros-tcp-connector/Runtime/MessageGeneration) by extension 'ignore_ament_install'
[0.238s] Level 1:colcon.colcon_core.package_identification:_identify(src/ROS-TCP-Connector/com.unity.robotics.ros-tcp-connector/Runtime/MessageGeneration) by extensions ['colcon_pkg']
[0.238s] Level 1:colcon.colcon_core.package_identification:_identify(src/ROS-TCP-Connector/com.unity.robotics.ros-tcp-connector/Runtime/MessageGeneration) by extension 'colcon_pkg'
[0.238s] Level 1:colcon.colcon_core.package_identification:_identify(src/ROS-TCP-Connector/com.unity.robotics.ros-tcp-connector/Runtime/MessageGeneration) by extensions ['colcon_meta']
[0.238s] Level 1:colcon.colcon_core.package_identification:_identify(src/ROS-TCP-Connector/com.unity.robotics.ros-tcp-connector/Runtime/MessageGeneration) by extension 'colcon_meta'
[0.238s] Level 1:colcon.colcon_core.package_identification:_identify(src/ROS-TCP-Connector/com.unity.robotics.ros-tcp-connector/Runtime/MessageGeneration) by extensions ['ros']
[0.238s] Level 1:colcon.colcon_core.package_identification:_identify(src/ROS-TCP-Connector/com.unity.robotics.ros-tcp-connector/Runtime/MessageGeneration) by extension 'ros'
[0.238s] Level 1:colcon.colcon_core.package_identification:_identify(src/ROS-TCP-Connector/com.unity.robotics.ros-tcp-connector/Runtime/MessageGeneration) by extensions ['cmake', 'python']
[0.238s] Level 1:colcon.colcon_core.package_identification:_identify(src/ROS-TCP-Connector/com.unity.robotics.ros-tcp-connector/Runtime/MessageGeneration) by extension 'cmake'
[0.238s] Level 1:colcon.colcon_core.package_identification:_identify(src/ROS-TCP-Connector/com.unity.robotics.ros-tcp-connector/Runtime/MessageGeneration) by extension 'python'
[0.238s] Level 1:colcon.colcon_core.package_identification:_identify(src/ROS-TCP-Connector/com.unity.robotics.ros-tcp-connector/Runtime/MessageGeneration) by extensions ['python_setup_py']
[0.238s] Level 1:colcon.colcon_core.package_identification:_identify(src/ROS-TCP-Connector/com.unity.robotics.ros-tcp-connector/Runtime/MessageGeneration) by extension 'python_setup_py'
[0.238s] Level 1:colcon.colcon_core.package_identification:_identify(src/ROS-TCP-Connector/com.unity.robotics.ros-tcp-connector/Runtime/Messages) by extensions ['ignore', 'ignore_ament_install']
[0.238s] Level 1:colcon.colcon_core.package_identification:_identify(src/ROS-TCP-Connector/com.unity.robotics.ros-tcp-connector/Runtime/Messages) by extension 'ignore'
[0.238s] Level 1:colcon.colcon_core.package_identification:_identify(src/ROS-TCP-Connector/com.unity.robotics.ros-tcp-connector/Runtime/Messages) by extension 'ignore_ament_install'
[0.239s] Level 1:colcon.colcon_core.package_identification:_identify(src/ROS-TCP-Connector/com.unity.robotics.ros-tcp-connector/Runtime/Messages) by extensions ['colcon_pkg']
[0.239s] Level 1:colcon.colcon_core.package_identification:_identify(src/ROS-TCP-Connector/com.unity.robotics.ros-tcp-connector/Runtime/Messages) by extension 'colcon_pkg'
[0.239s] Level 1:colcon.colcon_core.package_identification:_identify(src/ROS-TCP-Connector/com.unity.robotics.ros-tcp-connector/Runtime/Messages) by extensions ['colcon_meta']
[0.239s] Level 1:colcon.colcon_core.package_identification:_identify(src/ROS-TCP-Connector/com.unity.robotics.ros-tcp-connector/Runtime/Messages) by extension 'colcon_meta'
[0.239s] Level 1:colcon.colcon_core.package_identification:_identify(src/ROS-TCP-Connector/com.unity.robotics.ros-tcp-connector/Runtime/Messages) by extensions ['ros']
[0.239s] Level 1:colcon.colcon_core.package_identification:_identify(src/ROS-TCP-Connector/com.unity.robotics.ros-tcp-connector/Runtime/Messages) by extension 'ros'
[0.239s] Level 1:colcon.colcon_core.package_identification:_identify(src/ROS-TCP-Connector/com.unity.robotics.ros-tcp-connector/Runtime/Messages) by extensions ['cmake', 'python']
[0.239s] Level 1:colcon.colcon_core.package_identification:_identify(src/ROS-TCP-Connector/com.unity.robotics.ros-tcp-connector/Runtime/Messages) by extension 'cmake'
[0.239s] Level 1:colcon.colcon_core.package_identification:_identify(src/ROS-TCP-Connector/com.unity.robotics.ros-tcp-connector/Runtime/Messages) by extension 'python'
[0.239s] Level 1:colcon.colcon_core.package_identification:_identify(src/ROS-TCP-Connector/com.unity.robotics.ros-tcp-connector/Runtime/Messages) by extensions ['python_setup_py']
[0.239s] Level 1:colcon.colcon_core.package_identification:_identify(src/ROS-TCP-Connector/com.unity.robotics.ros-tcp-connector/Runtime/Messages) by extension 'python_setup_py'
[0.239s] Level 1:colcon.colcon_core.package_identification:_identify(src/ROS-TCP-Connector/com.unity.robotics.ros-tcp-connector/Runtime/Messages/Actionlib) by extensions ['ignore', 'ignore_ament_install']
[0.239s] Level 1:colcon.colcon_core.package_identification:_identify(src/ROS-TCP-Connector/com.unity.robotics.ros-tcp-connector/Runtime/Messages/Actionlib) by extension 'ignore'
[0.239s] Level 1:colcon.colcon_core.package_identification:_identify(src/ROS-TCP-Connector/com.unity.robotics.ros-tcp-connector/Runtime/Messages/Actionlib) by extension 'ignore_ament_install'
[0.239s] Level 1:colcon.colcon_core.package_identification:_identify(src/ROS-TCP-Connector/com.unity.robotics.ros-tcp-connector/Runtime/Messages/Actionlib) by extensions ['colcon_pkg']
[0.239s] Level 1:colcon.colcon_core.package_identification:_identify(src/ROS-TCP-Connector/com.unity.robotics.ros-tcp-connector/Runtime/Messages/Actionlib) by extension 'colcon_pkg'
[0.239s] Level 1:colcon.colcon_core.package_identification:_identify(src/ROS-TCP-Connector/com.unity.robotics.ros-tcp-connector/Runtime/Messages/Actionlib) by extensions ['colcon_meta']
[0.239s] Level 1:colcon.colcon_core.package_identification:_identify(src/ROS-TCP-Connector/com.unity.robotics.ros-tcp-connector/Runtime/Messages/Actionlib) by extension 'colcon_meta'
[0.239s] Level 1:colcon.colcon_core.package_identification:_identify(src/ROS-TCP-Connector/com.unity.robotics.ros-tcp-connector/Runtime/Messages/Actionlib) by extensions ['ros']
[0.239s] Level 1:colcon.colcon_core.package_identification:_identify(src/ROS-TCP-Connector/com.unity.robotics.ros-tcp-connector/Runtime/Messages/Actionlib) by extension 'ros'
[0.240s] Level 1:colcon.colcon_core.package_identification:_identify(src/ROS-TCP-Connector/com.unity.robotics.ros-tcp-connector/Runtime/Messages/Actionlib) by extensions ['cmake', 'python']
[0.240s] Level 1:colcon.colcon_core.package_identification:_identify(src/ROS-TCP-Connector/com.unity.robotics.ros-tcp-connector/Runtime/Messages/Actionlib) by extension 'cmake'
[0.240s] Level 1:colcon.colcon_core.package_identification:_identify(src/ROS-TCP-Connector/com.unity.robotics.ros-tcp-connector/Runtime/Messages/Actionlib) by extension 'python'
[0.240s] Level 1:colcon.colcon_core.package_identification:_identify(src/ROS-TCP-Connector/com.unity.robotics.ros-tcp-connector/Runtime/Messages/Actionlib) by extensions ['python_setup_py']
[0.240s] Level 1:colcon.colcon_core.package_identification:_identify(src/ROS-TCP-Connector/com.unity.robotics.ros-tcp-connector/Runtime/Messages/Actionlib) by extension 'python_setup_py'
[0.240s] Level 1:colcon.colcon_core.package_identification:_identify(src/ROS-TCP-Connector/com.unity.robotics.ros-tcp-connector/Runtime/Messages/Actionlib/msg) by extensions ['ignore', 'ignore_ament_install']
[0.240s] Level 1:colcon.colcon_core.package_identification:_identify(src/ROS-TCP-Connector/com.unity.robotics.ros-tcp-connector/Runtime/Messages/Actionlib/msg) by extension 'ignore'
[0.240s] Level 1:colcon.colcon_core.package_identification:_identify(src/ROS-TCP-Connector/com.unity.robotics.ros-tcp-connector/Runtime/Messages/Actionlib/msg) by extension 'ignore_ament_install'
[0.240s] Level 1:colcon.colcon_core.package_identification:_identify(src/ROS-TCP-Connector/com.unity.robotics.ros-tcp-connector/Runtime/Messages/Actionlib/msg) by extensions ['colcon_pkg']
[0.240s] Level 1:colcon.colcon_core.package_identification:_identify(src/ROS-TCP-Connector/com.unity.robotics.ros-tcp-connector/Runtime/Messages/Actionlib/msg) by extension 'colcon_pkg'
[0.240s] Level 1:colcon.colcon_core.package_identification:_identify(src/ROS-TCP-Connector/com.unity.robotics.ros-tcp-connector/Runtime/Messages/Actionlib/msg) by extensions ['colcon_meta']
[0.240s] Level 1:colcon.colcon_core.package_identification:_identify(src/ROS-TCP-Connector/com.unity.robotics.ros-tcp-connector/Runtime/Messages/Actionlib/msg) by extension 'colcon_meta'
[0.240s] Level 1:colcon.colcon_core.package_identification:_identify(src/ROS-TCP-Connector/com.unity.robotics.ros-tcp-connector/Runtime/Messages/Actionlib/msg) by extensions ['ros']
[0.240s] Level 1:colcon.colcon_core.package_identification:_identify(src/ROS-TCP-Connector/com.unity.robotics.ros-tcp-connector/Runtime/Messages/Actionlib/msg) by extension 'ros'
[0.240s] Level 1:colcon.colcon_core.package_identification:_identify(src/ROS-TCP-Connector/com.unity.robotics.ros-tcp-connector/Runtime/Messages/Actionlib/msg) by extensions ['cmake', 'python']
[0.240s] Level 1:colcon.colcon_core.package_identification:_identify(src/ROS-TCP-Connector/com.unity.robotics.ros-tcp-connector/Runtime/Messages/Actionlib/msg) by extension 'cmake'
[0.240s] Level 1:colcon.colcon_core.package_identification:_identify(src/ROS-TCP-Connector/com.unity.robotics.ros-tcp-connector/Runtime/Messages/Actionlib/msg) by extension 'python'
[0.240s] Level 1:colcon.colcon_core.package_identification:_identify(src/ROS-TCP-Connector/com.unity.robotics.ros-tcp-connector/Runtime/Messages/Actionlib/msg) by extensions ['python_setup_py']
[0.240s] Level 1:colcon.colcon_core.package_identification:_identify(src/ROS-TCP-Connector/com.unity.robotics.ros-tcp-connector/Runtime/Messages/Actionlib/msg) by extension 'python_setup_py'
[0.240s] Level 1:colcon.colcon_core.package_identification:_identify(src/ROS-TCP-Connector/com.unity.robotics.ros-tcp-connector/Runtime/Messages/Diagnostic) by extensions ['ignore', 'ignore_ament_install']
[0.240s] Level 1:colcon.colcon_core.package_identification:_identify(src/ROS-TCP-Connector/com.unity.robotics.ros-tcp-connector/Runtime/Messages/Diagnostic) by extension 'ignore'
[0.240s] Level 1:colcon.colcon_core.package_identification:_identify(src/ROS-TCP-Connector/com.unity.robotics.ros-tcp-connector/Runtime/Messages/Diagnostic) by extension 'ignore_ament_install'
[0.241s] Level 1:colcon.colcon_core.package_identification:_identify(src/ROS-TCP-Connector/com.unity.robotics.ros-tcp-connector/Runtime/Messages/Diagnostic) by extensions ['colcon_pkg']
[0.241s] Level 1:colcon.colcon_core.package_identification:_identify(src/ROS-TCP-Connector/com.unity.robotics.ros-tcp-connector/Runtime/Messages/Diagnostic) by extension 'colcon_pkg'
[0.241s] Level 1:colcon.colcon_core.package_identification:_identify(src/ROS-TCP-Connector/com.unity.robotics.ros-tcp-connector/Runtime/Messages/Diagnostic) by extensions ['colcon_meta']
[0.241s] Level 1:colcon.colcon_core.package_identification:_identify(src/ROS-TCP-Connector/com.unity.robotics.ros-tcp-connector/Runtime/Messages/Diagnostic) by extension 'colcon_meta'
[0.241s] Level 1:colcon.colcon_core.package_identification:_identify(src/ROS-TCP-Connector/com.unity.robotics.ros-tcp-connector/Runtime/Messages/Diagnostic) by extensions ['ros']
[0.241s] Level 1:colcon.colcon_core.package_identification:_identify(src/ROS-TCP-Connector/com.unity.robotics.ros-tcp-connector/Runtime/Messages/Diagnostic) by extension 'ros'
[0.241s] Level 1:colcon.colcon_core.package_identification:_identify(src/ROS-TCP-Connector/com.unity.robotics.ros-tcp-connector/Runtime/Messages/Diagnostic) by extensions ['cmake', 'python']
[0.241s] Level 1:colcon.colcon_core.package_identification:_identify(src/ROS-TCP-Connector/com.unity.robotics.ros-tcp-connector/Runtime/Messages/Diagnostic) by extension 'cmake'
[0.241s] Level 1:colcon.colcon_core.package_identification:_identify(src/ROS-TCP-Connector/com.unity.robotics.ros-tcp-connector/Runtime/Messages/Diagnostic) by extension 'python'
[0.241s] Level 1:colcon.colcon_core.package_identification:_identify(src/ROS-TCP-Connector/com.unity.robotics.ros-tcp-connector/Runtime/Messages/Diagnostic) by extensions ['python_setup_py']
[0.241s] Level 1:colcon.colcon_core.package_identification:_identify(src/ROS-TCP-Connector/com.unity.robotics.ros-tcp-connector/Runtime/Messages/Diagnostic) by extension 'python_setup_py'
[0.241s] Level 1:colcon.colcon_core.package_identification:_identify(src/ROS-TCP-Connector/com.unity.robotics.ros-tcp-connector/Runtime/Messages/Diagnostic/msg) by extensions ['ignore', 'ignore_ament_install']
[0.241s] Level 1:colcon.colcon_core.package_identification:_identify(src/ROS-TCP-Connector/com.unity.robotics.ros-tcp-connector/Runtime/Messages/Diagnostic/msg) by extension 'ignore'
[0.241s] Level 1:colcon.colcon_core.package_identification:_identify(src/ROS-TCP-Connector/com.unity.robotics.ros-tcp-connector/Runtime/Messages/Diagnostic/msg) by extension 'ignore_ament_install'
[0.241s] Level 1:colcon.colcon_core.package_identification:_identify(src/ROS-TCP-Connector/com.unity.robotics.ros-tcp-connector/Runtime/Messages/Diagnostic/msg) by extensions ['colcon_pkg']
[0.241s] Level 1:colcon.colcon_core.package_identification:_identify(src/ROS-TCP-Connector/com.unity.robotics.ros-tcp-connector/Runtime/Messages/Diagnostic/msg) by extension 'colcon_pkg'
[0.241s] Level 1:colcon.colcon_core.package_identification:_identify(src/ROS-TCP-Connector/com.unity.robotics.ros-tcp-connector/Runtime/Messages/Diagnostic/msg) by extensions ['colcon_meta']
[0.241s] Level 1:colcon.colcon_core.package_identification:_identify(src/ROS-TCP-Connector/com.unity.robotics.ros-tcp-connector/Runtime/Messages/Diagnostic/msg) by extension 'colcon_meta'
[0.241s] Level 1:colcon.colcon_core.package_identification:_identify(src/ROS-TCP-Connector/com.unity.robotics.ros-tcp-connector/Runtime/Messages/Diagnostic/msg) by extensions ['ros']
[0.241s] Level 1:colcon.colcon_core.package_identification:_identify(src/ROS-TCP-Connector/com.unity.robotics.ros-tcp-connector/Runtime/Messages/Diagnostic/msg) by extension 'ros'
[0.241s] Level 1:colcon.colcon_core.package_identification:_identify(src/ROS-TCP-Connector/com.unity.robotics.ros-tcp-connector/Runtime/Messages/Diagnostic/msg) by extensions ['cmake', 'python']
[0.241s] Level 1:colcon.colcon_core.package_identification:_identify(src/ROS-TCP-Connector/com.unity.robotics.ros-tcp-connector/Runtime/Messages/Diagnostic/msg) by extension 'cmake'
[0.241s] Level 1:colcon.colcon_core.package_identification:_identify(src/ROS-TCP-Connector/com.unity.robotics.ros-tcp-connector/Runtime/Messages/Diagnostic/msg) by extension 'python'
[0.242s] Level 1:colcon.colcon_core.package_identification:_identify(src/ROS-TCP-Connector/com.unity.robotics.ros-tcp-connector/Runtime/Messages/Diagnostic/msg) by extensions ['python_setup_py']
[0.242s] Level 1:colcon.colcon_core.package_identification:_identify(src/ROS-TCP-Connector/com.unity.robotics.ros-tcp-connector/Runtime/Messages/Diagnostic/msg) by extension 'python_setup_py'
[0.242s] Level 1:colcon.colcon_core.package_identification:_identify(src/ROS-TCP-Connector/com.unity.robotics.ros-tcp-connector/Runtime/Messages/Diagnostic/srv) by extensions ['ignore', 'ignore_ament_install']
[0.242s] Level 1:colcon.colcon_core.package_identification:_identify(src/ROS-TCP-Connector/com.unity.robotics.ros-tcp-connector/Runtime/Messages/Diagnostic/srv) by extension 'ignore'
[0.242s] Level 1:colcon.colcon_core.package_identification:_identify(src/ROS-TCP-Connector/com.unity.robotics.ros-tcp-connector/Runtime/Messages/Diagnostic/srv) by extension 'ignore_ament_install'
[0.242s] Level 1:colcon.colcon_core.package_identification:_identify(src/ROS-TCP-Connector/com.unity.robotics.ros-tcp-connector/Runtime/Messages/Diagnostic/srv) by extensions ['colcon_pkg']
[0.242s] Level 1:colcon.colcon_core.package_identification:_identify(src/ROS-TCP-Connector/com.unity.robotics.ros-tcp-connector/Runtime/Messages/Diagnostic/srv) by extension 'colcon_pkg'
[0.242s] Level 1:colcon.colcon_core.package_identification:_identify(src/ROS-TCP-Connector/com.unity.robotics.ros-tcp-connector/Runtime/Messages/Diagnostic/srv) by extensions ['colcon_meta']
[0.242s] Level 1:colcon.colcon_core.package_identification:_identify(src/ROS-TCP-Connector/com.unity.robotics.ros-tcp-connector/Runtime/Messages/Diagnostic/srv) by extension 'colcon_meta'
[0.242s] Level 1:colcon.colcon_core.package_identification:_identify(src/ROS-TCP-Connector/com.unity.robotics.ros-tcp-connector/Runtime/Messages/Diagnostic/srv) by extensions ['ros']
[0.242s] Level 1:colcon.colcon_core.package_identification:_identify(src/ROS-TCP-Connector/com.unity.robotics.ros-tcp-connector/Runtime/Messages/Diagnostic/srv) by extension 'ros'
[0.242s] Level 1:colcon.colcon_core.package_identification:_identify(src/ROS-TCP-Connector/com.unity.robotics.ros-tcp-connector/Runtime/Messages/Diagnostic/srv) by extensions ['cmake', 'python']
[0.242s] Level 1:colcon.colcon_core.package_identification:_identify(src/ROS-TCP-Connector/com.unity.robotics.ros-tcp-connector/Runtime/Messages/Diagnostic/srv) by extension 'cmake'
[0.242s] Level 1:colcon.colcon_core.package_identification:_identify(src/ROS-TCP-Connector/com.unity.robotics.ros-tcp-connector/Runtime/Messages/Diagnostic/srv) by extension 'python'
[0.242s] Level 1:colcon.colcon_core.package_identification:_identify(src/ROS-TCP-Connector/com.unity.robotics.ros-tcp-connector/Runtime/Messages/Diagnostic/srv) by extensions ['python_setup_py']
[0.242s] Level 1:colcon.colcon_core.package_identification:_identify(src/ROS-TCP-Connector/com.unity.robotics.ros-tcp-connector/Runtime/Messages/Diagnostic/srv) by extension 'python_setup_py'
[0.242s] Level 1:colcon.colcon_core.package_identification:_identify(src/ROS-TCP-Connector/com.unity.robotics.ros-tcp-connector/Runtime/Messages/Geometry) by extensions ['ignore', 'ignore_ament_install']
[0.242s] Level 1:colcon.colcon_core.package_identification:_identify(src/ROS-TCP-Connector/com.unity.robotics.ros-tcp-connector/Runtime/Messages/Geometry) by extension 'ignore'
[0.242s] Level 1:colcon.colcon_core.package_identification:_identify(src/ROS-TCP-Connector/com.unity.robotics.ros-tcp-connector/Runtime/Messages/Geometry) by extension 'ignore_ament_install'
[0.242s] Level 1:colcon.colcon_core.package_identification:_identify(src/ROS-TCP-Connector/com.unity.robotics.ros-tcp-connector/Runtime/Messages/Geometry) by extensions ['colcon_pkg']
[0.242s] Level 1:colcon.colcon_core.package_identification:_identify(src/ROS-TCP-Connector/com.unity.robotics.ros-tcp-connector/Runtime/Messages/Geometry) by extension 'colcon_pkg'
[0.242s] Level 1:colcon.colcon_core.package_identification:_identify(src/ROS-TCP-Connector/com.unity.robotics.ros-tcp-connector/Runtime/Messages/Geometry) by extensions ['colcon_meta']
[0.242s] Level 1:colcon.colcon_core.package_identification:_identify(src/ROS-TCP-Connector/com.unity.robotics.ros-tcp-connector/Runtime/Messages/Geometry) by extension 'colcon_meta'
[0.242s] Level 1:colcon.colcon_core.package_identification:_identify(src/ROS-TCP-Connector/com.unity.robotics.ros-tcp-connector/Runtime/Messages/Geometry) by extensions ['ros']
[0.242s] Level 1:colcon.colcon_core.package_identification:_identify(src/ROS-TCP-Connector/com.unity.robotics.ros-tcp-connector/Runtime/Messages/Geometry) by extension 'ros'
[0.242s] Level 1:colcon.colcon_core.package_identification:_identify(src/ROS-TCP-Connector/com.unity.robotics.ros-tcp-connector/Runtime/Messages/Geometry) by extensions ['cmake', 'python']
[0.242s] Level 1:colcon.colcon_core.package_identification:_identify(src/ROS-TCP-Connector/com.unity.robotics.ros-tcp-connector/Runtime/Messages/Geometry) by extension 'cmake'
[0.242s] Level 1:colcon.colcon_core.package_identification:_identify(src/ROS-TCP-Connector/com.unity.robotics.ros-tcp-connector/Runtime/Messages/Geometry) by extension 'python'
[0.242s] Level 1:colcon.colcon_core.package_identification:_identify(src/ROS-TCP-Connector/com.unity.robotics.ros-tcp-connector/Runtime/Messages/Geometry) by extensions ['python_setup_py']
[0.242s] Level 1:colcon.colcon_core.package_identification:_identify(src/ROS-TCP-Connector/com.unity.robotics.ros-tcp-connector/Runtime/Messages/Geometry) by extension 'python_setup_py'
[0.242s] Level 1:colcon.colcon_core.package_identification:_identify(src/ROS-TCP-Connector/com.unity.robotics.ros-tcp-connector/Runtime/Messages/Geometry/msg) by extensions ['ignore', 'ignore_ament_install']
[0.243s] Level 1:colcon.colcon_core.package_identification:_identify(src/ROS-TCP-Connector/com.unity.robotics.ros-tcp-connector/Runtime/Messages/Geometry/msg) by extension 'ignore'
[0.243s] Level 1:colcon.colcon_core.package_identification:_identify(src/ROS-TCP-Connector/com.unity.robotics.ros-tcp-connector/Runtime/Messages/Geometry/msg) by extension 'ignore_ament_install'
[0.243s] Level 1:colcon.colcon_core.package_identification:_identify(src/ROS-TCP-Connector/com.unity.robotics.ros-tcp-connector/Runtime/Messages/Geometry/msg) by extensions ['colcon_pkg']
[0.243s] Level 1:colcon.colcon_core.package_identification:_identify(src/ROS-TCP-Connector/com.unity.robotics.ros-tcp-connector/Runtime/Messages/Geometry/msg) by extension 'colcon_pkg'
[0.243s] Level 1:colcon.colcon_core.package_identification:_identify(src/ROS-TCP-Connector/com.unity.robotics.ros-tcp-connector/Runtime/Messages/Geometry/msg) by extensions ['colcon_meta']
[0.243s] Level 1:colcon.colcon_core.package_identification:_identify(src/ROS-TCP-Connector/com.unity.robotics.ros-tcp-connector/Runtime/Messages/Geometry/msg) by extension 'colcon_meta'
[0.243s] Level 1:colcon.colcon_core.package_identification:_identify(src/ROS-TCP-Connector/com.unity.robotics.ros-tcp-connector/Runtime/Messages/Geometry/msg) by extensions ['ros']
[0.243s] Level 1:colcon.colcon_core.package_identification:_identify(src/ROS-TCP-Connector/com.unity.robotics.ros-tcp-connector/Runtime/Messages/Geometry/msg) by extension 'ros'
[0.243s] Level 1:colcon.colcon_core.package_identification:_identify(src/ROS-TCP-Connector/com.unity.robotics.ros-tcp-connector/Runtime/Messages/Geometry/msg) by extensions ['cmake', 'python']
[0.243s] Level 1:colcon.colcon_core.package_identification:_identify(src/ROS-TCP-Connector/com.unity.robotics.ros-tcp-connector/Runtime/Messages/Geometry/msg) by extension 'cmake'
[0.243s] Level 1:colcon.colcon_core.package_identification:_identify(src/ROS-TCP-Connector/com.unity.robotics.ros-tcp-connector/Runtime/Messages/Geometry/msg) by extension 'python'
[0.243s] Level 1:colcon.colcon_core.package_identification:_identify(src/ROS-TCP-Connector/com.unity.robotics.ros-tcp-connector/Runtime/Messages/Geometry/msg) by extensions ['python_setup_py']
[0.243s] Level 1:colcon.colcon_core.package_identification:_identify(src/ROS-TCP-Connector/com.unity.robotics.ros-tcp-connector/Runtime/Messages/Geometry/msg) by extension 'python_setup_py'
[0.243s] Level 1:colcon.colcon_core.package_identification:_identify(src/ROS-TCP-Connector/com.unity.robotics.ros-tcp-connector/Runtime/Messages/HandwrittenMessages) by extensions ['ignore', 'ignore_ament_install']
[0.243s] Level 1:colcon.colcon_core.package_identification:_identify(src/ROS-TCP-Connector/com.unity.robotics.ros-tcp-connector/Runtime/Messages/HandwrittenMessages) by extension 'ignore'
[0.243s] Level 1:colcon.colcon_core.package_identification:_identify(src/ROS-TCP-Connector/com.unity.robotics.ros-tcp-connector/Runtime/Messages/HandwrittenMessages) by extension 'ignore_ament_install'
[0.243s] Level 1:colcon.colcon_core.package_identification:_identify(src/ROS-TCP-Connector/com.unity.robotics.ros-tcp-connector/Runtime/Messages/HandwrittenMessages) by extensions ['colcon_pkg']
[0.243s] Level 1:colcon.colcon_core.package_identification:_identify(src/ROS-TCP-Connector/com.unity.robotics.ros-tcp-connector/Runtime/Messages/HandwrittenMessages) by extension 'colcon_pkg'
[0.243s] Level 1:colcon.colcon_core.package_identification:_identify(src/ROS-TCP-Connector/com.unity.robotics.ros-tcp-connector/Runtime/Messages/HandwrittenMessages) by extensions ['colcon_meta']
[0.243s] Level 1:colcon.colcon_core.package_identification:_identify(src/ROS-TCP-Connector/com.unity.robotics.ros-tcp-connector/Runtime/Messages/HandwrittenMessages) by extension 'colcon_meta'
[0.243s] Level 1:colcon.colcon_core.package_identification:_identify(src/ROS-TCP-Connector/com.unity.robotics.ros-tcp-connector/Runtime/Messages/HandwrittenMessages) by extensions ['ros']
[0.243s] Level 1:colcon.colcon_core.package_identification:_identify(src/ROS-TCP-Connector/com.unity.robotics.ros-tcp-connector/Runtime/Messages/HandwrittenMessages) by extension 'ros'
[0.243s] Level 1:colcon.colcon_core.package_identification:_identify(src/ROS-TCP-Connector/com.unity.robotics.ros-tcp-connector/Runtime/Messages/HandwrittenMessages) by extensions ['cmake', 'python']
[0.243s] Level 1:colcon.colcon_core.package_identification:_identify(src/ROS-TCP-Connector/com.unity.robotics.ros-tcp-connector/Runtime/Messages/HandwrittenMessages) by extension 'cmake'
[0.243s] Level 1:colcon.colcon_core.package_identification:_identify(src/ROS-TCP-Connector/com.unity.robotics.ros-tcp-connector/Runtime/Messages/HandwrittenMessages) by extension 'python'
[0.243s] Level 1:colcon.colcon_core.package_identification:_identify(src/ROS-TCP-Connector/com.unity.robotics.ros-tcp-connector/Runtime/Messages/HandwrittenMessages) by extensions ['python_setup_py']
[0.243s] Level 1:colcon.colcon_core.package_identification:_identify(src/ROS-TCP-Connector/com.unity.robotics.ros-tcp-connector/Runtime/Messages/HandwrittenMessages) by extension 'python_setup_py'
[0.243s] Level 1:colcon.colcon_core.package_identification:_identify(src/ROS-TCP-Connector/com.unity.robotics.ros-tcp-connector/Runtime/Messages/HandwrittenMessages/action) by extensions ['ignore', 'ignore_ament_install']
[0.243s] Level 1:colcon.colcon_core.package_identification:_identify(src/ROS-TCP-Connector/com.unity.robotics.ros-tcp-connector/Runtime/Messages/HandwrittenMessages/action) by extension 'ignore'
[0.243s] Level 1:colcon.colcon_core.package_identification:_identify(src/ROS-TCP-Connector/com.unity.robotics.ros-tcp-connector/Runtime/Messages/HandwrittenMessages/action) by extension 'ignore_ament_install'
[0.243s] Level 1:colcon.colcon_core.package_identification:_identify(src/ROS-TCP-Connector/com.unity.robotics.ros-tcp-connector/Runtime/Messages/HandwrittenMessages/action) by extensions ['colcon_pkg']
[0.243s] Level 1:colcon.colcon_core.package_identification:_identify(src/ROS-TCP-Connector/com.unity.robotics.ros-tcp-connector/Runtime/Messages/HandwrittenMessages/action) by extension 'colcon_pkg'
[0.243s] Level 1:colcon.colcon_core.package_identification:_identify(src/ROS-TCP-Connector/com.unity.robotics.ros-tcp-connector/Runtime/Messages/HandwrittenMessages/action) by extensions ['colcon_meta']
[0.243s] Level 1:colcon.colcon_core.package_identification:_identify(src/ROS-TCP-Connector/com.unity.robotics.ros-tcp-connector/Runtime/Messages/HandwrittenMessages/action) by extension 'colcon_meta'
[0.244s] Level 1:colcon.colcon_core.package_identification:_identify(src/ROS-TCP-Connector/com.unity.robotics.ros-tcp-connector/Runtime/Messages/HandwrittenMessages/action) by extensions ['ros']
[0.244s] Level 1:colcon.colcon_core.package_identification:_identify(src/ROS-TCP-Connector/com.unity.robotics.ros-tcp-connector/Runtime/Messages/HandwrittenMessages/action) by extension 'ros'
[0.244s] Level 1:colcon.colcon_core.package_identification:_identify(src/ROS-TCP-Connector/com.unity.robotics.ros-tcp-connector/Runtime/Messages/HandwrittenMessages/action) by extensions ['cmake', 'python']
[0.244s] Level 1:colcon.colcon_core.package_identification:_identify(src/ROS-TCP-Connector/com.unity.robotics.ros-tcp-connector/Runtime/Messages/HandwrittenMessages/action) by extension 'cmake'
[0.244s] Level 1:colcon.colcon_core.package_identification:_identify(src/ROS-TCP-Connector/com.unity.robotics.ros-tcp-connector/Runtime/Messages/HandwrittenMessages/action) by extension 'python'
[0.244s] Level 1:colcon.colcon_core.package_identification:_identify(src/ROS-TCP-Connector/com.unity.robotics.ros-tcp-connector/Runtime/Messages/HandwrittenMessages/action) by extensions ['python_setup_py']
[0.244s] Level 1:colcon.colcon_core.package_identification:_identify(src/ROS-TCP-Connector/com.unity.robotics.ros-tcp-connector/Runtime/Messages/HandwrittenMessages/action) by extension 'python_setup_py'
[0.244s] Level 1:colcon.colcon_core.package_identification:_identify(src/ROS-TCP-Connector/com.unity.robotics.ros-tcp-connector/Runtime/Messages/HandwrittenMessages/msg) by extensions ['ignore', 'ignore_ament_install']
[0.244s] Level 1:colcon.colcon_core.package_identification:_identify(src/ROS-TCP-Connector/com.unity.robotics.ros-tcp-connector/Runtime/Messages/HandwrittenMessages/msg) by extension 'ignore'
[0.244s] Level 1:colcon.colcon_core.package_identification:_identify(src/ROS-TCP-Connector/com.unity.robotics.ros-tcp-connector/Runtime/Messages/HandwrittenMessages/msg) by extension 'ignore_ament_install'
[0.244s] Level 1:colcon.colcon_core.package_identification:_identify(src/ROS-TCP-Connector/com.unity.robotics.ros-tcp-connector/Runtime/Messages/HandwrittenMessages/msg) by extensions ['colcon_pkg']
[0.244s] Level 1:colcon.colcon_core.package_identification:_identify(src/ROS-TCP-Connector/com.unity.robotics.ros-tcp-connector/Runtime/Messages/HandwrittenMessages/msg) by extension 'colcon_pkg'
[0.244s] Level 1:colcon.colcon_core.package_identification:_identify(src/ROS-TCP-Connector/com.unity.robotics.ros-tcp-connector/Runtime/Messages/HandwrittenMessages/msg) by extensions ['colcon_meta']
[0.244s] Level 1:colcon.colcon_core.package_identification:_identify(src/ROS-TCP-Connector/com.unity.robotics.ros-tcp-connector/Runtime/Messages/HandwrittenMessages/msg) by extension 'colcon_meta'
[0.244s] Level 1:colcon.colcon_core.package_identification:_identify(src/ROS-TCP-Connector/com.unity.robotics.ros-tcp-connector/Runtime/Messages/HandwrittenMessages/msg) by extensions ['ros']
[0.244s] Level 1:colcon.colcon_core.package_identification:_identify(src/ROS-TCP-Connector/com.unity.robotics.ros-tcp-connector/Runtime/Messages/HandwrittenMessages/msg) by extension 'ros'
[0.244s] Level 1:colcon.colcon_core.package_identification:_identify(src/ROS-TCP-Connector/com.unity.robotics.ros-tcp-connector/Runtime/Messages/HandwrittenMessages/msg) by extensions ['cmake', 'python']
[0.244s] Level 1:colcon.colcon_core.package_identification:_identify(src/ROS-TCP-Connector/com.unity.robotics.ros-tcp-connector/Runtime/Messages/HandwrittenMessages/msg) by extension 'cmake'
[0.244s] Level 1:colcon.colcon_core.package_identification:_identify(src/ROS-TCP-Connector/com.unity.robotics.ros-tcp-connector/Runtime/Messages/HandwrittenMessages/msg) by extension 'python'
[0.244s] Level 1:colcon.colcon_core.package_identification:_identify(src/ROS-TCP-Connector/com.unity.robotics.ros-tcp-connector/Runtime/Messages/HandwrittenMessages/msg) by extensions ['python_setup_py']
[0.244s] Level 1:colcon.colcon_core.package_identification:_identify(src/ROS-TCP-Connector/com.unity.robotics.ros-tcp-connector/Runtime/Messages/HandwrittenMessages/msg) by extension 'python_setup_py'
[0.244s] Level 1:colcon.colcon_core.package_identification:_identify(src/ROS-TCP-Connector/com.unity.robotics.ros-tcp-connector/Runtime/Messages/Nav) by extensions ['ignore', 'ignore_ament_install']
[0.244s] Level 1:colcon.colcon_core.package_identification:_identify(src/ROS-TCP-Connector/com.unity.robotics.ros-tcp-connector/Runtime/Messages/Nav) by extension 'ignore'
[0.244s] Level 1:colcon.colcon_core.package_identification:_identify(src/ROS-TCP-Connector/com.unity.robotics.ros-tcp-connector/Runtime/Messages/Nav) by extension 'ignore_ament_install'
[0.244s] Level 1:colcon.colcon_core.package_identification:_identify(src/ROS-TCP-Connector/com.unity.robotics.ros-tcp-connector/Runtime/Messages/Nav) by extensions ['colcon_pkg']
[0.244s] Level 1:colcon.colcon_core.package_identification:_identify(src/ROS-TCP-Connector/com.unity.robotics.ros-tcp-connector/Runtime/Messages/Nav) by extension 'colcon_pkg'
[0.244s] Level 1:colcon.colcon_core.package_identification:_identify(src/ROS-TCP-Connector/com.unity.robotics.ros-tcp-connector/Runtime/Messages/Nav) by extensions ['colcon_meta']
[0.244s] Level 1:colcon.colcon_core.package_identification:_identify(src/ROS-TCP-Connector/com.unity.robotics.ros-tcp-connector/Runtime/Messages/Nav) by extension 'colcon_meta'
[0.244s] Level 1:colcon.colcon_core.package_identification:_identify(src/ROS-TCP-Connector/com.unity.robotics.ros-tcp-connector/Runtime/Messages/Nav) by extensions ['ros']
[0.244s] Level 1:colcon.colcon_core.package_identification:_identify(src/ROS-TCP-Connector/com.unity.robotics.ros-tcp-connector/Runtime/Messages/Nav) by extension 'ros'
[0.244s] Level 1:colcon.colcon_core.package_identification:_identify(src/ROS-TCP-Connector/com.unity.robotics.ros-tcp-connector/Runtime/Messages/Nav) by extensions ['cmake', 'python']
[0.244s] Level 1:colcon.colcon_core.package_identification:_identify(src/ROS-TCP-Connector/com.unity.robotics.ros-tcp-connector/Runtime/Messages/Nav) by extension 'cmake'
[0.244s] Level 1:colcon.colcon_core.package_identification:_identify(src/ROS-TCP-Connector/com.unity.robotics.ros-tcp-connector/Runtime/Messages/Nav) by extension 'python'
[0.244s] Level 1:colcon.colcon_core.package_identification:_identify(src/ROS-TCP-Connector/com.unity.robotics.ros-tcp-connector/Runtime/Messages/Nav) by extensions ['python_setup_py']
[0.244s] Level 1:colcon.colcon_core.package_identification:_identify(src/ROS-TCP-Connector/com.unity.robotics.ros-tcp-connector/Runtime/Messages/Nav) by extension 'python_setup_py'
[0.245s] Level 1:colcon.colcon_core.package_identification:_identify(src/ROS-TCP-Connector/com.unity.robotics.ros-tcp-connector/Runtime/Messages/Nav/action) by extensions ['ignore', 'ignore_ament_install']
[0.245s] Level 1:colcon.colcon_core.package_identification:_identify(src/ROS-TCP-Connector/com.unity.robotics.ros-tcp-connector/Runtime/Messages/Nav/action) by extension 'ignore'
[0.245s] Level 1:colcon.colcon_core.package_identification:_identify(src/ROS-TCP-Connector/com.unity.robotics.ros-tcp-connector/Runtime/Messages/Nav/action) by extension 'ignore_ament_install'
[0.245s] Level 1:colcon.colcon_core.package_identification:_identify(src/ROS-TCP-Connector/com.unity.robotics.ros-tcp-connector/Runtime/Messages/Nav/action) by extensions ['colcon_pkg']
[0.245s] Level 1:colcon.colcon_core.package_identification:_identify(src/ROS-TCP-Connector/com.unity.robotics.ros-tcp-connector/Runtime/Messages/Nav/action) by extension 'colcon_pkg'
[0.245s] Level 1:colcon.colcon_core.package_identification:_identify(src/ROS-TCP-Connector/com.unity.robotics.ros-tcp-connector/Runtime/Messages/Nav/action) by extensions ['colcon_meta']
[0.245s] Level 1:colcon.colcon_core.package_identification:_identify(src/ROS-TCP-Connector/com.unity.robotics.ros-tcp-connector/Runtime/Messages/Nav/action) by extension 'colcon_meta'
[0.245s] Level 1:colcon.colcon_core.package_identification:_identify(src/ROS-TCP-Connector/com.unity.robotics.ros-tcp-connector/Runtime/Messages/Nav/action) by extensions ['ros']
[0.245s] Level 1:colcon.colcon_core.package_identification:_identify(src/ROS-TCP-Connector/com.unity.robotics.ros-tcp-connector/Runtime/Messages/Nav/action) by extension 'ros'
[0.245s] Level 1:colcon.colcon_core.package_identification:_identify(src/ROS-TCP-Connector/com.unity.robotics.ros-tcp-connector/Runtime/Messages/Nav/action) by extensions ['cmake', 'python']
[0.245s] Level 1:colcon.colcon_core.package_identification:_identify(src/ROS-TCP-Connector/com.unity.robotics.ros-tcp-connector/Runtime/Messages/Nav/action) by extension 'cmake'
[0.245s] Level 1:colcon.colcon_core.package_identification:_identify(src/ROS-TCP-Connector/com.unity.robotics.ros-tcp-connector/Runtime/Messages/Nav/action) by extension 'python'
[0.245s] Level 1:colcon.colcon_core.package_identification:_identify(src/ROS-TCP-Connector/com.unity.robotics.ros-tcp-connector/Runtime/Messages/Nav/action) by extensions ['python_setup_py']
[0.245s] Level 1:colcon.colcon_core.package_identification:_identify(src/ROS-TCP-Connector/com.unity.robotics.ros-tcp-connector/Runtime/Messages/Nav/action) by extension 'python_setup_py'
[0.245s] Level 1:colcon.colcon_core.package_identification:_identify(src/ROS-TCP-Connector/com.unity.robotics.ros-tcp-connector/Runtime/Messages/Nav/msg) by extensions ['ignore', 'ignore_ament_install']
[0.245s] Level 1:colcon.colcon_core.package_identification:_identify(src/ROS-TCP-Connector/com.unity.robotics.ros-tcp-connector/Runtime/Messages/Nav/msg) by extension 'ignore'
[0.245s] Level 1:colcon.colcon_core.package_identification:_identify(src/ROS-TCP-Connector/com.unity.robotics.ros-tcp-connector/Runtime/Messages/Nav/msg) by extension 'ignore_ament_install'
[0.245s] Level 1:colcon.colcon_core.package_identification:_identify(src/ROS-TCP-Connector/com.unity.robotics.ros-tcp-connector/Runtime/Messages/Nav/msg) by extensions ['colcon_pkg']
[0.245s] Level 1:colcon.colcon_core.package_identification:_identify(src/ROS-TCP-Connector/com.unity.robotics.ros-tcp-connector/Runtime/Messages/Nav/msg) by extension 'colcon_pkg'
[0.245s] Level 1:colcon.colcon_core.package_identification:_identify(src/ROS-TCP-Connector/com.unity.robotics.ros-tcp-connector/Runtime/Messages/Nav/msg) by extensions ['colcon_meta']
[0.245s] Level 1:colcon.colcon_core.package_identification:_identify(src/ROS-TCP-Connector/com.unity.robotics.ros-tcp-connector/Runtime/Messages/Nav/msg) by extension 'colcon_meta'
[0.245s] Level 1:colcon.colcon_core.package_identification:_identify(src/ROS-TCP-Connector/com.unity.robotics.ros-tcp-connector/Runtime/Messages/Nav/msg) by extensions ['ros']
[0.245s] Level 1:colcon.colcon_core.package_identification:_identify(src/ROS-TCP-Connector/com.unity.robotics.ros-tcp-connector/Runtime/Messages/Nav/msg) by extension 'ros'
[0.245s] Level 1:colcon.colcon_core.package_identification:_identify(src/ROS-TCP-Connector/com.unity.robotics.ros-tcp-connector/Runtime/Messages/Nav/msg) by extensions ['cmake', 'python']
[0.245s] Level 1:colcon.colcon_core.package_identification:_identify(src/ROS-TCP-Connector/com.unity.robotics.ros-tcp-connector/Runtime/Messages/Nav/msg) by extension 'cmake'
[0.245s] Level 1:colcon.colcon_core.package_identification:_identify(src/ROS-TCP-Connector/com.unity.robotics.ros-tcp-connector/Runtime/Messages/Nav/msg) by extension 'python'
[0.245s] Level 1:colcon.colcon_core.package_identification:_identify(src/ROS-TCP-Connector/com.unity.robotics.ros-tcp-connector/Runtime/Messages/Nav/msg) by extensions ['python_setup_py']
[0.245s] Level 1:colcon.colcon_core.package_identification:_identify(src/ROS-TCP-Connector/com.unity.robotics.ros-tcp-connector/Runtime/Messages/Nav/msg) by extension 'python_setup_py'
[0.245s] Level 1:colcon.colcon_core.package_identification:_identify(src/ROS-TCP-Connector/com.unity.robotics.ros-tcp-connector/Runtime/Messages/Nav/srv) by extensions ['ignore', 'ignore_ament_install']
[0.245s] Level 1:colcon.colcon_core.package_identification:_identify(src/ROS-TCP-Connector/com.unity.robotics.ros-tcp-connector/Runtime/Messages/Nav/srv) by extension 'ignore'
[0.245s] Level 1:colcon.colcon_core.package_identification:_identify(src/ROS-TCP-Connector/com.unity.robotics.ros-tcp-connector/Runtime/Messages/Nav/srv) by extension 'ignore_ament_install'
[0.245s] Level 1:colcon.colcon_core.package_identification:_identify(src/ROS-TCP-Connector/com.unity.robotics.ros-tcp-connector/Runtime/Messages/Nav/srv) by extensions ['colcon_pkg']
[0.245s] Level 1:colcon.colcon_core.package_identification:_identify(src/ROS-TCP-Connector/com.unity.robotics.ros-tcp-connector/Runtime/Messages/Nav/srv) by extension 'colcon_pkg'
[0.246s] Level 1:colcon.colcon_core.package_identification:_identify(src/ROS-TCP-Connector/com.unity.robotics.ros-tcp-connector/Runtime/Messages/Nav/srv) by extensions ['colcon_meta']
[0.246s] Level 1:colcon.colcon_core.package_identification:_identify(src/ROS-TCP-Connector/com.unity.robotics.ros-tcp-connector/Runtime/Messages/Nav/srv) by extension 'colcon_meta'
[0.246s] Level 1:colcon.colcon_core.package_identification:_identify(src/ROS-TCP-Connector/com.unity.robotics.ros-tcp-connector/Runtime/Messages/Nav/srv) by extensions ['ros']
[0.246s] Level 1:colcon.colcon_core.package_identification:_identify(src/ROS-TCP-Connector/com.unity.robotics.ros-tcp-connector/Runtime/Messages/Nav/srv) by extension 'ros'
[0.246s] Level 1:colcon.colcon_core.package_identification:_identify(src/ROS-TCP-Connector/com.unity.robotics.ros-tcp-connector/Runtime/Messages/Nav/srv) by extensions ['cmake', 'python']
[0.246s] Level 1:colcon.colcon_core.package_identification:_identify(src/ROS-TCP-Connector/com.unity.robotics.ros-tcp-connector/Runtime/Messages/Nav/srv) by extension 'cmake'
[0.246s] Level 1:colcon.colcon_core.package_identification:_identify(src/ROS-TCP-Connector/com.unity.robotics.ros-tcp-connector/Runtime/Messages/Nav/srv) by extension 'python'
[0.246s] Level 1:colcon.colcon_core.package_identification:_identify(src/ROS-TCP-Connector/com.unity.robotics.ros-tcp-connector/Runtime/Messages/Nav/srv) by extensions ['python_setup_py']
[0.246s] Level 1:colcon.colcon_core.package_identification:_identify(src/ROS-TCP-Connector/com.unity.robotics.ros-tcp-connector/Runtime/Messages/Nav/srv) by extension 'python_setup_py'
[0.246s] Level 1:colcon.colcon_core.package_identification:_identify(src/ROS-TCP-Connector/com.unity.robotics.ros-tcp-connector/Runtime/Messages/ObjectRecognition) by extensions ['ignore', 'ignore_ament_install']
[0.246s] Level 1:colcon.colcon_core.package_identification:_identify(src/ROS-TCP-Connector/com.unity.robotics.ros-tcp-connector/Runtime/Messages/ObjectRecognition) by extension 'ignore'
[0.246s] Level 1:colcon.colcon_core.package_identification:_identify(src/ROS-TCP-Connector/com.unity.robotics.ros-tcp-connector/Runtime/Messages/ObjectRecognition) by extension 'ignore_ament_install'
[0.246s] Level 1:colcon.colcon_core.package_identification:_identify(src/ROS-TCP-Connector/com.unity.robotics.ros-tcp-connector/Runtime/Messages/ObjectRecognition) by extensions ['colcon_pkg']
[0.246s] Level 1:colcon.colcon_core.package_identification:_identify(src/ROS-TCP-Connector/com.unity.robotics.ros-tcp-connector/Runtime/Messages/ObjectRecognition) by extension 'colcon_pkg'
[0.246s] Level 1:colcon.colcon_core.package_identification:_identify(src/ROS-TCP-Connector/com.unity.robotics.ros-tcp-connector/Runtime/Messages/ObjectRecognition) by extensions ['colcon_meta']
[0.246s] Level 1:colcon.colcon_core.package_identification:_identify(src/ROS-TCP-Connector/com.unity.robotics.ros-tcp-connector/Runtime/Messages/ObjectRecognition) by extension 'colcon_meta'
[0.246s] Level 1:colcon.colcon_core.package_identification:_identify(src/ROS-TCP-Connector/com.unity.robotics.ros-tcp-connector/Runtime/Messages/ObjectRecognition) by extensions ['ros']
[0.246s] Level 1:colcon.colcon_core.package_identification:_identify(src/ROS-TCP-Connector/com.unity.robotics.ros-tcp-connector/Runtime/Messages/ObjectRecognition) by extension 'ros'
[0.246s] Level 1:colcon.colcon_core.package_identification:_identify(src/ROS-TCP-Connector/com.unity.robotics.ros-tcp-connector/Runtime/Messages/ObjectRecognition) by extensions ['cmake', 'python']
[0.246s] Level 1:colcon.colcon_core.package_identification:_identify(src/ROS-TCP-Connector/com.unity.robotics.ros-tcp-connector/Runtime/Messages/ObjectRecognition) by extension 'cmake'
[0.246s] Level 1:colcon.colcon_core.package_identification:_identify(src/ROS-TCP-Connector/com.unity.robotics.ros-tcp-connector/Runtime/Messages/ObjectRecognition) by extension 'python'
[0.246s] Level 1:colcon.colcon_core.package_identification:_identify(src/ROS-TCP-Connector/com.unity.robotics.ros-tcp-connector/Runtime/Messages/ObjectRecognition) by extensions ['python_setup_py']
[0.246s] Level 1:colcon.colcon_core.package_identification:_identify(src/ROS-TCP-Connector/com.unity.robotics.ros-tcp-connector/Runtime/Messages/ObjectRecognition) by extension 'python_setup_py'
[0.246s] Level 1:colcon.colcon_core.package_identification:_identify(src/ROS-TCP-Connector/com.unity.robotics.ros-tcp-connector/Runtime/Messages/ObjectRecognition/action) by extensions ['ignore', 'ignore_ament_install']
[0.246s] Level 1:colcon.colcon_core.package_identification:_identify(src/ROS-TCP-Connector/com.unity.robotics.ros-tcp-connector/Runtime/Messages/ObjectRecognition/action) by extension 'ignore'
[0.246s] Level 1:colcon.colcon_core.package_identification:_identify(src/ROS-TCP-Connector/com.unity.robotics.ros-tcp-connector/Runtime/Messages/ObjectRecognition/action) by extension 'ignore_ament_install'
[0.246s] Level 1:colcon.colcon_core.package_identification:_identify(src/ROS-TCP-Connector/com.unity.robotics.ros-tcp-connector/Runtime/Messages/ObjectRecognition/action) by extensions ['colcon_pkg']
[0.246s] Level 1:colcon.colcon_core.package_identification:_identify(src/ROS-TCP-Connector/com.unity.robotics.ros-tcp-connector/Runtime/Messages/ObjectRecognition/action) by extension 'colcon_pkg'
[0.246s] Level 1:colcon.colcon_core.package_identification:_identify(src/ROS-TCP-Connector/com.unity.robotics.ros-tcp-connector/Runtime/Messages/ObjectRecognition/action) by extensions ['colcon_meta']
[0.246s] Level 1:colcon.colcon_core.package_identification:_identify(src/ROS-TCP-Connector/com.unity.robotics.ros-tcp-connector/Runtime/Messages/ObjectRecognition/action) by extension 'colcon_meta'
[0.246s] Level 1:colcon.colcon_core.package_identification:_identify(src/ROS-TCP-Connector/com.unity.robotics.ros-tcp-connector/Runtime/Messages/ObjectRecognition/action) by extensions ['ros']
[0.246s] Level 1:colcon.colcon_core.package_identification:_identify(src/ROS-TCP-Connector/com.unity.robotics.ros-tcp-connector/Runtime/Messages/ObjectRecognition/action) by extension 'ros'
[0.246s] Level 1:colcon.colcon_core.package_identification:_identify(src/ROS-TCP-Connector/com.unity.robotics.ros-tcp-connector/Runtime/Messages/ObjectRecognition/action) by extensions ['cmake', 'python']
[0.246s] Level 1:colcon.colcon_core.package_identification:_identify(src/ROS-TCP-Connector/com.unity.robotics.ros-tcp-connector/Runtime/Messages/ObjectRecognition/action) by extension 'cmake'
[0.247s] Level 1:colcon.colcon_core.package_identification:_identify(src/ROS-TCP-Connector/com.unity.robotics.ros-tcp-connector/Runtime/Messages/ObjectRecognition/action) by extension 'python'
[0.247s] Level 1:colcon.colcon_core.package_identification:_identify(src/ROS-TCP-Connector/com.unity.robotics.ros-tcp-connector/Runtime/Messages/ObjectRecognition/action) by extensions ['python_setup_py']
[0.247s] Level 1:colcon.colcon_core.package_identification:_identify(src/ROS-TCP-Connector/com.unity.robotics.ros-tcp-connector/Runtime/Messages/ObjectRecognition/action) by extension 'python_setup_py'
[0.247s] Level 1:colcon.colcon_core.package_identification:_identify(src/ROS-TCP-Connector/com.unity.robotics.ros-tcp-connector/Runtime/Messages/ObjectRecognition/msg) by extensions ['ignore', 'ignore_ament_install']
[0.247s] Level 1:colcon.colcon_core.package_identification:_identify(src/ROS-TCP-Connector/com.unity.robotics.ros-tcp-connector/Runtime/Messages/ObjectRecognition/msg) by extension 'ignore'
[0.247s] Level 1:colcon.colcon_core.package_identification:_identify(src/ROS-TCP-Connector/com.unity.robotics.ros-tcp-connector/Runtime/Messages/ObjectRecognition/msg) by extension 'ignore_ament_install'
[0.247s] Level 1:colcon.colcon_core.package_identification:_identify(src/ROS-TCP-Connector/com.unity.robotics.ros-tcp-connector/Runtime/Messages/ObjectRecognition/msg) by extensions ['colcon_pkg']
[0.247s] Level 1:colcon.colcon_core.package_identification:_identify(src/ROS-TCP-Connector/com.unity.robotics.ros-tcp-connector/Runtime/Messages/ObjectRecognition/msg) by extension 'colcon_pkg'
[0.247s] Level 1:colcon.colcon_core.package_identification:_identify(src/ROS-TCP-Connector/com.unity.robotics.ros-tcp-connector/Runtime/Messages/ObjectRecognition/msg) by extensions ['colcon_meta']
[0.247s] Level 1:colcon.colcon_core.package_identification:_identify(src/ROS-TCP-Connector/com.unity.robotics.ros-tcp-connector/Runtime/Messages/ObjectRecognition/msg) by extension 'colcon_meta'
[0.247s] Level 1:colcon.colcon_core.package_identification:_identify(src/ROS-TCP-Connector/com.unity.robotics.ros-tcp-connector/Runtime/Messages/ObjectRecognition/msg) by extensions ['ros']
[0.247s] Level 1:colcon.colcon_core.package_identification:_identify(src/ROS-TCP-Connector/com.unity.robotics.ros-tcp-connector/Runtime/Messages/ObjectRecognition/msg) by extension 'ros'
[0.247s] Level 1:colcon.colcon_core.package_identification:_identify(src/ROS-TCP-Connector/com.unity.robotics.ros-tcp-connector/Runtime/Messages/ObjectRecognition/msg) by extensions ['cmake', 'python']
[0.247s] Level 1:colcon.colcon_core.package_identification:_identify(src/ROS-TCP-Connector/com.unity.robotics.ros-tcp-connector/Runtime/Messages/ObjectRecognition/msg) by extension 'cmake'
[0.247s] Level 1:colcon.colcon_core.package_identification:_identify(src/ROS-TCP-Connector/com.unity.robotics.ros-tcp-connector/Runtime/Messages/ObjectRecognition/msg) by extension 'python'
[0.247s] Level 1:colcon.colcon_core.package_identification:_identify(src/ROS-TCP-Connector/com.unity.robotics.ros-tcp-connector/Runtime/Messages/ObjectRecognition/msg) by extensions ['python_setup_py']
[0.247s] Level 1:colcon.colcon_core.package_identification:_identify(src/ROS-TCP-Connector/com.unity.robotics.ros-tcp-connector/Runtime/Messages/ObjectRecognition/msg) by extension 'python_setup_py'
[0.247s] Level 1:colcon.colcon_core.package_identification:_identify(src/ROS-TCP-Connector/com.unity.robotics.ros-tcp-connector/Runtime/Messages/ObjectRecognition/srv) by extensions ['ignore', 'ignore_ament_install']
[0.247s] Level 1:colcon.colcon_core.package_identification:_identify(src/ROS-TCP-Connector/com.unity.robotics.ros-tcp-connector/Runtime/Messages/ObjectRecognition/srv) by extension 'ignore'
[0.247s] Level 1:colcon.colcon_core.package_identification:_identify(src/ROS-TCP-Connector/com.unity.robotics.ros-tcp-connector/Runtime/Messages/ObjectRecognition/srv) by extension 'ignore_ament_install'
[0.247s] Level 1:colcon.colcon_core.package_identification:_identify(src/ROS-TCP-Connector/com.unity.robotics.ros-tcp-connector/Runtime/Messages/ObjectRecognition/srv) by extensions ['colcon_pkg']
[0.247s] Level 1:colcon.colcon_core.package_identification:_identify(src/ROS-TCP-Connector/com.unity.robotics.ros-tcp-connector/Runtime/Messages/ObjectRecognition/srv) by extension 'colcon_pkg'
[0.247s] Level 1:colcon.colcon_core.package_identification:_identify(src/ROS-TCP-Connector/com.unity.robotics.ros-tcp-connector/Runtime/Messages/ObjectRecognition/srv) by extensions ['colcon_meta']
[0.247s] Level 1:colcon.colcon_core.package_identification:_identify(src/ROS-TCP-Connector/com.unity.robotics.ros-tcp-connector/Runtime/Messages/ObjectRecognition/srv) by extension 'colcon_meta'
[0.247s] Level 1:colcon.colcon_core.package_identification:_identify(src/ROS-TCP-Connector/com.unity.robotics.ros-tcp-connector/Runtime/Messages/ObjectRecognition/srv) by extensions ['ros']
[0.247s] Level 1:colcon.colcon_core.package_identification:_identify(src/ROS-TCP-Connector/com.unity.robotics.ros-tcp-connector/Runtime/Messages/ObjectRecognition/srv) by extension 'ros'
[0.247s] Level 1:colcon.colcon_core.package_identification:_identify(src/ROS-TCP-Connector/com.unity.robotics.ros-tcp-connector/Runtime/Messages/ObjectRecognition/srv) by extensions ['cmake', 'python']
[0.247s] Level 1:colcon.colcon_core.package_identification:_identify(src/ROS-TCP-Connector/com.unity.robotics.ros-tcp-connector/Runtime/Messages/ObjectRecognition/srv) by extension 'cmake'
[0.247s] Level 1:colcon.colcon_core.package_identification:_identify(src/ROS-TCP-Connector/com.unity.robotics.ros-tcp-connector/Runtime/Messages/ObjectRecognition/srv) by extension 'python'
[0.247s] Level 1:colcon.colcon_core.package_identification:_identify(src/ROS-TCP-Connector/com.unity.robotics.ros-tcp-connector/Runtime/Messages/ObjectRecognition/srv) by extensions ['python_setup_py']
[0.247s] Level 1:colcon.colcon_core.package_identification:_identify(src/ROS-TCP-Connector/com.unity.robotics.ros-tcp-connector/Runtime/Messages/ObjectRecognition/srv) by extension 'python_setup_py'
[0.247s] Level 1:colcon.colcon_core.package_identification:_identify(src/ROS-TCP-Connector/com.unity.robotics.ros-tcp-connector/Runtime/Messages/Octomap) by extensions ['ignore', 'ignore_ament_install']
[0.247s] Level 1:colcon.colcon_core.package_identification:_identify(src/ROS-TCP-Connector/com.unity.robotics.ros-tcp-connector/Runtime/Messages/Octomap) by extension 'ignore'
[0.248s] Level 1:colcon.colcon_core.package_identification:_identify(src/ROS-TCP-Connector/com.unity.robotics.ros-tcp-connector/Runtime/Messages/Octomap) by extension 'ignore_ament_install'
[0.248s] Level 1:colcon.colcon_core.package_identification:_identify(src/ROS-TCP-Connector/com.unity.robotics.ros-tcp-connector/Runtime/Messages/Octomap) by extensions ['colcon_pkg']
[0.248s] Level 1:colcon.colcon_core.package_identification:_identify(src/ROS-TCP-Connector/com.unity.robotics.ros-tcp-connector/Runtime/Messages/Octomap) by extension 'colcon_pkg'
[0.248s] Level 1:colcon.colcon_core.package_identification:_identify(src/ROS-TCP-Connector/com.unity.robotics.ros-tcp-connector/Runtime/Messages/Octomap) by extensions ['colcon_meta']
[0.248s] Level 1:colcon.colcon_core.package_identification:_identify(src/ROS-TCP-Connector/com.unity.robotics.ros-tcp-connector/Runtime/Messages/Octomap) by extension 'colcon_meta'
[0.248s] Level 1:colcon.colcon_core.package_identification:_identify(src/ROS-TCP-Connector/com.unity.robotics.ros-tcp-connector/Runtime/Messages/Octomap) by extensions ['ros']
[0.248s] Level 1:colcon.colcon_core.package_identification:_identify(src/ROS-TCP-Connector/com.unity.robotics.ros-tcp-connector/Runtime/Messages/Octomap) by extension 'ros'
[0.248s] Level 1:colcon.colcon_core.package_identification:_identify(src/ROS-TCP-Connector/com.unity.robotics.ros-tcp-connector/Runtime/Messages/Octomap) by extensions ['cmake', 'python']
[0.248s] Level 1:colcon.colcon_core.package_identification:_identify(src/ROS-TCP-Connector/com.unity.robotics.ros-tcp-connector/Runtime/Messages/Octomap) by extension 'cmake'
[0.248s] Level 1:colcon.colcon_core.package_identification:_identify(src/ROS-TCP-Connector/com.unity.robotics.ros-tcp-connector/Runtime/Messages/Octomap) by extension 'python'
[0.248s] Level 1:colcon.colcon_core.package_identification:_identify(src/ROS-TCP-Connector/com.unity.robotics.ros-tcp-connector/Runtime/Messages/Octomap) by extensions ['python_setup_py']
[0.248s] Level 1:colcon.colcon_core.package_identification:_identify(src/ROS-TCP-Connector/com.unity.robotics.ros-tcp-connector/Runtime/Messages/Octomap) by extension 'python_setup_py'
[0.248s] Level 1:colcon.colcon_core.package_identification:_identify(src/ROS-TCP-Connector/com.unity.robotics.ros-tcp-connector/Runtime/Messages/Octomap/msg) by extensions ['ignore', 'ignore_ament_install']
[0.248s] Level 1:colcon.colcon_core.package_identification:_identify(src/ROS-TCP-Connector/com.unity.robotics.ros-tcp-connector/Runtime/Messages/Octomap/msg) by extension 'ignore'
[0.248s] Level 1:colcon.colcon_core.package_identification:_identify(src/ROS-TCP-Connector/com.unity.robotics.ros-tcp-connector/Runtime/Messages/Octomap/msg) by extension 'ignore_ament_install'
[0.248s] Level 1:colcon.colcon_core.package_identification:_identify(src/ROS-TCP-Connector/com.unity.robotics.ros-tcp-connector/Runtime/Messages/Octomap/msg) by extensions ['colcon_pkg']
[0.248s] Level 1:colcon.colcon_core.package_identification:_identify(src/ROS-TCP-Connector/com.unity.robotics.ros-tcp-connector/Runtime/Messages/Octomap/msg) by extension 'colcon_pkg'
[0.248s] Level 1:colcon.colcon_core.package_identification:_identify(src/ROS-TCP-Connector/com.unity.robotics.ros-tcp-connector/Runtime/Messages/Octomap/msg) by extensions ['colcon_meta']
[0.248s] Level 1:colcon.colcon_core.package_identification:_identify(src/ROS-TCP-Connector/com.unity.robotics.ros-tcp-connector/Runtime/Messages/Octomap/msg) by extension 'colcon_meta'
[0.248s] Level 1:colcon.colcon_core.package_identification:_identify(src/ROS-TCP-Connector/com.unity.robotics.ros-tcp-connector/Runtime/Messages/Octomap/msg) by extensions ['ros']
[0.248s] Level 1:colcon.colcon_core.package_identification:_identify(src/ROS-TCP-Connector/com.unity.robotics.ros-tcp-connector/Runtime/Messages/Octomap/msg) by extension 'ros'
[0.248s] Level 1:colcon.colcon_core.package_identification:_identify(src/ROS-TCP-Connector/com.unity.robotics.ros-tcp-connector/Runtime/Messages/Octomap/msg) by extensions ['cmake', 'python']
[0.248s] Level 1:colcon.colcon_core.package_identification:_identify(src/ROS-TCP-Connector/com.unity.robotics.ros-tcp-connector/Runtime/Messages/Octomap/msg) by extension 'cmake'
[0.248s] Level 1:colcon.colcon_core.package_identification:_identify(src/ROS-TCP-Connector/com.unity.robotics.ros-tcp-connector/Runtime/Messages/Octomap/msg) by extension 'python'
[0.248s] Level 1:colcon.colcon_core.package_identification:_identify(src/ROS-TCP-Connector/com.unity.robotics.ros-tcp-connector/Runtime/Messages/Octomap/msg) by extensions ['python_setup_py']
[0.248s] Level 1:colcon.colcon_core.package_identification:_identify(src/ROS-TCP-Connector/com.unity.robotics.ros-tcp-connector/Runtime/Messages/Octomap/msg) by extension 'python_setup_py'
[0.248s] Level 1:colcon.colcon_core.package_identification:_identify(src/ROS-TCP-Connector/com.unity.robotics.ros-tcp-connector/Runtime/Messages/Octomap/srv) by extensions ['ignore', 'ignore_ament_install']
[0.248s] Level 1:colcon.colcon_core.package_identification:_identify(src/ROS-TCP-Connector/com.unity.robotics.ros-tcp-connector/Runtime/Messages/Octomap/srv) by extension 'ignore'
[0.248s] Level 1:colcon.colcon_core.package_identification:_identify(src/ROS-TCP-Connector/com.unity.robotics.ros-tcp-connector/Runtime/Messages/Octomap/srv) by extension 'ignore_ament_install'
[0.248s] Level 1:colcon.colcon_core.package_identification:_identify(src/ROS-TCP-Connector/com.unity.robotics.ros-tcp-connector/Runtime/Messages/Octomap/srv) by extensions ['colcon_pkg']
[0.248s] Level 1:colcon.colcon_core.package_identification:_identify(src/ROS-TCP-Connector/com.unity.robotics.ros-tcp-connector/Runtime/Messages/Octomap/srv) by extension 'colcon_pkg'
[0.248s] Level 1:colcon.colcon_core.package_identification:_identify(src/ROS-TCP-Connector/com.unity.robotics.ros-tcp-connector/Runtime/Messages/Octomap/srv) by extensions ['colcon_meta']
[0.248s] Level 1:colcon.colcon_core.package_identification:_identify(src/ROS-TCP-Connector/com.unity.robotics.ros-tcp-connector/Runtime/Messages/Octomap/srv) by extension 'colcon_meta'
[0.248s] Level 1:colcon.colcon_core.package_identification:_identify(src/ROS-TCP-Connector/com.unity.robotics.ros-tcp-connector/Runtime/Messages/Octomap/srv) by extensions ['ros']
[0.248s] Level 1:colcon.colcon_core.package_identification:_identify(src/ROS-TCP-Connector/com.unity.robotics.ros-tcp-connector/Runtime/Messages/Octomap/srv) by extension 'ros'
[0.248s] Level 1:colcon.colcon_core.package_identification:_identify(src/ROS-TCP-Connector/com.unity.robotics.ros-tcp-connector/Runtime/Messages/Octomap/srv) by extensions ['cmake', 'python']
[0.249s] Level 1:colcon.colcon_core.package_identification:_identify(src/ROS-TCP-Connector/com.unity.robotics.ros-tcp-connector/Runtime/Messages/Octomap/srv) by extension 'cmake'
[0.249s] Level 1:colcon.colcon_core.package_identification:_identify(src/ROS-TCP-Connector/com.unity.robotics.ros-tcp-connector/Runtime/Messages/Octomap/srv) by extension 'python'
[0.249s] Level 1:colcon.colcon_core.package_identification:_identify(src/ROS-TCP-Connector/com.unity.robotics.ros-tcp-connector/Runtime/Messages/Octomap/srv) by extensions ['python_setup_py']
[0.249s] Level 1:colcon.colcon_core.package_identification:_identify(src/ROS-TCP-Connector/com.unity.robotics.ros-tcp-connector/Runtime/Messages/Octomap/srv) by extension 'python_setup_py'
[0.249s] Level 1:colcon.colcon_core.package_identification:_identify(src/ROS-TCP-Connector/com.unity.robotics.ros-tcp-connector/Runtime/Messages/Rosgraph) by extensions ['ignore', 'ignore_ament_install']
[0.249s] Level 1:colcon.colcon_core.package_identification:_identify(src/ROS-TCP-Connector/com.unity.robotics.ros-tcp-connector/Runtime/Messages/Rosgraph) by extension 'ignore'
[0.249s] Level 1:colcon.colcon_core.package_identification:_identify(src/ROS-TCP-Connector/com.unity.robotics.ros-tcp-connector/Runtime/Messages/Rosgraph) by extension 'ignore_ament_install'
[0.249s] Level 1:colcon.colcon_core.package_identification:_identify(src/ROS-TCP-Connector/com.unity.robotics.ros-tcp-connector/Runtime/Messages/Rosgraph) by extensions ['colcon_pkg']
[0.249s] Level 1:colcon.colcon_core.package_identification:_identify(src/ROS-TCP-Connector/com.unity.robotics.ros-tcp-connector/Runtime/Messages/Rosgraph) by extension 'colcon_pkg'
[0.249s] Level 1:colcon.colcon_core.package_identification:_identify(src/ROS-TCP-Connector/com.unity.robotics.ros-tcp-connector/Runtime/Messages/Rosgraph) by extensions ['colcon_meta']
[0.249s] Level 1:colcon.colcon_core.package_identification:_identify(src/ROS-TCP-Connector/com.unity.robotics.ros-tcp-connector/Runtime/Messages/Rosgraph) by extension 'colcon_meta'
[0.249s] Level 1:colcon.colcon_core.package_identification:_identify(src/ROS-TCP-Connector/com.unity.robotics.ros-tcp-connector/Runtime/Messages/Rosgraph) by extensions ['ros']
[0.249s] Level 1:colcon.colcon_core.package_identification:_identify(src/ROS-TCP-Connector/com.unity.robotics.ros-tcp-connector/Runtime/Messages/Rosgraph) by extension 'ros'
[0.249s] Level 1:colcon.colcon_core.package_identification:_identify(src/ROS-TCP-Connector/com.unity.robotics.ros-tcp-connector/Runtime/Messages/Rosgraph) by extensions ['cmake', 'python']
[0.249s] Level 1:colcon.colcon_core.package_identification:_identify(src/ROS-TCP-Connector/com.unity.robotics.ros-tcp-connector/Runtime/Messages/Rosgraph) by extension 'cmake'
[0.249s] Level 1:colcon.colcon_core.package_identification:_identify(src/ROS-TCP-Connector/com.unity.robotics.ros-tcp-connector/Runtime/Messages/Rosgraph) by extension 'python'
[0.249s] Level 1:colcon.colcon_core.package_identification:_identify(src/ROS-TCP-Connector/com.unity.robotics.ros-tcp-connector/Runtime/Messages/Rosgraph) by extensions ['python_setup_py']
[0.249s] Level 1:colcon.colcon_core.package_identification:_identify(src/ROS-TCP-Connector/com.unity.robotics.ros-tcp-connector/Runtime/Messages/Rosgraph) by extension 'python_setup_py'
[0.249s] Level 1:colcon.colcon_core.package_identification:_identify(src/ROS-TCP-Connector/com.unity.robotics.ros-tcp-connector/Runtime/Messages/Rosgraph/msg) by extensions ['ignore', 'ignore_ament_install']
[0.249s] Level 1:colcon.colcon_core.package_identification:_identify(src/ROS-TCP-Connector/com.unity.robotics.ros-tcp-connector/Runtime/Messages/Rosgraph/msg) by extension 'ignore'
[0.249s] Level 1:colcon.colcon_core.package_identification:_identify(src/ROS-TCP-Connector/com.unity.robotics.ros-tcp-connector/Runtime/Messages/Rosgraph/msg) by extension 'ignore_ament_install'
[0.249s] Level 1:colcon.colcon_core.package_identification:_identify(src/ROS-TCP-Connector/com.unity.robotics.ros-tcp-connector/Runtime/Messages/Rosgraph/msg) by extensions ['colcon_pkg']
[0.249s] Level 1:colcon.colcon_core.package_identification:_identify(src/ROS-TCP-Connector/com.unity.robotics.ros-tcp-connector/Runtime/Messages/Rosgraph/msg) by extension 'colcon_pkg'
[0.249s] Level 1:colcon.colcon_core.package_identification:_identify(src/ROS-TCP-Connector/com.unity.robotics.ros-tcp-connector/Runtime/Messages/Rosgraph/msg) by extensions ['colcon_meta']
[0.249s] Level 1:colcon.colcon_core.package_identification:_identify(src/ROS-TCP-Connector/com.unity.robotics.ros-tcp-connector/Runtime/Messages/Rosgraph/msg) by extension 'colcon_meta'
[0.249s] Level 1:colcon.colcon_core.package_identification:_identify(src/ROS-TCP-Connector/com.unity.robotics.ros-tcp-connector/Runtime/Messages/Rosgraph/msg) by extensions ['ros']
[0.249s] Level 1:colcon.colcon_core.package_identification:_identify(src/ROS-TCP-Connector/com.unity.robotics.ros-tcp-connector/Runtime/Messages/Rosgraph/msg) by extension 'ros'
[0.249s] Level 1:colcon.colcon_core.package_identification:_identify(src/ROS-TCP-Connector/com.unity.robotics.ros-tcp-connector/Runtime/Messages/Rosgraph/msg) by extensions ['cmake', 'python']
[0.249s] Level 1:colcon.colcon_core.package_identification:_identify(src/ROS-TCP-Connector/com.unity.robotics.ros-tcp-connector/Runtime/Messages/Rosgraph/msg) by extension 'cmake'
[0.249s] Level 1:colcon.colcon_core.package_identification:_identify(src/ROS-TCP-Connector/com.unity.robotics.ros-tcp-connector/Runtime/Messages/Rosgraph/msg) by extension 'python'
[0.249s] Level 1:colcon.colcon_core.package_identification:_identify(src/ROS-TCP-Connector/com.unity.robotics.ros-tcp-connector/Runtime/Messages/Rosgraph/msg) by extensions ['python_setup_py']
[0.249s] Level 1:colcon.colcon_core.package_identification:_identify(src/ROS-TCP-Connector/com.unity.robotics.ros-tcp-connector/Runtime/Messages/Rosgraph/msg) by extension 'python_setup_py'
[0.249s] Level 1:colcon.colcon_core.package_identification:_identify(src/ROS-TCP-Connector/com.unity.robotics.ros-tcp-connector/Runtime/Messages/Sensor) by extensions ['ignore', 'ignore_ament_install']
[0.249s] Level 1:colcon.colcon_core.package_identification:_identify(src/ROS-TCP-Connector/com.unity.robotics.ros-tcp-connector/Runtime/Messages/Sensor) by extension 'ignore'
[0.250s] Level 1:colcon.colcon_core.package_identification:_identify(src/ROS-TCP-Connector/com.unity.robotics.ros-tcp-connector/Runtime/Messages/Sensor) by extension 'ignore_ament_install'
[0.250s] Level 1:colcon.colcon_core.package_identification:_identify(src/ROS-TCP-Connector/com.unity.robotics.ros-tcp-connector/Runtime/Messages/Sensor) by extensions ['colcon_pkg']
[0.250s] Level 1:colcon.colcon_core.package_identification:_identify(src/ROS-TCP-Connector/com.unity.robotics.ros-tcp-connector/Runtime/Messages/Sensor) by extension 'colcon_pkg'
[0.250s] Level 1:colcon.colcon_core.package_identification:_identify(src/ROS-TCP-Connector/com.unity.robotics.ros-tcp-connector/Runtime/Messages/Sensor) by extensions ['colcon_meta']
[0.250s] Level 1:colcon.colcon_core.package_identification:_identify(src/ROS-TCP-Connector/com.unity.robotics.ros-tcp-connector/Runtime/Messages/Sensor) by extension 'colcon_meta'
[0.250s] Level 1:colcon.colcon_core.package_identification:_identify(src/ROS-TCP-Connector/com.unity.robotics.ros-tcp-connector/Runtime/Messages/Sensor) by extensions ['ros']
[0.250s] Level 1:colcon.colcon_core.package_identification:_identify(src/ROS-TCP-Connector/com.unity.robotics.ros-tcp-connector/Runtime/Messages/Sensor) by extension 'ros'
[0.250s] Level 1:colcon.colcon_core.package_identification:_identify(src/ROS-TCP-Connector/com.unity.robotics.ros-tcp-connector/Runtime/Messages/Sensor) by extensions ['cmake', 'python']
[0.250s] Level 1:colcon.colcon_core.package_identification:_identify(src/ROS-TCP-Connector/com.unity.robotics.ros-tcp-connector/Runtime/Messages/Sensor) by extension 'cmake'
[0.250s] Level 1:colcon.colcon_core.package_identification:_identify(src/ROS-TCP-Connector/com.unity.robotics.ros-tcp-connector/Runtime/Messages/Sensor) by extension 'python'
[0.250s] Level 1:colcon.colcon_core.package_identification:_identify(src/ROS-TCP-Connector/com.unity.robotics.ros-tcp-connector/Runtime/Messages/Sensor) by extensions ['python_setup_py']
[0.250s] Level 1:colcon.colcon_core.package_identification:_identify(src/ROS-TCP-Connector/com.unity.robotics.ros-tcp-connector/Runtime/Messages/Sensor) by extension 'python_setup_py'
[0.250s] Level 1:colcon.colcon_core.package_identification:_identify(src/ROS-TCP-Connector/com.unity.robotics.ros-tcp-connector/Runtime/Messages/Sensor/msg) by extensions ['ignore', 'ignore_ament_install']
[0.250s] Level 1:colcon.colcon_core.package_identification:_identify(src/ROS-TCP-Connector/com.unity.robotics.ros-tcp-connector/Runtime/Messages/Sensor/msg) by extension 'ignore'
[0.250s] Level 1:colcon.colcon_core.package_identification:_identify(src/ROS-TCP-Connector/com.unity.robotics.ros-tcp-connector/Runtime/Messages/Sensor/msg) by extension 'ignore_ament_install'
[0.250s] Level 1:colcon.colcon_core.package_identification:_identify(src/ROS-TCP-Connector/com.unity.robotics.ros-tcp-connector/Runtime/Messages/Sensor/msg) by extensions ['colcon_pkg']
[0.250s] Level 1:colcon.colcon_core.package_identification:_identify(src/ROS-TCP-Connector/com.unity.robotics.ros-tcp-connector/Runtime/Messages/Sensor/msg) by extension 'colcon_pkg'
[0.250s] Level 1:colcon.colcon_core.package_identification:_identify(src/ROS-TCP-Connector/com.unity.robotics.ros-tcp-connector/Runtime/Messages/Sensor/msg) by extensions ['colcon_meta']
[0.250s] Level 1:colcon.colcon_core.package_identification:_identify(src/ROS-TCP-Connector/com.unity.robotics.ros-tcp-connector/Runtime/Messages/Sensor/msg) by extension 'colcon_meta'
[0.250s] Level 1:colcon.colcon_core.package_identification:_identify(src/ROS-TCP-Connector/com.unity.robotics.ros-tcp-connector/Runtime/Messages/Sensor/msg) by extensions ['ros']
[0.250s] Level 1:colcon.colcon_core.package_identification:_identify(src/ROS-TCP-Connector/com.unity.robotics.ros-tcp-connector/Runtime/Messages/Sensor/msg) by extension 'ros'
[0.250s] Level 1:colcon.colcon_core.package_identification:_identify(src/ROS-TCP-Connector/com.unity.robotics.ros-tcp-connector/Runtime/Messages/Sensor/msg) by extensions ['cmake', 'python']
[0.250s] Level 1:colcon.colcon_core.package_identification:_identify(src/ROS-TCP-Connector/com.unity.robotics.ros-tcp-connector/Runtime/Messages/Sensor/msg) by extension 'cmake'
[0.250s] Level 1:colcon.colcon_core.package_identification:_identify(src/ROS-TCP-Connector/com.unity.robotics.ros-tcp-connector/Runtime/Messages/Sensor/msg) by extension 'python'
[0.250s] Level 1:colcon.colcon_core.package_identification:_identify(src/ROS-TCP-Connector/com.unity.robotics.ros-tcp-connector/Runtime/Messages/Sensor/msg) by extensions ['python_setup_py']
[0.250s] Level 1:colcon.colcon_core.package_identification:_identify(src/ROS-TCP-Connector/com.unity.robotics.ros-tcp-connector/Runtime/Messages/Sensor/msg) by extension 'python_setup_py'
[0.250s] Level 1:colcon.colcon_core.package_identification:_identify(src/ROS-TCP-Connector/com.unity.robotics.ros-tcp-connector/Runtime/Messages/Sensor/srv) by extensions ['ignore', 'ignore_ament_install']
[0.250s] Level 1:colcon.colcon_core.package_identification:_identify(src/ROS-TCP-Connector/com.unity.robotics.ros-tcp-connector/Runtime/Messages/Sensor/srv) by extension 'ignore'
[0.250s] Level 1:colcon.colcon_core.package_identification:_identify(src/ROS-TCP-Connector/com.unity.robotics.ros-tcp-connector/Runtime/Messages/Sensor/srv) by extension 'ignore_ament_install'
[0.250s] Level 1:colcon.colcon_core.package_identification:_identify(src/ROS-TCP-Connector/com.unity.robotics.ros-tcp-connector/Runtime/Messages/Sensor/srv) by extensions ['colcon_pkg']
[0.250s] Level 1:colcon.colcon_core.package_identification:_identify(src/ROS-TCP-Connector/com.unity.robotics.ros-tcp-connector/Runtime/Messages/Sensor/srv) by extension 'colcon_pkg'
[0.250s] Level 1:colcon.colcon_core.package_identification:_identify(src/ROS-TCP-Connector/com.unity.robotics.ros-tcp-connector/Runtime/Messages/Sensor/srv) by extensions ['colcon_meta']
[0.250s] Level 1:colcon.colcon_core.package_identification:_identify(src/ROS-TCP-Connector/com.unity.robotics.ros-tcp-connector/Runtime/Messages/Sensor/srv) by extension 'colcon_meta'
[0.250s] Level 1:colcon.colcon_core.package_identification:_identify(src/ROS-TCP-Connector/com.unity.robotics.ros-tcp-connector/Runtime/Messages/Sensor/srv) by extensions ['ros']
[0.251s] Level 1:colcon.colcon_core.package_identification:_identify(src/ROS-TCP-Connector/com.unity.robotics.ros-tcp-connector/Runtime/Messages/Sensor/srv) by extension 'ros'
[0.251s] Level 1:colcon.colcon_core.package_identification:_identify(src/ROS-TCP-Connector/com.unity.robotics.ros-tcp-connector/Runtime/Messages/Sensor/srv) by extensions ['cmake', 'python']
[0.251s] Level 1:colcon.colcon_core.package_identification:_identify(src/ROS-TCP-Connector/com.unity.robotics.ros-tcp-connector/Runtime/Messages/Sensor/srv) by extension 'cmake'
[0.251s] Level 1:colcon.colcon_core.package_identification:_identify(src/ROS-TCP-Connector/com.unity.robotics.ros-tcp-connector/Runtime/Messages/Sensor/srv) by extension 'python'
[0.251s] Level 1:colcon.colcon_core.package_identification:_identify(src/ROS-TCP-Connector/com.unity.robotics.ros-tcp-connector/Runtime/Messages/Sensor/srv) by extensions ['python_setup_py']
[0.251s] Level 1:colcon.colcon_core.package_identification:_identify(src/ROS-TCP-Connector/com.unity.robotics.ros-tcp-connector/Runtime/Messages/Sensor/srv) by extension 'python_setup_py'
[0.251s] Level 1:colcon.colcon_core.package_identification:_identify(src/ROS-TCP-Connector/com.unity.robotics.ros-tcp-connector/Runtime/Messages/Shape) by extensions ['ignore', 'ignore_ament_install']
[0.251s] Level 1:colcon.colcon_core.package_identification:_identify(src/ROS-TCP-Connector/com.unity.robotics.ros-tcp-connector/Runtime/Messages/Shape) by extension 'ignore'
[0.251s] Level 1:colcon.colcon_core.package_identification:_identify(src/ROS-TCP-Connector/com.unity.robotics.ros-tcp-connector/Runtime/Messages/Shape) by extension 'ignore_ament_install'
[0.251s] Level 1:colcon.colcon_core.package_identification:_identify(src/ROS-TCP-Connector/com.unity.robotics.ros-tcp-connector/Runtime/Messages/Shape) by extensions ['colcon_pkg']
[0.251s] Level 1:colcon.colcon_core.package_identification:_identify(src/ROS-TCP-Connector/com.unity.robotics.ros-tcp-connector/Runtime/Messages/Shape) by extension 'colcon_pkg'
[0.251s] Level 1:colcon.colcon_core.package_identification:_identify(src/ROS-TCP-Connector/com.unity.robotics.ros-tcp-connector/Runtime/Messages/Shape) by extensions ['colcon_meta']
[0.251s] Level 1:colcon.colcon_core.package_identification:_identify(src/ROS-TCP-Connector/com.unity.robotics.ros-tcp-connector/Runtime/Messages/Shape) by extension 'colcon_meta'
[0.251s] Level 1:colcon.colcon_core.package_identification:_identify(src/ROS-TCP-Connector/com.unity.robotics.ros-tcp-connector/Runtime/Messages/Shape) by extensions ['ros']
[0.251s] Level 1:colcon.colcon_core.package_identification:_identify(src/ROS-TCP-Connector/com.unity.robotics.ros-tcp-connector/Runtime/Messages/Shape) by extension 'ros'
[0.251s] Level 1:colcon.colcon_core.package_identification:_identify(src/ROS-TCP-Connector/com.unity.robotics.ros-tcp-connector/Runtime/Messages/Shape) by extensions ['cmake', 'python']
[0.251s] Level 1:colcon.colcon_core.package_identification:_identify(src/ROS-TCP-Connector/com.unity.robotics.ros-tcp-connector/Runtime/Messages/Shape) by extension 'cmake'
[0.251s] Level 1:colcon.colcon_core.package_identification:_identify(src/ROS-TCP-Connector/com.unity.robotics.ros-tcp-connector/Runtime/Messages/Shape) by extension 'python'
[0.251s] Level 1:colcon.colcon_core.package_identification:_identify(src/ROS-TCP-Connector/com.unity.robotics.ros-tcp-connector/Runtime/Messages/Shape) by extensions ['python_setup_py']
[0.251s] Level 1:colcon.colcon_core.package_identification:_identify(src/ROS-TCP-Connector/com.unity.robotics.ros-tcp-connector/Runtime/Messages/Shape) by extension 'python_setup_py'
[0.251s] Level 1:colcon.colcon_core.package_identification:_identify(src/ROS-TCP-Connector/com.unity.robotics.ros-tcp-connector/Runtime/Messages/Shape/msg) by extensions ['ignore', 'ignore_ament_install']
[0.251s] Level 1:colcon.colcon_core.package_identification:_identify(src/ROS-TCP-Connector/com.unity.robotics.ros-tcp-connector/Runtime/Messages/Shape/msg) by extension 'ignore'
[0.251s] Level 1:colcon.colcon_core.package_identification:_identify(src/ROS-TCP-Connector/com.unity.robotics.ros-tcp-connector/Runtime/Messages/Shape/msg) by extension 'ignore_ament_install'
[0.251s] Level 1:colcon.colcon_core.package_identification:_identify(src/ROS-TCP-Connector/com.unity.robotics.ros-tcp-connector/Runtime/Messages/Shape/msg) by extensions ['colcon_pkg']
[0.251s] Level 1:colcon.colcon_core.package_identification:_identify(src/ROS-TCP-Connector/com.unity.robotics.ros-tcp-connector/Runtime/Messages/Shape/msg) by extension 'colcon_pkg'
[0.251s] Level 1:colcon.colcon_core.package_identification:_identify(src/ROS-TCP-Connector/com.unity.robotics.ros-tcp-connector/Runtime/Messages/Shape/msg) by extensions ['colcon_meta']
[0.251s] Level 1:colcon.colcon_core.package_identification:_identify(src/ROS-TCP-Connector/com.unity.robotics.ros-tcp-connector/Runtime/Messages/Shape/msg) by extension 'colcon_meta'
[0.251s] Level 1:colcon.colcon_core.package_identification:_identify(src/ROS-TCP-Connector/com.unity.robotics.ros-tcp-connector/Runtime/Messages/Shape/msg) by extensions ['ros']
[0.251s] Level 1:colcon.colcon_core.package_identification:_identify(src/ROS-TCP-Connector/com.unity.robotics.ros-tcp-connector/Runtime/Messages/Shape/msg) by extension 'ros'
[0.251s] Level 1:colcon.colcon_core.package_identification:_identify(src/ROS-TCP-Connector/com.unity.robotics.ros-tcp-connector/Runtime/Messages/Shape/msg) by extensions ['cmake', 'python']
[0.251s] Level 1:colcon.colcon_core.package_identification:_identify(src/ROS-TCP-Connector/com.unity.robotics.ros-tcp-connector/Runtime/Messages/Shape/msg) by extension 'cmake'
[0.251s] Level 1:colcon.colcon_core.package_identification:_identify(src/ROS-TCP-Connector/com.unity.robotics.ros-tcp-connector/Runtime/Messages/Shape/msg) by extension 'python'
[0.251s] Level 1:colcon.colcon_core.package_identification:_identify(src/ROS-TCP-Connector/com.unity.robotics.ros-tcp-connector/Runtime/Messages/Shape/msg) by extensions ['python_setup_py']
[0.251s] Level 1:colcon.colcon_core.package_identification:_identify(src/ROS-TCP-Connector/com.unity.robotics.ros-tcp-connector/Runtime/Messages/Shape/msg) by extension 'python_setup_py'
[0.251s] Level 1:colcon.colcon_core.package_identification:_identify(src/ROS-TCP-Connector/com.unity.robotics.ros-tcp-connector/Runtime/Messages/Std) by extensions ['ignore', 'ignore_ament_install']
[0.252s] Level 1:colcon.colcon_core.package_identification:_identify(src/ROS-TCP-Connector/com.unity.robotics.ros-tcp-connector/Runtime/Messages/Std) by extension 'ignore'
[0.252s] Level 1:colcon.colcon_core.package_identification:_identify(src/ROS-TCP-Connector/com.unity.robotics.ros-tcp-connector/Runtime/Messages/Std) by extension 'ignore_ament_install'
[0.252s] Level 1:colcon.colcon_core.package_identification:_identify(src/ROS-TCP-Connector/com.unity.robotics.ros-tcp-connector/Runtime/Messages/Std) by extensions ['colcon_pkg']
[0.252s] Level 1:colcon.colcon_core.package_identification:_identify(src/ROS-TCP-Connector/com.unity.robotics.ros-tcp-connector/Runtime/Messages/Std) by extension 'colcon_pkg'
[0.252s] Level 1:colcon.colcon_core.package_identification:_identify(src/ROS-TCP-Connector/com.unity.robotics.ros-tcp-connector/Runtime/Messages/Std) by extensions ['colcon_meta']
[0.252s] Level 1:colcon.colcon_core.package_identification:_identify(src/ROS-TCP-Connector/com.unity.robotics.ros-tcp-connector/Runtime/Messages/Std) by extension 'colcon_meta'
[0.252s] Level 1:colcon.colcon_core.package_identification:_identify(src/ROS-TCP-Connector/com.unity.robotics.ros-tcp-connector/Runtime/Messages/Std) by extensions ['ros']
[0.252s] Level 1:colcon.colcon_core.package_identification:_identify(src/ROS-TCP-Connector/com.unity.robotics.ros-tcp-connector/Runtime/Messages/Std) by extension 'ros'
[0.252s] Level 1:colcon.colcon_core.package_identification:_identify(src/ROS-TCP-Connector/com.unity.robotics.ros-tcp-connector/Runtime/Messages/Std) by extensions ['cmake', 'python']
[0.252s] Level 1:colcon.colcon_core.package_identification:_identify(src/ROS-TCP-Connector/com.unity.robotics.ros-tcp-connector/Runtime/Messages/Std) by extension 'cmake'
[0.252s] Level 1:colcon.colcon_core.package_identification:_identify(src/ROS-TCP-Connector/com.unity.robotics.ros-tcp-connector/Runtime/Messages/Std) by extension 'python'
[0.252s] Level 1:colcon.colcon_core.package_identification:_identify(src/ROS-TCP-Connector/com.unity.robotics.ros-tcp-connector/Runtime/Messages/Std) by extensions ['python_setup_py']
[0.252s] Level 1:colcon.colcon_core.package_identification:_identify(src/ROS-TCP-Connector/com.unity.robotics.ros-tcp-connector/Runtime/Messages/Std) by extension 'python_setup_py'
[0.252s] Level 1:colcon.colcon_core.package_identification:_identify(src/ROS-TCP-Connector/com.unity.robotics.ros-tcp-connector/Runtime/Messages/Std/msg) by extensions ['ignore', 'ignore_ament_install']
[0.252s] Level 1:colcon.colcon_core.package_identification:_identify(src/ROS-TCP-Connector/com.unity.robotics.ros-tcp-connector/Runtime/Messages/Std/msg) by extension 'ignore'
[0.252s] Level 1:colcon.colcon_core.package_identification:_identify(src/ROS-TCP-Connector/com.unity.robotics.ros-tcp-connector/Runtime/Messages/Std/msg) by extension 'ignore_ament_install'
[0.252s] Level 1:colcon.colcon_core.package_identification:_identify(src/ROS-TCP-Connector/com.unity.robotics.ros-tcp-connector/Runtime/Messages/Std/msg) by extensions ['colcon_pkg']
[0.252s] Level 1:colcon.colcon_core.package_identification:_identify(src/ROS-TCP-Connector/com.unity.robotics.ros-tcp-connector/Runtime/Messages/Std/msg) by extension 'colcon_pkg'
[0.252s] Level 1:colcon.colcon_core.package_identification:_identify(src/ROS-TCP-Connector/com.unity.robotics.ros-tcp-connector/Runtime/Messages/Std/msg) by extensions ['colcon_meta']
[0.252s] Level 1:colcon.colcon_core.package_identification:_identify(src/ROS-TCP-Connector/com.unity.robotics.ros-tcp-connector/Runtime/Messages/Std/msg) by extension 'colcon_meta'
[0.252s] Level 1:colcon.colcon_core.package_identification:_identify(src/ROS-TCP-Connector/com.unity.robotics.ros-tcp-connector/Runtime/Messages/Std/msg) by extensions ['ros']
[0.252s] Level 1:colcon.colcon_core.package_identification:_identify(src/ROS-TCP-Connector/com.unity.robotics.ros-tcp-connector/Runtime/Messages/Std/msg) by extension 'ros'
[0.252s] Level 1:colcon.colcon_core.package_identification:_identify(src/ROS-TCP-Connector/com.unity.robotics.ros-tcp-connector/Runtime/Messages/Std/msg) by extensions ['cmake', 'python']
[0.252s] Level 1:colcon.colcon_core.package_identification:_identify(src/ROS-TCP-Connector/com.unity.robotics.ros-tcp-connector/Runtime/Messages/Std/msg) by extension 'cmake'
[0.252s] Level 1:colcon.colcon_core.package_identification:_identify(src/ROS-TCP-Connector/com.unity.robotics.ros-tcp-connector/Runtime/Messages/Std/msg) by extension 'python'
[0.252s] Level 1:colcon.colcon_core.package_identification:_identify(src/ROS-TCP-Connector/com.unity.robotics.ros-tcp-connector/Runtime/Messages/Std/msg) by extensions ['python_setup_py']
[0.252s] Level 1:colcon.colcon_core.package_identification:_identify(src/ROS-TCP-Connector/com.unity.robotics.ros-tcp-connector/Runtime/Messages/Std/msg) by extension 'python_setup_py'
[0.252s] Level 1:colcon.colcon_core.package_identification:_identify(src/ROS-TCP-Connector/com.unity.robotics.ros-tcp-connector/Runtime/Messages/Std/srv) by extensions ['ignore', 'ignore_ament_install']
[0.252s] Level 1:colcon.colcon_core.package_identification:_identify(src/ROS-TCP-Connector/com.unity.robotics.ros-tcp-connector/Runtime/Messages/Std/srv) by extension 'ignore'
[0.252s] Level 1:colcon.colcon_core.package_identification:_identify(src/ROS-TCP-Connector/com.unity.robotics.ros-tcp-connector/Runtime/Messages/Std/srv) by extension 'ignore_ament_install'
[0.252s] Level 1:colcon.colcon_core.package_identification:_identify(src/ROS-TCP-Connector/com.unity.robotics.ros-tcp-connector/Runtime/Messages/Std/srv) by extensions ['colcon_pkg']
[0.252s] Level 1:colcon.colcon_core.package_identification:_identify(src/ROS-TCP-Connector/com.unity.robotics.ros-tcp-connector/Runtime/Messages/Std/srv) by extension 'colcon_pkg'
[0.253s] Level 1:colcon.colcon_core.package_identification:_identify(src/ROS-TCP-Connector/com.unity.robotics.ros-tcp-connector/Runtime/Messages/Std/srv) by extensions ['colcon_meta']
[0.253s] Level 1:colcon.colcon_core.package_identification:_identify(src/ROS-TCP-Connector/com.unity.robotics.ros-tcp-connector/Runtime/Messages/Std/srv) by extension 'colcon_meta'
[0.253s] Level 1:colcon.colcon_core.package_identification:_identify(src/ROS-TCP-Connector/com.unity.robotics.ros-tcp-connector/Runtime/Messages/Std/srv) by extensions ['ros']
[0.253s] Level 1:colcon.colcon_core.package_identification:_identify(src/ROS-TCP-Connector/com.unity.robotics.ros-tcp-connector/Runtime/Messages/Std/srv) by extension 'ros'
[0.253s] Level 1:colcon.colcon_core.package_identification:_identify(src/ROS-TCP-Connector/com.unity.robotics.ros-tcp-connector/Runtime/Messages/Std/srv) by extensions ['cmake', 'python']
[0.253s] Level 1:colcon.colcon_core.package_identification:_identify(src/ROS-TCP-Connector/com.unity.robotics.ros-tcp-connector/Runtime/Messages/Std/srv) by extension 'cmake'
[0.253s] Level 1:colcon.colcon_core.package_identification:_identify(src/ROS-TCP-Connector/com.unity.robotics.ros-tcp-connector/Runtime/Messages/Std/srv) by extension 'python'
[0.253s] Level 1:colcon.colcon_core.package_identification:_identify(src/ROS-TCP-Connector/com.unity.robotics.ros-tcp-connector/Runtime/Messages/Std/srv) by extensions ['python_setup_py']
[0.253s] Level 1:colcon.colcon_core.package_identification:_identify(src/ROS-TCP-Connector/com.unity.robotics.ros-tcp-connector/Runtime/Messages/Std/srv) by extension 'python_setup_py'
[0.253s] Level 1:colcon.colcon_core.package_identification:_identify(src/ROS-TCP-Connector/com.unity.robotics.ros-tcp-connector/Runtime/Messages/Stereo) by extensions ['ignore', 'ignore_ament_install']
[0.253s] Level 1:colcon.colcon_core.package_identification:_identify(src/ROS-TCP-Connector/com.unity.robotics.ros-tcp-connector/Runtime/Messages/Stereo) by extension 'ignore'
[0.253s] Level 1:colcon.colcon_core.package_identification:_identify(src/ROS-TCP-Connector/com.unity.robotics.ros-tcp-connector/Runtime/Messages/Stereo) by extension 'ignore_ament_install'
[0.253s] Level 1:colcon.colcon_core.package_identification:_identify(src/ROS-TCP-Connector/com.unity.robotics.ros-tcp-connector/Runtime/Messages/Stereo) by extensions ['colcon_pkg']
[0.253s] Level 1:colcon.colcon_core.package_identification:_identify(src/ROS-TCP-Connector/com.unity.robotics.ros-tcp-connector/Runtime/Messages/Stereo) by extension 'colcon_pkg'
[0.253s] Level 1:colcon.colcon_core.package_identification:_identify(src/ROS-TCP-Connector/com.unity.robotics.ros-tcp-connector/Runtime/Messages/Stereo) by extensions ['colcon_meta']
[0.253s] Level 1:colcon.colcon_core.package_identification:_identify(src/ROS-TCP-Connector/com.unity.robotics.ros-tcp-connector/Runtime/Messages/Stereo) by extension 'colcon_meta'
[0.253s] Level 1:colcon.colcon_core.package_identification:_identify(src/ROS-TCP-Connector/com.unity.robotics.ros-tcp-connector/Runtime/Messages/Stereo) by extensions ['ros']
[0.253s] Level 1:colcon.colcon_core.package_identification:_identify(src/ROS-TCP-Connector/com.unity.robotics.ros-tcp-connector/Runtime/Messages/Stereo) by extension 'ros'
[0.253s] Level 1:colcon.colcon_core.package_identification:_identify(src/ROS-TCP-Connector/com.unity.robotics.ros-tcp-connector/Runtime/Messages/Stereo) by extensions ['cmake', 'python']
[0.253s] Level 1:colcon.colcon_core.package_identification:_identify(src/ROS-TCP-Connector/com.unity.robotics.ros-tcp-connector/Runtime/Messages/Stereo) by extension 'cmake'
[0.254s] Level 1:colcon.colcon_core.package_identification:_identify(src/ROS-TCP-Connector/com.unity.robotics.ros-tcp-connector/Runtime/Messages/Stereo) by extension 'python'
[0.254s] Level 1:colcon.colcon_core.package_identification:_identify(src/ROS-TCP-Connector/com.unity.robotics.ros-tcp-connector/Runtime/Messages/Stereo) by extensions ['python_setup_py']
[0.254s] Level 1:colcon.colcon_core.package_identification:_identify(src/ROS-TCP-Connector/com.unity.robotics.ros-tcp-connector/Runtime/Messages/Stereo) by extension 'python_setup_py'
[0.254s] Level 1:colcon.colcon_core.package_identification:_identify(src/ROS-TCP-Connector/com.unity.robotics.ros-tcp-connector/Runtime/Messages/Stereo/msg) by extensions ['ignore', 'ignore_ament_install']
[0.254s] Level 1:colcon.colcon_core.package_identification:_identify(src/ROS-TCP-Connector/com.unity.robotics.ros-tcp-connector/Runtime/Messages/Stereo/msg) by extension 'ignore'
[0.254s] Level 1:colcon.colcon_core.package_identification:_identify(src/ROS-TCP-Connector/com.unity.robotics.ros-tcp-connector/Runtime/Messages/Stereo/msg) by extension 'ignore_ament_install'
[0.254s] Level 1:colcon.colcon_core.package_identification:_identify(src/ROS-TCP-Connector/com.unity.robotics.ros-tcp-connector/Runtime/Messages/Stereo/msg) by extensions ['colcon_pkg']
[0.254s] Level 1:colcon.colcon_core.package_identification:_identify(src/ROS-TCP-Connector/com.unity.robotics.ros-tcp-connector/Runtime/Messages/Stereo/msg) by extension 'colcon_pkg'
[0.254s] Level 1:colcon.colcon_core.package_identification:_identify(src/ROS-TCP-Connector/com.unity.robotics.ros-tcp-connector/Runtime/Messages/Stereo/msg) by extensions ['colcon_meta']
[0.254s] Level 1:colcon.colcon_core.package_identification:_identify(src/ROS-TCP-Connector/com.unity.robotics.ros-tcp-connector/Runtime/Messages/Stereo/msg) by extension 'colcon_meta'
[0.254s] Level 1:colcon.colcon_core.package_identification:_identify(src/ROS-TCP-Connector/com.unity.robotics.ros-tcp-connector/Runtime/Messages/Stereo/msg) by extensions ['ros']
[0.255s] Level 1:colcon.colcon_core.package_identification:_identify(src/ROS-TCP-Connector/com.unity.robotics.ros-tcp-connector/Runtime/Messages/Stereo/msg) by extension 'ros'
[0.255s] Level 1:colcon.colcon_core.package_identification:_identify(src/ROS-TCP-Connector/com.unity.robotics.ros-tcp-connector/Runtime/Messages/Stereo/msg) by extensions ['cmake', 'python']
[0.255s] Level 1:colcon.colcon_core.package_identification:_identify(src/ROS-TCP-Connector/com.unity.robotics.ros-tcp-connector/Runtime/Messages/Stereo/msg) by extension 'cmake'
[0.255s] Level 1:colcon.colcon_core.package_identification:_identify(src/ROS-TCP-Connector/com.unity.robotics.ros-tcp-connector/Runtime/Messages/Stereo/msg) by extension 'python'
[0.255s] Level 1:colcon.colcon_core.package_identification:_identify(src/ROS-TCP-Connector/com.unity.robotics.ros-tcp-connector/Runtime/Messages/Stereo/msg) by extensions ['python_setup_py']
[0.255s] Level 1:colcon.colcon_core.package_identification:_identify(src/ROS-TCP-Connector/com.unity.robotics.ros-tcp-connector/Runtime/Messages/Stereo/msg) by extension 'python_setup_py'
[0.255s] Level 1:colcon.colcon_core.package_identification:_identify(src/ROS-TCP-Connector/com.unity.robotics.ros-tcp-connector/Runtime/Messages/Tf2) by extensions ['ignore', 'ignore_ament_install']
[0.255s] Level 1:colcon.colcon_core.package_identification:_identify(src/ROS-TCP-Connector/com.unity.robotics.ros-tcp-connector/Runtime/Messages/Tf2) by extension 'ignore'
[0.255s] Level 1:colcon.colcon_core.package_identification:_identify(src/ROS-TCP-Connector/com.unity.robotics.ros-tcp-connector/Runtime/Messages/Tf2) by extension 'ignore_ament_install'
[0.255s] Level 1:colcon.colcon_core.package_identification:_identify(src/ROS-TCP-Connector/com.unity.robotics.ros-tcp-connector/Runtime/Messages/Tf2) by extensions ['colcon_pkg']
[0.255s] Level 1:colcon.colcon_core.package_identification:_identify(src/ROS-TCP-Connector/com.unity.robotics.ros-tcp-connector/Runtime/Messages/Tf2) by extension 'colcon_pkg'
[0.255s] Level 1:colcon.colcon_core.package_identification:_identify(src/ROS-TCP-Connector/com.unity.robotics.ros-tcp-connector/Runtime/Messages/Tf2) by extensions ['colcon_meta']
[0.255s] Level 1:colcon.colcon_core.package_identification:_identify(src/ROS-TCP-Connector/com.unity.robotics.ros-tcp-connector/Runtime/Messages/Tf2) by extension 'colcon_meta'
[0.255s] Level 1:colcon.colcon_core.package_identification:_identify(src/ROS-TCP-Connector/com.unity.robotics.ros-tcp-connector/Runtime/Messages/Tf2) by extensions ['ros']
[0.255s] Level 1:colcon.colcon_core.package_identification:_identify(src/ROS-TCP-Connector/com.unity.robotics.ros-tcp-connector/Runtime/Messages/Tf2) by extension 'ros'
[0.255s] Level 1:colcon.colcon_core.package_identification:_identify(src/ROS-TCP-Connector/com.unity.robotics.ros-tcp-connector/Runtime/Messages/Tf2) by extensions ['cmake', 'python']
[0.255s] Level 1:colcon.colcon_core.package_identification:_identify(src/ROS-TCP-Connector/com.unity.robotics.ros-tcp-connector/Runtime/Messages/Tf2) by extension 'cmake'
[0.255s] Level 1:colcon.colcon_core.package_identification:_identify(src/ROS-TCP-Connector/com.unity.robotics.ros-tcp-connector/Runtime/Messages/Tf2) by extension 'python'
[0.255s] Level 1:colcon.colcon_core.package_identification:_identify(src/ROS-TCP-Connector/com.unity.robotics.ros-tcp-connector/Runtime/Messages/Tf2) by extensions ['python_setup_py']
[0.255s] Level 1:colcon.colcon_core.package_identification:_identify(src/ROS-TCP-Connector/com.unity.robotics.ros-tcp-connector/Runtime/Messages/Tf2) by extension 'python_setup_py'
[0.255s] Level 1:colcon.colcon_core.package_identification:_identify(src/ROS-TCP-Connector/com.unity.robotics.ros-tcp-connector/Runtime/Messages/Tf2/action) by extensions ['ignore', 'ignore_ament_install']
[0.255s] Level 1:colcon.colcon_core.package_identification:_identify(src/ROS-TCP-Connector/com.unity.robotics.ros-tcp-connector/Runtime/Messages/Tf2/action) by extension 'ignore'
[0.255s] Level 1:colcon.colcon_core.package_identification:_identify(src/ROS-TCP-Connector/com.unity.robotics.ros-tcp-connector/Runtime/Messages/Tf2/action) by extension 'ignore_ament_install'
[0.255s] Level 1:colcon.colcon_core.package_identification:_identify(src/ROS-TCP-Connector/com.unity.robotics.ros-tcp-connector/Runtime/Messages/Tf2/action) by extensions ['colcon_pkg']
[0.255s] Level 1:colcon.colcon_core.package_identification:_identify(src/ROS-TCP-Connector/com.unity.robotics.ros-tcp-connector/Runtime/Messages/Tf2/action) by extension 'colcon_pkg'
[0.255s] Level 1:colcon.colcon_core.package_identification:_identify(src/ROS-TCP-Connector/com.unity.robotics.ros-tcp-connector/Runtime/Messages/Tf2/action) by extensions ['colcon_meta']
[0.255s] Level 1:colcon.colcon_core.package_identification:_identify(src/ROS-TCP-Connector/com.unity.robotics.ros-tcp-connector/Runtime/Messages/Tf2/action) by extension 'colcon_meta'
[0.255s] Level 1:colcon.colcon_core.package_identification:_identify(src/ROS-TCP-Connector/com.unity.robotics.ros-tcp-connector/Runtime/Messages/Tf2/action) by extensions ['ros']
[0.255s] Level 1:colcon.colcon_core.package_identification:_identify(src/ROS-TCP-Connector/com.unity.robotics.ros-tcp-connector/Runtime/Messages/Tf2/action) by extension 'ros'
[0.255s] Level 1:colcon.colcon_core.package_identification:_identify(src/ROS-TCP-Connector/com.unity.robotics.ros-tcp-connector/Runtime/Messages/Tf2/action) by extensions ['cmake', 'python']
[0.255s] Level 1:colcon.colcon_core.package_identification:_identify(src/ROS-TCP-Connector/com.unity.robotics.ros-tcp-connector/Runtime/Messages/Tf2/action) by extension 'cmake'
[0.255s] Level 1:colcon.colcon_core.package_identification:_identify(src/ROS-TCP-Connector/com.unity.robotics.ros-tcp-connector/Runtime/Messages/Tf2/action) by extension 'python'
[0.256s] Level 1:colcon.colcon_core.package_identification:_identify(src/ROS-TCP-Connector/com.unity.robotics.ros-tcp-connector/Runtime/Messages/Tf2/action) by extensions ['python_setup_py']
[0.256s] Level 1:colcon.colcon_core.package_identification:_identify(src/ROS-TCP-Connector/com.unity.robotics.ros-tcp-connector/Runtime/Messages/Tf2/action) by extension 'python_setup_py'
[0.256s] Level 1:colcon.colcon_core.package_identification:_identify(src/ROS-TCP-Connector/com.unity.robotics.ros-tcp-connector/Runtime/Messages/Tf2/msg) by extensions ['ignore', 'ignore_ament_install']
[0.256s] Level 1:colcon.colcon_core.package_identification:_identify(src/ROS-TCP-Connector/com.unity.robotics.ros-tcp-connector/Runtime/Messages/Tf2/msg) by extension 'ignore'
[0.256s] Level 1:colcon.colcon_core.package_identification:_identify(src/ROS-TCP-Connector/com.unity.robotics.ros-tcp-connector/Runtime/Messages/Tf2/msg) by extension 'ignore_ament_install'
[0.256s] Level 1:colcon.colcon_core.package_identification:_identify(src/ROS-TCP-Connector/com.unity.robotics.ros-tcp-connector/Runtime/Messages/Tf2/msg) by extensions ['colcon_pkg']
[0.256s] Level 1:colcon.colcon_core.package_identification:_identify(src/ROS-TCP-Connector/com.unity.robotics.ros-tcp-connector/Runtime/Messages/Tf2/msg) by extension 'colcon_pkg'
[0.256s] Level 1:colcon.colcon_core.package_identification:_identify(src/ROS-TCP-Connector/com.unity.robotics.ros-tcp-connector/Runtime/Messages/Tf2/msg) by extensions ['colcon_meta']
[0.256s] Level 1:colcon.colcon_core.package_identification:_identify(src/ROS-TCP-Connector/com.unity.robotics.ros-tcp-connector/Runtime/Messages/Tf2/msg) by extension 'colcon_meta'
[0.256s] Level 1:colcon.colcon_core.package_identification:_identify(src/ROS-TCP-Connector/com.unity.robotics.ros-tcp-connector/Runtime/Messages/Tf2/msg) by extensions ['ros']
[0.256s] Level 1:colcon.colcon_core.package_identification:_identify(src/ROS-TCP-Connector/com.unity.robotics.ros-tcp-connector/Runtime/Messages/Tf2/msg) by extension 'ros'
[0.256s] Level 1:colcon.colcon_core.package_identification:_identify(src/ROS-TCP-Connector/com.unity.robotics.ros-tcp-connector/Runtime/Messages/Tf2/msg) by extensions ['cmake', 'python']
[0.256s] Level 1:colcon.colcon_core.package_identification:_identify(src/ROS-TCP-Connector/com.unity.robotics.ros-tcp-connector/Runtime/Messages/Tf2/msg) by extension 'cmake'
[0.256s] Level 1:colcon.colcon_core.package_identification:_identify(src/ROS-TCP-Connector/com.unity.robotics.ros-tcp-connector/Runtime/Messages/Tf2/msg) by extension 'python'
[0.256s] Level 1:colcon.colcon_core.package_identification:_identify(src/ROS-TCP-Connector/com.unity.robotics.ros-tcp-connector/Runtime/Messages/Tf2/msg) by extensions ['python_setup_py']
[0.256s] Level 1:colcon.colcon_core.package_identification:_identify(src/ROS-TCP-Connector/com.unity.robotics.ros-tcp-connector/Runtime/Messages/Tf2/msg) by extension 'python_setup_py'
[0.256s] Level 1:colcon.colcon_core.package_identification:_identify(src/ROS-TCP-Connector/com.unity.robotics.ros-tcp-connector/Runtime/Messages/Tf2/srv) by extensions ['ignore', 'ignore_ament_install']
[0.256s] Level 1:colcon.colcon_core.package_identification:_identify(src/ROS-TCP-Connector/com.unity.robotics.ros-tcp-connector/Runtime/Messages/Tf2/srv) by extension 'ignore'
[0.256s] Level 1:colcon.colcon_core.package_identification:_identify(src/ROS-TCP-Connector/com.unity.robotics.ros-tcp-connector/Runtime/Messages/Tf2/srv) by extension 'ignore_ament_install'
[0.256s] Level 1:colcon.colcon_core.package_identification:_identify(src/ROS-TCP-Connector/com.unity.robotics.ros-tcp-connector/Runtime/Messages/Tf2/srv) by extensions ['colcon_pkg']
[0.256s] Level 1:colcon.colcon_core.package_identification:_identify(src/ROS-TCP-Connector/com.unity.robotics.ros-tcp-connector/Runtime/Messages/Tf2/srv) by extension 'colcon_pkg'
[0.256s] Level 1:colcon.colcon_core.package_identification:_identify(src/ROS-TCP-Connector/com.unity.robotics.ros-tcp-connector/Runtime/Messages/Tf2/srv) by extensions ['colcon_meta']
[0.256s] Level 1:colcon.colcon_core.package_identification:_identify(src/ROS-TCP-Connector/com.unity.robotics.ros-tcp-connector/Runtime/Messages/Tf2/srv) by extension 'colcon_meta'
[0.256s] Level 1:colcon.colcon_core.package_identification:_identify(src/ROS-TCP-Connector/com.unity.robotics.ros-tcp-connector/Runtime/Messages/Tf2/srv) by extensions ['ros']
[0.256s] Level 1:colcon.colcon_core.package_identification:_identify(src/ROS-TCP-Connector/com.unity.robotics.ros-tcp-connector/Runtime/Messages/Tf2/srv) by extension 'ros'
[0.256s] Level 1:colcon.colcon_core.package_identification:_identify(src/ROS-TCP-Connector/com.unity.robotics.ros-tcp-connector/Runtime/Messages/Tf2/srv) by extensions ['cmake', 'python']
[0.256s] Level 1:colcon.colcon_core.package_identification:_identify(src/ROS-TCP-Connector/com.unity.robotics.ros-tcp-connector/Runtime/Messages/Tf2/srv) by extension 'cmake'
[0.256s] Level 1:colcon.colcon_core.package_identification:_identify(src/ROS-TCP-Connector/com.unity.robotics.ros-tcp-connector/Runtime/Messages/Tf2/srv) by extension 'python'
[0.256s] Level 1:colcon.colcon_core.package_identification:_identify(src/ROS-TCP-Connector/com.unity.robotics.ros-tcp-connector/Runtime/Messages/Tf2/srv) by extensions ['python_setup_py']
[0.256s] Level 1:colcon.colcon_core.package_identification:_identify(src/ROS-TCP-Connector/com.unity.robotics.ros-tcp-connector/Runtime/Messages/Tf2/srv) by extension 'python_setup_py'
[0.256s] Level 1:colcon.colcon_core.package_identification:_identify(src/ROS-TCP-Connector/com.unity.robotics.ros-tcp-connector/Runtime/Messages/Trajectory) by extensions ['ignore', 'ignore_ament_install']
[0.257s] Level 1:colcon.colcon_core.package_identification:_identify(src/ROS-TCP-Connector/com.unity.robotics.ros-tcp-connector/Runtime/Messages/Trajectory) by extension 'ignore'
[0.257s] Level 1:colcon.colcon_core.package_identification:_identify(src/ROS-TCP-Connector/com.unity.robotics.ros-tcp-connector/Runtime/Messages/Trajectory) by extension 'ignore_ament_install'
[0.257s] Level 1:colcon.colcon_core.package_identification:_identify(src/ROS-TCP-Connector/com.unity.robotics.ros-tcp-connector/Runtime/Messages/Trajectory) by extensions ['colcon_pkg']
[0.257s] Level 1:colcon.colcon_core.package_identification:_identify(src/ROS-TCP-Connector/com.unity.robotics.ros-tcp-connector/Runtime/Messages/Trajectory) by extension 'colcon_pkg'
[0.257s] Level 1:colcon.colcon_core.package_identification:_identify(src/ROS-TCP-Connector/com.unity.robotics.ros-tcp-connector/Runtime/Messages/Trajectory) by extensions ['colcon_meta']
[0.257s] Level 1:colcon.colcon_core.package_identification:_identify(src/ROS-TCP-Connector/com.unity.robotics.ros-tcp-connector/Runtime/Messages/Trajectory) by extension 'colcon_meta'
[0.257s] Level 1:colcon.colcon_core.package_identification:_identify(src/ROS-TCP-Connector/com.unity.robotics.ros-tcp-connector/Runtime/Messages/Trajectory) by extensions ['ros']
[0.257s] Level 1:colcon.colcon_core.package_identification:_identify(src/ROS-TCP-Connector/com.unity.robotics.ros-tcp-connector/Runtime/Messages/Trajectory) by extension 'ros'
[0.257s] Level 1:colcon.colcon_core.package_identification:_identify(src/ROS-TCP-Connector/com.unity.robotics.ros-tcp-connector/Runtime/Messages/Trajectory) by extensions ['cmake', 'python']
[0.257s] Level 1:colcon.colcon_core.package_identification:_identify(src/ROS-TCP-Connector/com.unity.robotics.ros-tcp-connector/Runtime/Messages/Trajectory) by extension 'cmake'
[0.257s] Level 1:colcon.colcon_core.package_identification:_identify(src/ROS-TCP-Connector/com.unity.robotics.ros-tcp-connector/Runtime/Messages/Trajectory) by extension 'python'
[0.257s] Level 1:colcon.colcon_core.package_identification:_identify(src/ROS-TCP-Connector/com.unity.robotics.ros-tcp-connector/Runtime/Messages/Trajectory) by extensions ['python_setup_py']
[0.257s] Level 1:colcon.colcon_core.package_identification:_identify(src/ROS-TCP-Connector/com.unity.robotics.ros-tcp-connector/Runtime/Messages/Trajectory) by extension 'python_setup_py'
[0.257s] Level 1:colcon.colcon_core.package_identification:_identify(src/ROS-TCP-Connector/com.unity.robotics.ros-tcp-connector/Runtime/Messages/Trajectory/msg) by extensions ['ignore', 'ignore_ament_install']
[0.257s] Level 1:colcon.colcon_core.package_identification:_identify(src/ROS-TCP-Connector/com.unity.robotics.ros-tcp-connector/Runtime/Messages/Trajectory/msg) by extension 'ignore'
[0.257s] Level 1:colcon.colcon_core.package_identification:_identify(src/ROS-TCP-Connector/com.unity.robotics.ros-tcp-connector/Runtime/Messages/Trajectory/msg) by extension 'ignore_ament_install'
[0.257s] Level 1:colcon.colcon_core.package_identification:_identify(src/ROS-TCP-Connector/com.unity.robotics.ros-tcp-connector/Runtime/Messages/Trajectory/msg) by extensions ['colcon_pkg']
[0.257s] Level 1:colcon.colcon_core.package_identification:_identify(src/ROS-TCP-Connector/com.unity.robotics.ros-tcp-connector/Runtime/Messages/Trajectory/msg) by extension 'colcon_pkg'
[0.257s] Level 1:colcon.colcon_core.package_identification:_identify(src/ROS-TCP-Connector/com.unity.robotics.ros-tcp-connector/Runtime/Messages/Trajectory/msg) by extensions ['colcon_meta']
[0.257s] Level 1:colcon.colcon_core.package_identification:_identify(src/ROS-TCP-Connector/com.unity.robotics.ros-tcp-connector/Runtime/Messages/Trajectory/msg) by extension 'colcon_meta'
[0.257s] Level 1:colcon.colcon_core.package_identification:_identify(src/ROS-TCP-Connector/com.unity.robotics.ros-tcp-connector/Runtime/Messages/Trajectory/msg) by extensions ['ros']
[0.257s] Level 1:colcon.colcon_core.package_identification:_identify(src/ROS-TCP-Connector/com.unity.robotics.ros-tcp-connector/Runtime/Messages/Trajectory/msg) by extension 'ros'
[0.257s] Level 1:colcon.colcon_core.package_identification:_identify(src/ROS-TCP-Connector/com.unity.robotics.ros-tcp-connector/Runtime/Messages/Trajectory/msg) by extensions ['cmake', 'python']
[0.257s] Level 1:colcon.colcon_core.package_identification:_identify(src/ROS-TCP-Connector/com.unity.robotics.ros-tcp-connector/Runtime/Messages/Trajectory/msg) by extension 'cmake'
[0.257s] Level 1:colcon.colcon_core.package_identification:_identify(src/ROS-TCP-Connector/com.unity.robotics.ros-tcp-connector/Runtime/Messages/Trajectory/msg) by extension 'python'
[0.257s] Level 1:colcon.colcon_core.package_identification:_identify(src/ROS-TCP-Connector/com.unity.robotics.ros-tcp-connector/Runtime/Messages/Trajectory/msg) by extensions ['python_setup_py']
[0.257s] Level 1:colcon.colcon_core.package_identification:_identify(src/ROS-TCP-Connector/com.unity.robotics.ros-tcp-connector/Runtime/Messages/Trajectory/msg) by extension 'python_setup_py'
[0.257s] Level 1:colcon.colcon_core.package_identification:_identify(src/ROS-TCP-Connector/com.unity.robotics.ros-tcp-connector/Runtime/Messages/Visualization) by extensions ['ignore', 'ignore_ament_install']
[0.257s] Level 1:colcon.colcon_core.package_identification:_identify(src/ROS-TCP-Connector/com.unity.robotics.ros-tcp-connector/Runtime/Messages/Visualization) by extension 'ignore'
[0.257s] Level 1:colcon.colcon_core.package_identification:_identify(src/ROS-TCP-Connector/com.unity.robotics.ros-tcp-connector/Runtime/Messages/Visualization) by extension 'ignore_ament_install'
[0.257s] Level 1:colcon.colcon_core.package_identification:_identify(src/ROS-TCP-Connector/com.unity.robotics.ros-tcp-connector/Runtime/Messages/Visualization) by extensions ['colcon_pkg']
[0.257s] Level 1:colcon.colcon_core.package_identification:_identify(src/ROS-TCP-Connector/com.unity.robotics.ros-tcp-connector/Runtime/Messages/Visualization) by extension 'colcon_pkg'
[0.257s] Level 1:colcon.colcon_core.package_identification:_identify(src/ROS-TCP-Connector/com.unity.robotics.ros-tcp-connector/Runtime/Messages/Visualization) by extensions ['colcon_meta']
[0.257s] Level 1:colcon.colcon_core.package_identification:_identify(src/ROS-TCP-Connector/com.unity.robotics.ros-tcp-connector/Runtime/Messages/Visualization) by extension 'colcon_meta'
[0.258s] Level 1:colcon.colcon_core.package_identification:_identify(src/ROS-TCP-Connector/com.unity.robotics.ros-tcp-connector/Runtime/Messages/Visualization) by extensions ['ros']
[0.258s] Level 1:colcon.colcon_core.package_identification:_identify(src/ROS-TCP-Connector/com.unity.robotics.ros-tcp-connector/Runtime/Messages/Visualization) by extension 'ros'
[0.258s] Level 1:colcon.colcon_core.package_identification:_identify(src/ROS-TCP-Connector/com.unity.robotics.ros-tcp-connector/Runtime/Messages/Visualization) by extensions ['cmake', 'python']
[0.258s] Level 1:colcon.colcon_core.package_identification:_identify(src/ROS-TCP-Connector/com.unity.robotics.ros-tcp-connector/Runtime/Messages/Visualization) by extension 'cmake'
[0.258s] Level 1:colcon.colcon_core.package_identification:_identify(src/ROS-TCP-Connector/com.unity.robotics.ros-tcp-connector/Runtime/Messages/Visualization) by extension 'python'
[0.258s] Level 1:colcon.colcon_core.package_identification:_identify(src/ROS-TCP-Connector/com.unity.robotics.ros-tcp-connector/Runtime/Messages/Visualization) by extensions ['python_setup_py']
[0.258s] Level 1:colcon.colcon_core.package_identification:_identify(src/ROS-TCP-Connector/com.unity.robotics.ros-tcp-connector/Runtime/Messages/Visualization) by extension 'python_setup_py'
[0.258s] Level 1:colcon.colcon_core.package_identification:_identify(src/ROS-TCP-Connector/com.unity.robotics.ros-tcp-connector/Runtime/Messages/Visualization/msg) by extensions ['ignore', 'ignore_ament_install']
[0.258s] Level 1:colcon.colcon_core.package_identification:_identify(src/ROS-TCP-Connector/com.unity.robotics.ros-tcp-connector/Runtime/Messages/Visualization/msg) by extension 'ignore'
[0.258s] Level 1:colcon.colcon_core.package_identification:_identify(src/ROS-TCP-Connector/com.unity.robotics.ros-tcp-connector/Runtime/Messages/Visualization/msg) by extension 'ignore_ament_install'
[0.258s] Level 1:colcon.colcon_core.package_identification:_identify(src/ROS-TCP-Connector/com.unity.robotics.ros-tcp-connector/Runtime/Messages/Visualization/msg) by extensions ['colcon_pkg']
[0.258s] Level 1:colcon.colcon_core.package_identification:_identify(src/ROS-TCP-Connector/com.unity.robotics.ros-tcp-connector/Runtime/Messages/Visualization/msg) by extension 'colcon_pkg'
[0.258s] Level 1:colcon.colcon_core.package_identification:_identify(src/ROS-TCP-Connector/com.unity.robotics.ros-tcp-connector/Runtime/Messages/Visualization/msg) by extensions ['colcon_meta']
[0.258s] Level 1:colcon.colcon_core.package_identification:_identify(src/ROS-TCP-Connector/com.unity.robotics.ros-tcp-connector/Runtime/Messages/Visualization/msg) by extension 'colcon_meta'
[0.258s] Level 1:colcon.colcon_core.package_identification:_identify(src/ROS-TCP-Connector/com.unity.robotics.ros-tcp-connector/Runtime/Messages/Visualization/msg) by extensions ['ros']
[0.258s] Level 1:colcon.colcon_core.package_identification:_identify(src/ROS-TCP-Connector/com.unity.robotics.ros-tcp-connector/Runtime/Messages/Visualization/msg) by extension 'ros'
[0.258s] Level 1:colcon.colcon_core.package_identification:_identify(src/ROS-TCP-Connector/com.unity.robotics.ros-tcp-connector/Runtime/Messages/Visualization/msg) by extensions ['cmake', 'python']
[0.258s] Level 1:colcon.colcon_core.package_identification:_identify(src/ROS-TCP-Connector/com.unity.robotics.ros-tcp-connector/Runtime/Messages/Visualization/msg) by extension 'cmake'
[0.258s] Level 1:colcon.colcon_core.package_identification:_identify(src/ROS-TCP-Connector/com.unity.robotics.ros-tcp-connector/Runtime/Messages/Visualization/msg) by extension 'python'
[0.258s] Level 1:colcon.colcon_core.package_identification:_identify(src/ROS-TCP-Connector/com.unity.robotics.ros-tcp-connector/Runtime/Messages/Visualization/msg) by extensions ['python_setup_py']
[0.258s] Level 1:colcon.colcon_core.package_identification:_identify(src/ROS-TCP-Connector/com.unity.robotics.ros-tcp-connector/Runtime/Messages/Visualization/msg) by extension 'python_setup_py'
[0.258s] Level 1:colcon.colcon_core.package_identification:_identify(src/ROS-TCP-Connector/com.unity.robotics.ros-tcp-connector/Runtime/Messages/Visualization/srv) by extensions ['ignore', 'ignore_ament_install']
[0.258s] Level 1:colcon.colcon_core.package_identification:_identify(src/ROS-TCP-Connector/com.unity.robotics.ros-tcp-connector/Runtime/Messages/Visualization/srv) by extension 'ignore'
[0.258s] Level 1:colcon.colcon_core.package_identification:_identify(src/ROS-TCP-Connector/com.unity.robotics.ros-tcp-connector/Runtime/Messages/Visualization/srv) by extension 'ignore_ament_install'
[0.258s] Level 1:colcon.colcon_core.package_identification:_identify(src/ROS-TCP-Connector/com.unity.robotics.ros-tcp-connector/Runtime/Messages/Visualization/srv) by extensions ['colcon_pkg']
[0.258s] Level 1:colcon.colcon_core.package_identification:_identify(src/ROS-TCP-Connector/com.unity.robotics.ros-tcp-connector/Runtime/Messages/Visualization/srv) by extension 'colcon_pkg'
[0.258s] Level 1:colcon.colcon_core.package_identification:_identify(src/ROS-TCP-Connector/com.unity.robotics.ros-tcp-connector/Runtime/Messages/Visualization/srv) by extensions ['colcon_meta']
[0.258s] Level 1:colcon.colcon_core.package_identification:_identify(src/ROS-TCP-Connector/com.unity.robotics.ros-tcp-connector/Runtime/Messages/Visualization/srv) by extension 'colcon_meta'
[0.258s] Level 1:colcon.colcon_core.package_identification:_identify(src/ROS-TCP-Connector/com.unity.robotics.ros-tcp-connector/Runtime/Messages/Visualization/srv) by extensions ['ros']
[0.258s] Level 1:colcon.colcon_core.package_identification:_identify(src/ROS-TCP-Connector/com.unity.robotics.ros-tcp-connector/Runtime/Messages/Visualization/srv) by extension 'ros'
[0.258s] Level 1:colcon.colcon_core.package_identification:_identify(src/ROS-TCP-Connector/com.unity.robotics.ros-tcp-connector/Runtime/Messages/Visualization/srv) by extensions ['cmake', 'python']
[0.258s] Level 1:colcon.colcon_core.package_identification:_identify(src/ROS-TCP-Connector/com.unity.robotics.ros-tcp-connector/Runtime/Messages/Visualization/srv) by extension 'cmake'
[0.258s] Level 1:colcon.colcon_core.package_identification:_identify(src/ROS-TCP-Connector/com.unity.robotics.ros-tcp-connector/Runtime/Messages/Visualization/srv) by extension 'python'
[0.258s] Level 1:colcon.colcon_core.package_identification:_identify(src/ROS-TCP-Connector/com.unity.robotics.ros-tcp-connector/Runtime/Messages/Visualization/srv) by extensions ['python_setup_py']
[0.258s] Level 1:colcon.colcon_core.package_identification:_identify(src/ROS-TCP-Connector/com.unity.robotics.ros-tcp-connector/Runtime/Messages/Visualization/srv) by extension 'python_setup_py'
[0.259s] Level 1:colcon.colcon_core.package_identification:_identify(src/ROS-TCP-Connector/com.unity.robotics.ros-tcp-connector/Runtime/ROSGeometry) by extensions ['ignore', 'ignore_ament_install']
[0.259s] Level 1:colcon.colcon_core.package_identification:_identify(src/ROS-TCP-Connector/com.unity.robotics.ros-tcp-connector/Runtime/ROSGeometry) by extension 'ignore'
[0.259s] Level 1:colcon.colcon_core.package_identification:_identify(src/ROS-TCP-Connector/com.unity.robotics.ros-tcp-connector/Runtime/ROSGeometry) by extension 'ignore_ament_install'
[0.259s] Level 1:colcon.colcon_core.package_identification:_identify(src/ROS-TCP-Connector/com.unity.robotics.ros-tcp-connector/Runtime/ROSGeometry) by extensions ['colcon_pkg']
[0.259s] Level 1:colcon.colcon_core.package_identification:_identify(src/ROS-TCP-Connector/com.unity.robotics.ros-tcp-connector/Runtime/ROSGeometry) by extension 'colcon_pkg'
[0.259s] Level 1:colcon.colcon_core.package_identification:_identify(src/ROS-TCP-Connector/com.unity.robotics.ros-tcp-connector/Runtime/ROSGeometry) by extensions ['colcon_meta']
[0.259s] Level 1:colcon.colcon_core.package_identification:_identify(src/ROS-TCP-Connector/com.unity.robotics.ros-tcp-connector/Runtime/ROSGeometry) by extension 'colcon_meta'
[0.259s] Level 1:colcon.colcon_core.package_identification:_identify(src/ROS-TCP-Connector/com.unity.robotics.ros-tcp-connector/Runtime/ROSGeometry) by extensions ['ros']
[0.259s] Level 1:colcon.colcon_core.package_identification:_identify(src/ROS-TCP-Connector/com.unity.robotics.ros-tcp-connector/Runtime/ROSGeometry) by extension 'ros'
[0.259s] Level 1:colcon.colcon_core.package_identification:_identify(src/ROS-TCP-Connector/com.unity.robotics.ros-tcp-connector/Runtime/ROSGeometry) by extensions ['cmake', 'python']
[0.259s] Level 1:colcon.colcon_core.package_identification:_identify(src/ROS-TCP-Connector/com.unity.robotics.ros-tcp-connector/Runtime/ROSGeometry) by extension 'cmake'
[0.259s] Level 1:colcon.colcon_core.package_identification:_identify(src/ROS-TCP-Connector/com.unity.robotics.ros-tcp-connector/Runtime/ROSGeometry) by extension 'python'
[0.259s] Level 1:colcon.colcon_core.package_identification:_identify(src/ROS-TCP-Connector/com.unity.robotics.ros-tcp-connector/Runtime/ROSGeometry) by extensions ['python_setup_py']
[0.259s] Level 1:colcon.colcon_core.package_identification:_identify(src/ROS-TCP-Connector/com.unity.robotics.ros-tcp-connector/Runtime/ROSGeometry) by extension 'python_setup_py'
[0.259s] Level 1:colcon.colcon_core.package_identification:_identify(src/ROS-TCP-Connector/com.unity.robotics.ros-tcp-connector/Runtime/TcpConnector) by extensions ['ignore', 'ignore_ament_install']
[0.259s] Level 1:colcon.colcon_core.package_identification:_identify(src/ROS-TCP-Connector/com.unity.robotics.ros-tcp-connector/Runtime/TcpConnector) by extension 'ignore'
[0.259s] Level 1:colcon.colcon_core.package_identification:_identify(src/ROS-TCP-Connector/com.unity.robotics.ros-tcp-connector/Runtime/TcpConnector) by extension 'ignore_ament_install'
[0.259s] Level 1:colcon.colcon_core.package_identification:_identify(src/ROS-TCP-Connector/com.unity.robotics.ros-tcp-connector/Runtime/TcpConnector) by extensions ['colcon_pkg']
[0.259s] Level 1:colcon.colcon_core.package_identification:_identify(src/ROS-TCP-Connector/com.unity.robotics.ros-tcp-connector/Runtime/TcpConnector) by extension 'colcon_pkg'
[0.259s] Level 1:colcon.colcon_core.package_identification:_identify(src/ROS-TCP-Connector/com.unity.robotics.ros-tcp-connector/Runtime/TcpConnector) by extensions ['colcon_meta']
[0.259s] Level 1:colcon.colcon_core.package_identification:_identify(src/ROS-TCP-Connector/com.unity.robotics.ros-tcp-connector/Runtime/TcpConnector) by extension 'colcon_meta'
[0.259s] Level 1:colcon.colcon_core.package_identification:_identify(src/ROS-TCP-Connector/com.unity.robotics.ros-tcp-connector/Runtime/TcpConnector) by extensions ['ros']
[0.259s] Level 1:colcon.colcon_core.package_identification:_identify(src/ROS-TCP-Connector/com.unity.robotics.ros-tcp-connector/Runtime/TcpConnector) by extension 'ros'
[0.259s] Level 1:colcon.colcon_core.package_identification:_identify(src/ROS-TCP-Connector/com.unity.robotics.ros-tcp-connector/Runtime/TcpConnector) by extensions ['cmake', 'python']
[0.259s] Level 1:colcon.colcon_core.package_identification:_identify(src/ROS-TCP-Connector/com.unity.robotics.ros-tcp-connector/Runtime/TcpConnector) by extension 'cmake'
[0.259s] Level 1:colcon.colcon_core.package_identification:_identify(src/ROS-TCP-Connector/com.unity.robotics.ros-tcp-connector/Runtime/TcpConnector) by extension 'python'
[0.259s] Level 1:colcon.colcon_core.package_identification:_identify(src/ROS-TCP-Connector/com.unity.robotics.ros-tcp-connector/Runtime/TcpConnector) by extensions ['python_setup_py']
[0.259s] Level 1:colcon.colcon_core.package_identification:_identify(src/ROS-TCP-Connector/com.unity.robotics.ros-tcp-connector/Runtime/TcpConnector) by extension 'python_setup_py'
[0.259s] Level 1:colcon.colcon_core.package_identification:_identify(src/ROS-TCP-Connector/com.unity.robotics.ros-tcp-connector/Tests) by extensions ['ignore', 'ignore_ament_install']
[0.259s] Level 1:colcon.colcon_core.package_identification:_identify(src/ROS-TCP-Connector/com.unity.robotics.ros-tcp-connector/Tests) by extension 'ignore'
[0.259s] Level 1:colcon.colcon_core.package_identification:_identify(src/ROS-TCP-Connector/com.unity.robotics.ros-tcp-connector/Tests) by extension 'ignore_ament_install'
[0.259s] Level 1:colcon.colcon_core.package_identification:_identify(src/ROS-TCP-Connector/com.unity.robotics.ros-tcp-connector/Tests) by extensions ['colcon_pkg']
[0.259s] Level 1:colcon.colcon_core.package_identification:_identify(src/ROS-TCP-Connector/com.unity.robotics.ros-tcp-connector/Tests) by extension 'colcon_pkg'
[0.260s] Level 1:colcon.colcon_core.package_identification:_identify(src/ROS-TCP-Connector/com.unity.robotics.ros-tcp-connector/Tests) by extensions ['colcon_meta']
[0.260s] Level 1:colcon.colcon_core.package_identification:_identify(src/ROS-TCP-Connector/com.unity.robotics.ros-tcp-connector/Tests) by extension 'colcon_meta'
[0.260s] Level 1:colcon.colcon_core.package_identification:_identify(src/ROS-TCP-Connector/com.unity.robotics.ros-tcp-connector/Tests) by extensions ['ros']
[0.260s] Level 1:colcon.colcon_core.package_identification:_identify(src/ROS-TCP-Connector/com.unity.robotics.ros-tcp-connector/Tests) by extension 'ros'
[0.260s] Level 1:colcon.colcon_core.package_identification:_identify(src/ROS-TCP-Connector/com.unity.robotics.ros-tcp-connector/Tests) by extensions ['cmake', 'python']
[0.260s] Level 1:colcon.colcon_core.package_identification:_identify(src/ROS-TCP-Connector/com.unity.robotics.ros-tcp-connector/Tests) by extension 'cmake'
[0.260s] Level 1:colcon.colcon_core.package_identification:_identify(src/ROS-TCP-Connector/com.unity.robotics.ros-tcp-connector/Tests) by extension 'python'
[0.260s] Level 1:colcon.colcon_core.package_identification:_identify(src/ROS-TCP-Connector/com.unity.robotics.ros-tcp-connector/Tests) by extensions ['python_setup_py']
[0.260s] Level 1:colcon.colcon_core.package_identification:_identify(src/ROS-TCP-Connector/com.unity.robotics.ros-tcp-connector/Tests) by extension 'python_setup_py'
[0.260s] Level 1:colcon.colcon_core.package_identification:_identify(src/ROS-TCP-Connector/com.unity.robotics.ros-tcp-connector/Tests/Editor) by extensions ['ignore', 'ignore_ament_install']
[0.260s] Level 1:colcon.colcon_core.package_identification:_identify(src/ROS-TCP-Connector/com.unity.robotics.ros-tcp-connector/Tests/Editor) by extension 'ignore'
[0.260s] Level 1:colcon.colcon_core.package_identification:_identify(src/ROS-TCP-Connector/com.unity.robotics.ros-tcp-connector/Tests/Editor) by extension 'ignore_ament_install'
[0.260s] Level 1:colcon.colcon_core.package_identification:_identify(src/ROS-TCP-Connector/com.unity.robotics.ros-tcp-connector/Tests/Editor) by extensions ['colcon_pkg']
[0.260s] Level 1:colcon.colcon_core.package_identification:_identify(src/ROS-TCP-Connector/com.unity.robotics.ros-tcp-connector/Tests/Editor) by extension 'colcon_pkg'
[0.260s] Level 1:colcon.colcon_core.package_identification:_identify(src/ROS-TCP-Connector/com.unity.robotics.ros-tcp-connector/Tests/Editor) by extensions ['colcon_meta']
[0.260s] Level 1:colcon.colcon_core.package_identification:_identify(src/ROS-TCP-Connector/com.unity.robotics.ros-tcp-connector/Tests/Editor) by extension 'colcon_meta'
[0.260s] Level 1:colcon.colcon_core.package_identification:_identify(src/ROS-TCP-Connector/com.unity.robotics.ros-tcp-connector/Tests/Editor) by extensions ['ros']
[0.260s] Level 1:colcon.colcon_core.package_identification:_identify(src/ROS-TCP-Connector/com.unity.robotics.ros-tcp-connector/Tests/Editor) by extension 'ros'
[0.260s] Level 1:colcon.colcon_core.package_identification:_identify(src/ROS-TCP-Connector/com.unity.robotics.ros-tcp-connector/Tests/Editor) by extensions ['cmake', 'python']
[0.260s] Level 1:colcon.colcon_core.package_identification:_identify(src/ROS-TCP-Connector/com.unity.robotics.ros-tcp-connector/Tests/Editor) by extension 'cmake'
[0.260s] Level 1:colcon.colcon_core.package_identification:_identify(src/ROS-TCP-Connector/com.unity.robotics.ros-tcp-connector/Tests/Editor) by extension 'python'
[0.260s] Level 1:colcon.colcon_core.package_identification:_identify(src/ROS-TCP-Connector/com.unity.robotics.ros-tcp-connector/Tests/Editor) by extensions ['python_setup_py']
[0.260s] Level 1:colcon.colcon_core.package_identification:_identify(src/ROS-TCP-Connector/com.unity.robotics.ros-tcp-connector/Tests/Editor) by extension 'python_setup_py'
[0.260s] Level 1:colcon.colcon_core.package_identification:_identify(src/ROS-TCP-Connector/com.unity.robotics.ros-tcp-connector/Tests/Runtime) by extensions ['ignore', 'ignore_ament_install']
[0.260s] Level 1:colcon.colcon_core.package_identification:_identify(src/ROS-TCP-Connector/com.unity.robotics.ros-tcp-connector/Tests/Runtime) by extension 'ignore'
[0.260s] Level 1:colcon.colcon_core.package_identification:_identify(src/ROS-TCP-Connector/com.unity.robotics.ros-tcp-connector/Tests/Runtime) by extension 'ignore_ament_install'
[0.260s] Level 1:colcon.colcon_core.package_identification:_identify(src/ROS-TCP-Connector/com.unity.robotics.ros-tcp-connector/Tests/Runtime) by extensions ['colcon_pkg']
[0.260s] Level 1:colcon.colcon_core.package_identification:_identify(src/ROS-TCP-Connector/com.unity.robotics.ros-tcp-connector/Tests/Runtime) by extension 'colcon_pkg'
[0.260s] Level 1:colcon.colcon_core.package_identification:_identify(src/ROS-TCP-Connector/com.unity.robotics.ros-tcp-connector/Tests/Runtime) by extensions ['colcon_meta']
[0.260s] Level 1:colcon.colcon_core.package_identification:_identify(src/ROS-TCP-Connector/com.unity.robotics.ros-tcp-connector/Tests/Runtime) by extension 'colcon_meta'
[0.260s] Level 1:colcon.colcon_core.package_identification:_identify(src/ROS-TCP-Connector/com.unity.robotics.ros-tcp-connector/Tests/Runtime) by extensions ['ros']
[0.260s] Level 1:colcon.colcon_core.package_identification:_identify(src/ROS-TCP-Connector/com.unity.robotics.ros-tcp-connector/Tests/Runtime) by extension 'ros'
[0.260s] Level 1:colcon.colcon_core.package_identification:_identify(src/ROS-TCP-Connector/com.unity.robotics.ros-tcp-connector/Tests/Runtime) by extensions ['cmake', 'python']
[0.260s] Level 1:colcon.colcon_core.package_identification:_identify(src/ROS-TCP-Connector/com.unity.robotics.ros-tcp-connector/Tests/Runtime) by extension 'cmake'
[0.260s] Level 1:colcon.colcon_core.package_identification:_identify(src/ROS-TCP-Connector/com.unity.robotics.ros-tcp-connector/Tests/Runtime) by extension 'python'
[0.260s] Level 1:colcon.colcon_core.package_identification:_identify(src/ROS-TCP-Connector/com.unity.robotics.ros-tcp-connector/Tests/Runtime) by extensions ['python_setup_py']
[0.260s] Level 1:colcon.colcon_core.package_identification:_identify(src/ROS-TCP-Connector/com.unity.robotics.ros-tcp-connector/Tests/Runtime) by extension 'python_setup_py'
[0.261s] Level 1:colcon.colcon_core.package_identification:_identify(src/ROS-TCP-Connector/com.unity.robotics.visualizations) by extensions ['ignore', 'ignore_ament_install']
[0.261s] Level 1:colcon.colcon_core.package_identification:_identify(src/ROS-TCP-Connector/com.unity.robotics.visualizations) by extension 'ignore'
[0.261s] Level 1:colcon.colcon_core.package_identification:_identify(src/ROS-TCP-Connector/com.unity.robotics.visualizations) by extension 'ignore_ament_install'
[0.261s] Level 1:colcon.colcon_core.package_identification:_identify(src/ROS-TCP-Connector/com.unity.robotics.visualizations) by extensions ['colcon_pkg']
[0.261s] Level 1:colcon.colcon_core.package_identification:_identify(src/ROS-TCP-Connector/com.unity.robotics.visualizations) by extension 'colcon_pkg'
[0.261s] Level 1:colcon.colcon_core.package_identification:_identify(src/ROS-TCP-Connector/com.unity.robotics.visualizations) by extensions ['colcon_meta']
[0.261s] Level 1:colcon.colcon_core.package_identification:_identify(src/ROS-TCP-Connector/com.unity.robotics.visualizations) by extension 'colcon_meta'
[0.261s] Level 1:colcon.colcon_core.package_identification:_identify(src/ROS-TCP-Connector/com.unity.robotics.visualizations) by extensions ['ros']
[0.261s] Level 1:colcon.colcon_core.package_identification:_identify(src/ROS-TCP-Connector/com.unity.robotics.visualizations) by extension 'ros'
[0.261s] Level 1:colcon.colcon_core.package_identification:_identify(src/ROS-TCP-Connector/com.unity.robotics.visualizations) by extensions ['cmake', 'python']
[0.261s] Level 1:colcon.colcon_core.package_identification:_identify(src/ROS-TCP-Connector/com.unity.robotics.visualizations) by extension 'cmake'
[0.261s] Level 1:colcon.colcon_core.package_identification:_identify(src/ROS-TCP-Connector/com.unity.robotics.visualizations) by extension 'python'
[0.261s] Level 1:colcon.colcon_core.package_identification:_identify(src/ROS-TCP-Connector/com.unity.robotics.visualizations) by extensions ['python_setup_py']
[0.261s] Level 1:colcon.colcon_core.package_identification:_identify(src/ROS-TCP-Connector/com.unity.robotics.visualizations) by extension 'python_setup_py'
[0.261s] Level 1:colcon.colcon_core.package_identification:_identify(src/ROS-TCP-Connector/com.unity.robotics.visualizations/Documentation~) by extensions ['ignore', 'ignore_ament_install']
[0.261s] Level 1:colcon.colcon_core.package_identification:_identify(src/ROS-TCP-Connector/com.unity.robotics.visualizations/Documentation~) by extension 'ignore'
[0.261s] Level 1:colcon.colcon_core.package_identification:_identify(src/ROS-TCP-Connector/com.unity.robotics.visualizations/Documentation~) by extension 'ignore_ament_install'
[0.261s] Level 1:colcon.colcon_core.package_identification:_identify(src/ROS-TCP-Connector/com.unity.robotics.visualizations/Documentation~) by extensions ['colcon_pkg']
[0.261s] Level 1:colcon.colcon_core.package_identification:_identify(src/ROS-TCP-Connector/com.unity.robotics.visualizations/Documentation~) by extension 'colcon_pkg'
[0.261s] Level 1:colcon.colcon_core.package_identification:_identify(src/ROS-TCP-Connector/com.unity.robotics.visualizations/Documentation~) by extensions ['colcon_meta']
[0.261s] Level 1:colcon.colcon_core.package_identification:_identify(src/ROS-TCP-Connector/com.unity.robotics.visualizations/Documentation~) by extension 'colcon_meta'
[0.261s] Level 1:colcon.colcon_core.package_identification:_identify(src/ROS-TCP-Connector/com.unity.robotics.visualizations/Documentation~) by extensions ['ros']
[0.261s] Level 1:colcon.colcon_core.package_identification:_identify(src/ROS-TCP-Connector/com.unity.robotics.visualizations/Documentation~) by extension 'ros'
[0.261s] Level 1:colcon.colcon_core.package_identification:_identify(src/ROS-TCP-Connector/com.unity.robotics.visualizations/Documentation~) by extensions ['cmake', 'python']
[0.261s] Level 1:colcon.colcon_core.package_identification:_identify(src/ROS-TCP-Connector/com.unity.robotics.visualizations/Documentation~) by extension 'cmake'
[0.261s] Level 1:colcon.colcon_core.package_identification:_identify(src/ROS-TCP-Connector/com.unity.robotics.visualizations/Documentation~) by extension 'python'
[0.261s] Level 1:colcon.colcon_core.package_identification:_identify(src/ROS-TCP-Connector/com.unity.robotics.visualizations/Documentation~) by extensions ['python_setup_py']
[0.261s] Level 1:colcon.colcon_core.package_identification:_identify(src/ROS-TCP-Connector/com.unity.robotics.visualizations/Documentation~) by extension 'python_setup_py'
[0.261s] Level 1:colcon.colcon_core.package_identification:_identify(src/ROS-TCP-Connector/com.unity.robotics.visualizations/Editor) by extensions ['ignore', 'ignore_ament_install']
[0.261s] Level 1:colcon.colcon_core.package_identification:_identify(src/ROS-TCP-Connector/com.unity.robotics.visualizations/Editor) by extension 'ignore'
[0.261s] Level 1:colcon.colcon_core.package_identification:_identify(src/ROS-TCP-Connector/com.unity.robotics.visualizations/Editor) by extension 'ignore_ament_install'
[0.261s] Level 1:colcon.colcon_core.package_identification:_identify(src/ROS-TCP-Connector/com.unity.robotics.visualizations/Editor) by extensions ['colcon_pkg']
[0.261s] Level 1:colcon.colcon_core.package_identification:_identify(src/ROS-TCP-Connector/com.unity.robotics.visualizations/Editor) by extension 'colcon_pkg'
[0.261s] Level 1:colcon.colcon_core.package_identification:_identify(src/ROS-TCP-Connector/com.unity.robotics.visualizations/Editor) by extensions ['colcon_meta']
[0.261s] Level 1:colcon.colcon_core.package_identification:_identify(src/ROS-TCP-Connector/com.unity.robotics.visualizations/Editor) by extension 'colcon_meta'
[0.261s] Level 1:colcon.colcon_core.package_identification:_identify(src/ROS-TCP-Connector/com.unity.robotics.visualizations/Editor) by extensions ['ros']
[0.262s] Level 1:colcon.colcon_core.package_identification:_identify(src/ROS-TCP-Connector/com.unity.robotics.visualizations/Editor) by extension 'ros'
[0.262s] Level 1:colcon.colcon_core.package_identification:_identify(src/ROS-TCP-Connector/com.unity.robotics.visualizations/Editor) by extensions ['cmake', 'python']
[0.262s] Level 1:colcon.colcon_core.package_identification:_identify(src/ROS-TCP-Connector/com.unity.robotics.visualizations/Editor) by extension 'cmake'
[0.262s] Level 1:colcon.colcon_core.package_identification:_identify(src/ROS-TCP-Connector/com.unity.robotics.visualizations/Editor) by extension 'python'
[0.262s] Level 1:colcon.colcon_core.package_identification:_identify(src/ROS-TCP-Connector/com.unity.robotics.visualizations/Editor) by extensions ['python_setup_py']
[0.262s] Level 1:colcon.colcon_core.package_identification:_identify(src/ROS-TCP-Connector/com.unity.robotics.visualizations/Editor) by extension 'python_setup_py'
[0.262s] Level 1:colcon.colcon_core.package_identification:_identify(src/ROS-TCP-Connector/com.unity.robotics.visualizations/Resources) by extensions ['ignore', 'ignore_ament_install']
[0.262s] Level 1:colcon.colcon_core.package_identification:_identify(src/ROS-TCP-Connector/com.unity.robotics.visualizations/Resources) by extension 'ignore'
[0.262s] Level 1:colcon.colcon_core.package_identification:_identify(src/ROS-TCP-Connector/com.unity.robotics.visualizations/Resources) by extension 'ignore_ament_install'
[0.262s] Level 1:colcon.colcon_core.package_identification:_identify(src/ROS-TCP-Connector/com.unity.robotics.visualizations/Resources) by extensions ['colcon_pkg']
[0.262s] Level 1:colcon.colcon_core.package_identification:_identify(src/ROS-TCP-Connector/com.unity.robotics.visualizations/Resources) by extension 'colcon_pkg'
[0.262s] Level 1:colcon.colcon_core.package_identification:_identify(src/ROS-TCP-Connector/com.unity.robotics.visualizations/Resources) by extensions ['colcon_meta']
[0.262s] Level 1:colcon.colcon_core.package_identification:_identify(src/ROS-TCP-Connector/com.unity.robotics.visualizations/Resources) by extension 'colcon_meta'
[0.262s] Level 1:colcon.colcon_core.package_identification:_identify(src/ROS-TCP-Connector/com.unity.robotics.visualizations/Resources) by extensions ['ros']
[0.262s] Level 1:colcon.colcon_core.package_identification:_identify(src/ROS-TCP-Connector/com.unity.robotics.visualizations/Resources) by extension 'ros'
[0.262s] Level 1:colcon.colcon_core.package_identification:_identify(src/ROS-TCP-Connector/com.unity.robotics.visualizations/Resources) by extensions ['cmake', 'python']
[0.262s] Level 1:colcon.colcon_core.package_identification:_identify(src/ROS-TCP-Connector/com.unity.robotics.visualizations/Resources) by extension 'cmake'
[0.262s] Level 1:colcon.colcon_core.package_identification:_identify(src/ROS-TCP-Connector/com.unity.robotics.visualizations/Resources) by extension 'python'
[0.262s] Level 1:colcon.colcon_core.package_identification:_identify(src/ROS-TCP-Connector/com.unity.robotics.visualizations/Resources) by extensions ['python_setup_py']
[0.262s] Level 1:colcon.colcon_core.package_identification:_identify(src/ROS-TCP-Connector/com.unity.robotics.visualizations/Resources) by extension 'python_setup_py'
[0.262s] Level 1:colcon.colcon_core.package_identification:_identify(src/ROS-TCP-Connector/com.unity.robotics.visualizations/Resources/VisualizerSettings) by extensions ['ignore', 'ignore_ament_install']
[0.262s] Level 1:colcon.colcon_core.package_identification:_identify(src/ROS-TCP-Connector/com.unity.robotics.visualizations/Resources/VisualizerSettings) by extension 'ignore'
[0.262s] Level 1:colcon.colcon_core.package_identification:_identify(src/ROS-TCP-Connector/com.unity.robotics.visualizations/Resources/VisualizerSettings) by extension 'ignore_ament_install'
[0.262s] Level 1:colcon.colcon_core.package_identification:_identify(src/ROS-TCP-Connector/com.unity.robotics.visualizations/Resources/VisualizerSettings) by extensions ['colcon_pkg']
[0.262s] Level 1:colcon.colcon_core.package_identification:_identify(src/ROS-TCP-Connector/com.unity.robotics.visualizations/Resources/VisualizerSettings) by extension 'colcon_pkg'
[0.262s] Level 1:colcon.colcon_core.package_identification:_identify(src/ROS-TCP-Connector/com.unity.robotics.visualizations/Resources/VisualizerSettings) by extensions ['colcon_meta']
[0.262s] Level 1:colcon.colcon_core.package_identification:_identify(src/ROS-TCP-Connector/com.unity.robotics.visualizations/Resources/VisualizerSettings) by extension 'colcon_meta'
[0.262s] Level 1:colcon.colcon_core.package_identification:_identify(src/ROS-TCP-Connector/com.unity.robotics.visualizations/Resources/VisualizerSettings) by extensions ['ros']
[0.262s] Level 1:colcon.colcon_core.package_identification:_identify(src/ROS-TCP-Connector/com.unity.robotics.visualizations/Resources/VisualizerSettings) by extension 'ros'
[0.262s] Level 1:colcon.colcon_core.package_identification:_identify(src/ROS-TCP-Connector/com.unity.robotics.visualizations/Resources/VisualizerSettings) by extensions ['cmake', 'python']
[0.262s] Level 1:colcon.colcon_core.package_identification:_identify(src/ROS-TCP-Connector/com.unity.robotics.visualizations/Resources/VisualizerSettings) by extension 'cmake'
[0.262s] Level 1:colcon.colcon_core.package_identification:_identify(src/ROS-TCP-Connector/com.unity.robotics.visualizations/Resources/VisualizerSettings) by extension 'python'
[0.262s] Level 1:colcon.colcon_core.package_identification:_identify(src/ROS-TCP-Connector/com.unity.robotics.visualizations/Resources/VisualizerSettings) by extensions ['python_setup_py']
[0.262s] Level 1:colcon.colcon_core.package_identification:_identify(src/ROS-TCP-Connector/com.unity.robotics.visualizations/Resources/VisualizerSettings) by extension 'python_setup_py'
[0.263s] Level 1:colcon.colcon_core.package_identification:_identify(src/ROS-TCP-Connector/com.unity.robotics.visualizations/Runtime) by extensions ['ignore', 'ignore_ament_install']
[0.263s] Level 1:colcon.colcon_core.package_identification:_identify(src/ROS-TCP-Connector/com.unity.robotics.visualizations/Runtime) by extension 'ignore'
[0.263s] Level 1:colcon.colcon_core.package_identification:_identify(src/ROS-TCP-Connector/com.unity.robotics.visualizations/Runtime) by extension 'ignore_ament_install'
[0.263s] Level 1:colcon.colcon_core.package_identification:_identify(src/ROS-TCP-Connector/com.unity.robotics.visualizations/Runtime) by extensions ['colcon_pkg']
[0.263s] Level 1:colcon.colcon_core.package_identification:_identify(src/ROS-TCP-Connector/com.unity.robotics.visualizations/Runtime) by extension 'colcon_pkg'
[0.263s] Level 1:colcon.colcon_core.package_identification:_identify(src/ROS-TCP-Connector/com.unity.robotics.visualizations/Runtime) by extensions ['colcon_meta']
[0.263s] Level 1:colcon.colcon_core.package_identification:_identify(src/ROS-TCP-Connector/com.unity.robotics.visualizations/Runtime) by extension 'colcon_meta'
[0.263s] Level 1:colcon.colcon_core.package_identification:_identify(src/ROS-TCP-Connector/com.unity.robotics.visualizations/Runtime) by extensions ['ros']
[0.263s] Level 1:colcon.colcon_core.package_identification:_identify(src/ROS-TCP-Connector/com.unity.robotics.visualizations/Runtime) by extension 'ros'
[0.263s] Level 1:colcon.colcon_core.package_identification:_identify(src/ROS-TCP-Connector/com.unity.robotics.visualizations/Runtime) by extensions ['cmake', 'python']
[0.263s] Level 1:colcon.colcon_core.package_identification:_identify(src/ROS-TCP-Connector/com.unity.robotics.visualizations/Runtime) by extension 'cmake'
[0.263s] Level 1:colcon.colcon_core.package_identification:_identify(src/ROS-TCP-Connector/com.unity.robotics.visualizations/Runtime) by extension 'python'
[0.263s] Level 1:colcon.colcon_core.package_identification:_identify(src/ROS-TCP-Connector/com.unity.robotics.visualizations/Runtime) by extensions ['python_setup_py']
[0.263s] Level 1:colcon.colcon_core.package_identification:_identify(src/ROS-TCP-Connector/com.unity.robotics.visualizations/Runtime) by extension 'python_setup_py'
[0.263s] Level 1:colcon.colcon_core.package_identification:_identify(src/ROS-TCP-Connector/com.unity.robotics.visualizations/Runtime/DefaultVisualizers) by extensions ['ignore', 'ignore_ament_install']
[0.263s] Level 1:colcon.colcon_core.package_identification:_identify(src/ROS-TCP-Connector/com.unity.robotics.visualizations/Runtime/DefaultVisualizers) by extension 'ignore'
[0.263s] Level 1:colcon.colcon_core.package_identification:_identify(src/ROS-TCP-Connector/com.unity.robotics.visualizations/Runtime/DefaultVisualizers) by extension 'ignore_ament_install'
[0.263s] Level 1:colcon.colcon_core.package_identification:_identify(src/ROS-TCP-Connector/com.unity.robotics.visualizations/Runtime/DefaultVisualizers) by extensions ['colcon_pkg']
[0.263s] Level 1:colcon.colcon_core.package_identification:_identify(src/ROS-TCP-Connector/com.unity.robotics.visualizations/Runtime/DefaultVisualizers) by extension 'colcon_pkg'
[0.263s] Level 1:colcon.colcon_core.package_identification:_identify(src/ROS-TCP-Connector/com.unity.robotics.visualizations/Runtime/DefaultVisualizers) by extensions ['colcon_meta']
[0.263s] Level 1:colcon.colcon_core.package_identification:_identify(src/ROS-TCP-Connector/com.unity.robotics.visualizations/Runtime/DefaultVisualizers) by extension 'colcon_meta'
[0.263s] Level 1:colcon.colcon_core.package_identification:_identify(src/ROS-TCP-Connector/com.unity.robotics.visualizations/Runtime/DefaultVisualizers) by extensions ['ros']
[0.263s] Level 1:colcon.colcon_core.package_identification:_identify(src/ROS-TCP-Connector/com.unity.robotics.visualizations/Runtime/DefaultVisualizers) by extension 'ros'
[0.263s] Level 1:colcon.colcon_core.package_identification:_identify(src/ROS-TCP-Connector/com.unity.robotics.visualizations/Runtime/DefaultVisualizers) by extensions ['cmake', 'python']
[0.263s] Level 1:colcon.colcon_core.package_identification:_identify(src/ROS-TCP-Connector/com.unity.robotics.visualizations/Runtime/DefaultVisualizers) by extension 'cmake'
[0.263s] Level 1:colcon.colcon_core.package_identification:_identify(src/ROS-TCP-Connector/com.unity.robotics.visualizations/Runtime/DefaultVisualizers) by extension 'python'
[0.263s] Level 1:colcon.colcon_core.package_identification:_identify(src/ROS-TCP-Connector/com.unity.robotics.visualizations/Runtime/DefaultVisualizers) by extensions ['python_setup_py']
[0.263s] Level 1:colcon.colcon_core.package_identification:_identify(src/ROS-TCP-Connector/com.unity.robotics.visualizations/Runtime/DefaultVisualizers) by extension 'python_setup_py'
[0.263s] Level 1:colcon.colcon_core.package_identification:_identify(src/ROS-TCP-Connector/com.unity.robotics.visualizations/Runtime/DefaultVisualizers/Actionlib) by extensions ['ignore', 'ignore_ament_install']
[0.263s] Level 1:colcon.colcon_core.package_identification:_identify(src/ROS-TCP-Connector/com.unity.robotics.visualizations/Runtime/DefaultVisualizers/Actionlib) by extension 'ignore'
[0.263s] Level 1:colcon.colcon_core.package_identification:_identify(src/ROS-TCP-Connector/com.unity.robotics.visualizations/Runtime/DefaultVisualizers/Actionlib) by extension 'ignore_ament_install'
[0.263s] Level 1:colcon.colcon_core.package_identification:_identify(src/ROS-TCP-Connector/com.unity.robotics.visualizations/Runtime/DefaultVisualizers/Actionlib) by extensions ['colcon_pkg']
[0.263s] Level 1:colcon.colcon_core.package_identification:_identify(src/ROS-TCP-Connector/com.unity.robotics.visualizations/Runtime/DefaultVisualizers/Actionlib) by extension 'colcon_pkg'
[0.263s] Level 1:colcon.colcon_core.package_identification:_identify(src/ROS-TCP-Connector/com.unity.robotics.visualizations/Runtime/DefaultVisualizers/Actionlib) by extensions ['colcon_meta']
[0.263s] Level 1:colcon.colcon_core.package_identification:_identify(src/ROS-TCP-Connector/com.unity.robotics.visualizations/Runtime/DefaultVisualizers/Actionlib) by extension 'colcon_meta'
[0.264s] Level 1:colcon.colcon_core.package_identification:_identify(src/ROS-TCP-Connector/com.unity.robotics.visualizations/Runtime/DefaultVisualizers/Actionlib) by extensions ['ros']
[0.264s] Level 1:colcon.colcon_core.package_identification:_identify(src/ROS-TCP-Connector/com.unity.robotics.visualizations/Runtime/DefaultVisualizers/Actionlib) by extension 'ros'
[0.264s] Level 1:colcon.colcon_core.package_identification:_identify(src/ROS-TCP-Connector/com.unity.robotics.visualizations/Runtime/DefaultVisualizers/Actionlib) by extensions ['cmake', 'python']
[0.264s] Level 1:colcon.colcon_core.package_identification:_identify(src/ROS-TCP-Connector/com.unity.robotics.visualizations/Runtime/DefaultVisualizers/Actionlib) by extension 'cmake'
[0.264s] Level 1:colcon.colcon_core.package_identification:_identify(src/ROS-TCP-Connector/com.unity.robotics.visualizations/Runtime/DefaultVisualizers/Actionlib) by extension 'python'
[0.264s] Level 1:colcon.colcon_core.package_identification:_identify(src/ROS-TCP-Connector/com.unity.robotics.visualizations/Runtime/DefaultVisualizers/Actionlib) by extensions ['python_setup_py']
[0.264s] Level 1:colcon.colcon_core.package_identification:_identify(src/ROS-TCP-Connector/com.unity.robotics.visualizations/Runtime/DefaultVisualizers/Actionlib) by extension 'python_setup_py'
[0.264s] Level 1:colcon.colcon_core.package_identification:_identify(src/ROS-TCP-Connector/com.unity.robotics.visualizations/Runtime/DefaultVisualizers/Diagnostic) by extensions ['ignore', 'ignore_ament_install']
[0.264s] Level 1:colcon.colcon_core.package_identification:_identify(src/ROS-TCP-Connector/com.unity.robotics.visualizations/Runtime/DefaultVisualizers/Diagnostic) by extension 'ignore'
[0.264s] Level 1:colcon.colcon_core.package_identification:_identify(src/ROS-TCP-Connector/com.unity.robotics.visualizations/Runtime/DefaultVisualizers/Diagnostic) by extension 'ignore_ament_install'
[0.264s] Level 1:colcon.colcon_core.package_identification:_identify(src/ROS-TCP-Connector/com.unity.robotics.visualizations/Runtime/DefaultVisualizers/Diagnostic) by extensions ['colcon_pkg']
[0.264s] Level 1:colcon.colcon_core.package_identification:_identify(src/ROS-TCP-Connector/com.unity.robotics.visualizations/Runtime/DefaultVisualizers/Diagnostic) by extension 'colcon_pkg'
[0.264s] Level 1:colcon.colcon_core.package_identification:_identify(src/ROS-TCP-Connector/com.unity.robotics.visualizations/Runtime/DefaultVisualizers/Diagnostic) by extensions ['colcon_meta']
[0.264s] Level 1:colcon.colcon_core.package_identification:_identify(src/ROS-TCP-Connector/com.unity.robotics.visualizations/Runtime/DefaultVisualizers/Diagnostic) by extension 'colcon_meta'
[0.264s] Level 1:colcon.colcon_core.package_identification:_identify(src/ROS-TCP-Connector/com.unity.robotics.visualizations/Runtime/DefaultVisualizers/Diagnostic) by extensions ['ros']
[0.264s] Level 1:colcon.colcon_core.package_identification:_identify(src/ROS-TCP-Connector/com.unity.robotics.visualizations/Runtime/DefaultVisualizers/Diagnostic) by extension 'ros'
[0.264s] Level 1:colcon.colcon_core.package_identification:_identify(src/ROS-TCP-Connector/com.unity.robotics.visualizations/Runtime/DefaultVisualizers/Diagnostic) by extensions ['cmake', 'python']
[0.264s] Level 1:colcon.colcon_core.package_identification:_identify(src/ROS-TCP-Connector/com.unity.robotics.visualizations/Runtime/DefaultVisualizers/Diagnostic) by extension 'cmake'
[0.264s] Level 1:colcon.colcon_core.package_identification:_identify(src/ROS-TCP-Connector/com.unity.robotics.visualizations/Runtime/DefaultVisualizers/Diagnostic) by extension 'python'
[0.264s] Level 1:colcon.colcon_core.package_identification:_identify(src/ROS-TCP-Connector/com.unity.robotics.visualizations/Runtime/DefaultVisualizers/Diagnostic) by extensions ['python_setup_py']
[0.264s] Level 1:colcon.colcon_core.package_identification:_identify(src/ROS-TCP-Connector/com.unity.robotics.visualizations/Runtime/DefaultVisualizers/Diagnostic) by extension 'python_setup_py'
[0.265s] Level 1:colcon.colcon_core.package_identification:_identify(src/ROS-TCP-Connector/com.unity.robotics.visualizations/Runtime/DefaultVisualizers/Geometry) by extensions ['ignore', 'ignore_ament_install']
[0.265s] Level 1:colcon.colcon_core.package_identification:_identify(src/ROS-TCP-Connector/com.unity.robotics.visualizations/Runtime/DefaultVisualizers/Geometry) by extension 'ignore'
[0.265s] Level 1:colcon.colcon_core.package_identification:_identify(src/ROS-TCP-Connector/com.unity.robotics.visualizations/Runtime/DefaultVisualizers/Geometry) by extension 'ignore_ament_install'
[0.265s] Level 1:colcon.colcon_core.package_identification:_identify(src/ROS-TCP-Connector/com.unity.robotics.visualizations/Runtime/DefaultVisualizers/Geometry) by extensions ['colcon_pkg']
[0.265s] Level 1:colcon.colcon_core.package_identification:_identify(src/ROS-TCP-Connector/com.unity.robotics.visualizations/Runtime/DefaultVisualizers/Geometry) by extension 'colcon_pkg'
[0.265s] Level 1:colcon.colcon_core.package_identification:_identify(src/ROS-TCP-Connector/com.unity.robotics.visualizations/Runtime/DefaultVisualizers/Geometry) by extensions ['colcon_meta']
[0.265s] Level 1:colcon.colcon_core.package_identification:_identify(src/ROS-TCP-Connector/com.unity.robotics.visualizations/Runtime/DefaultVisualizers/Geometry) by extension 'colcon_meta'
[0.265s] Level 1:colcon.colcon_core.package_identification:_identify(src/ROS-TCP-Connector/com.unity.robotics.visualizations/Runtime/DefaultVisualizers/Geometry) by extensions ['ros']
[0.265s] Level 1:colcon.colcon_core.package_identification:_identify(src/ROS-TCP-Connector/com.unity.robotics.visualizations/Runtime/DefaultVisualizers/Geometry) by extension 'ros'
[0.265s] Level 1:colcon.colcon_core.package_identification:_identify(src/ROS-TCP-Connector/com.unity.robotics.visualizations/Runtime/DefaultVisualizers/Geometry) by extensions ['cmake', 'python']
[0.265s] Level 1:colcon.colcon_core.package_identification:_identify(src/ROS-TCP-Connector/com.unity.robotics.visualizations/Runtime/DefaultVisualizers/Geometry) by extension 'cmake'
[0.265s] Level 1:colcon.colcon_core.package_identification:_identify(src/ROS-TCP-Connector/com.unity.robotics.visualizations/Runtime/DefaultVisualizers/Geometry) by extension 'python'
[0.265s] Level 1:colcon.colcon_core.package_identification:_identify(src/ROS-TCP-Connector/com.unity.robotics.visualizations/Runtime/DefaultVisualizers/Geometry) by extensions ['python_setup_py']
[0.265s] Level 1:colcon.colcon_core.package_identification:_identify(src/ROS-TCP-Connector/com.unity.robotics.visualizations/Runtime/DefaultVisualizers/Geometry) by extension 'python_setup_py'
[0.265s] Level 1:colcon.colcon_core.package_identification:_identify(src/ROS-TCP-Connector/com.unity.robotics.visualizations/Runtime/DefaultVisualizers/Nav) by extensions ['ignore', 'ignore_ament_install']
[0.265s] Level 1:colcon.colcon_core.package_identification:_identify(src/ROS-TCP-Connector/com.unity.robotics.visualizations/Runtime/DefaultVisualizers/Nav) by extension 'ignore'
[0.265s] Level 1:colcon.colcon_core.package_identification:_identify(src/ROS-TCP-Connector/com.unity.robotics.visualizations/Runtime/DefaultVisualizers/Nav) by extension 'ignore_ament_install'
[0.265s] Level 1:colcon.colcon_core.package_identification:_identify(src/ROS-TCP-Connector/com.unity.robotics.visualizations/Runtime/DefaultVisualizers/Nav) by extensions ['colcon_pkg']
[0.265s] Level 1:colcon.colcon_core.package_identification:_identify(src/ROS-TCP-Connector/com.unity.robotics.visualizations/Runtime/DefaultVisualizers/Nav) by extension 'colcon_pkg'
[0.265s] Level 1:colcon.colcon_core.package_identification:_identify(src/ROS-TCP-Connector/com.unity.robotics.visualizations/Runtime/DefaultVisualizers/Nav) by extensions ['colcon_meta']
[0.265s] Level 1:colcon.colcon_core.package_identification:_identify(src/ROS-TCP-Connector/com.unity.robotics.visualizations/Runtime/DefaultVisualizers/Nav) by extension 'colcon_meta'
[0.266s] Level 1:colcon.colcon_core.package_identification:_identify(src/ROS-TCP-Connector/com.unity.robotics.visualizations/Runtime/DefaultVisualizers/Nav) by extensions ['ros']
[0.266s] Level 1:colcon.colcon_core.package_identification:_identify(src/ROS-TCP-Connector/com.unity.robotics.visualizations/Runtime/DefaultVisualizers/Nav) by extension 'ros'
[0.266s] Level 1:colcon.colcon_core.package_identification:_identify(src/ROS-TCP-Connector/com.unity.robotics.visualizations/Runtime/DefaultVisualizers/Nav) by extensions ['cmake', 'python']
[0.266s] Level 1:colcon.colcon_core.package_identification:_identify(src/ROS-TCP-Connector/com.unity.robotics.visualizations/Runtime/DefaultVisualizers/Nav) by extension 'cmake'
[0.266s] Level 1:colcon.colcon_core.package_identification:_identify(src/ROS-TCP-Connector/com.unity.robotics.visualizations/Runtime/DefaultVisualizers/Nav) by extension 'python'
[0.266s] Level 1:colcon.colcon_core.package_identification:_identify(src/ROS-TCP-Connector/com.unity.robotics.visualizations/Runtime/DefaultVisualizers/Nav) by extensions ['python_setup_py']
[0.266s] Level 1:colcon.colcon_core.package_identification:_identify(src/ROS-TCP-Connector/com.unity.robotics.visualizations/Runtime/DefaultVisualizers/Nav) by extension 'python_setup_py'
[0.266s] Level 1:colcon.colcon_core.package_identification:_identify(src/ROS-TCP-Connector/com.unity.robotics.visualizations/Runtime/DefaultVisualizers/Sensor) by extensions ['ignore', 'ignore_ament_install']
[0.266s] Level 1:colcon.colcon_core.package_identification:_identify(src/ROS-TCP-Connector/com.unity.robotics.visualizations/Runtime/DefaultVisualizers/Sensor) by extension 'ignore'
[0.266s] Level 1:colcon.colcon_core.package_identification:_identify(src/ROS-TCP-Connector/com.unity.robotics.visualizations/Runtime/DefaultVisualizers/Sensor) by extension 'ignore_ament_install'
[0.266s] Level 1:colcon.colcon_core.package_identification:_identify(src/ROS-TCP-Connector/com.unity.robotics.visualizations/Runtime/DefaultVisualizers/Sensor) by extensions ['colcon_pkg']
[0.266s] Level 1:colcon.colcon_core.package_identification:_identify(src/ROS-TCP-Connector/com.unity.robotics.visualizations/Runtime/DefaultVisualizers/Sensor) by extension 'colcon_pkg'
[0.266s] Level 1:colcon.colcon_core.package_identification:_identify(src/ROS-TCP-Connector/com.unity.robotics.visualizations/Runtime/DefaultVisualizers/Sensor) by extensions ['colcon_meta']
[0.266s] Level 1:colcon.colcon_core.package_identification:_identify(src/ROS-TCP-Connector/com.unity.robotics.visualizations/Runtime/DefaultVisualizers/Sensor) by extension 'colcon_meta'
[0.266s] Level 1:colcon.colcon_core.package_identification:_identify(src/ROS-TCP-Connector/com.unity.robotics.visualizations/Runtime/DefaultVisualizers/Sensor) by extensions ['ros']
[0.266s] Level 1:colcon.colcon_core.package_identification:_identify(src/ROS-TCP-Connector/com.unity.robotics.visualizations/Runtime/DefaultVisualizers/Sensor) by extension 'ros'
[0.266s] Level 1:colcon.colcon_core.package_identification:_identify(src/ROS-TCP-Connector/com.unity.robotics.visualizations/Runtime/DefaultVisualizers/Sensor) by extensions ['cmake', 'python']
[0.266s] Level 1:colcon.colcon_core.package_identification:_identify(src/ROS-TCP-Connector/com.unity.robotics.visualizations/Runtime/DefaultVisualizers/Sensor) by extension 'cmake'
[0.266s] Level 1:colcon.colcon_core.package_identification:_identify(src/ROS-TCP-Connector/com.unity.robotics.visualizations/Runtime/DefaultVisualizers/Sensor) by extension 'python'
[0.266s] Level 1:colcon.colcon_core.package_identification:_identify(src/ROS-TCP-Connector/com.unity.robotics.visualizations/Runtime/DefaultVisualizers/Sensor) by extensions ['python_setup_py']
[0.266s] Level 1:colcon.colcon_core.package_identification:_identify(src/ROS-TCP-Connector/com.unity.robotics.visualizations/Runtime/DefaultVisualizers/Sensor) by extension 'python_setup_py'
[0.266s] Level 1:colcon.colcon_core.package_identification:_identify(src/ROS-TCP-Connector/com.unity.robotics.visualizations/Runtime/DefaultVisualizers/Sensor/ScriptableObjects) by extensions ['ignore', 'ignore_ament_install']
[0.266s] Level 1:colcon.colcon_core.package_identification:_identify(src/ROS-TCP-Connector/com.unity.robotics.visualizations/Runtime/DefaultVisualizers/Sensor/ScriptableObjects) by extension 'ignore'
[0.266s] Level 1:colcon.colcon_core.package_identification:_identify(src/ROS-TCP-Connector/com.unity.robotics.visualizations/Runtime/DefaultVisualizers/Sensor/ScriptableObjects) by extension 'ignore_ament_install'
[0.266s] Level 1:colcon.colcon_core.package_identification:_identify(src/ROS-TCP-Connector/com.unity.robotics.visualizations/Runtime/DefaultVisualizers/Sensor/ScriptableObjects) by extensions ['colcon_pkg']
[0.266s] Level 1:colcon.colcon_core.package_identification:_identify(src/ROS-TCP-Connector/com.unity.robotics.visualizations/Runtime/DefaultVisualizers/Sensor/ScriptableObjects) by extension 'colcon_pkg'
[0.266s] Level 1:colcon.colcon_core.package_identification:_identify(src/ROS-TCP-Connector/com.unity.robotics.visualizations/Runtime/DefaultVisualizers/Sensor/ScriptableObjects) by extensions ['colcon_meta']
[0.266s] Level 1:colcon.colcon_core.package_identification:_identify(src/ROS-TCP-Connector/com.unity.robotics.visualizations/Runtime/DefaultVisualizers/Sensor/ScriptableObjects) by extension 'colcon_meta'
[0.266s] Level 1:colcon.colcon_core.package_identification:_identify(src/ROS-TCP-Connector/com.unity.robotics.visualizations/Runtime/DefaultVisualizers/Sensor/ScriptableObjects) by extensions ['ros']
[0.266s] Level 1:colcon.colcon_core.package_identification:_identify(src/ROS-TCP-Connector/com.unity.robotics.visualizations/Runtime/DefaultVisualizers/Sensor/ScriptableObjects) by extension 'ros'
[0.266s] Level 1:colcon.colcon_core.package_identification:_identify(src/ROS-TCP-Connector/com.unity.robotics.visualizations/Runtime/DefaultVisualizers/Sensor/ScriptableObjects) by extensions ['cmake', 'python']
[0.267s] Level 1:colcon.colcon_core.package_identification:_identify(src/ROS-TCP-Connector/com.unity.robotics.visualizations/Runtime/DefaultVisualizers/Sensor/ScriptableObjects) by extension 'cmake'
[0.267s] Level 1:colcon.colcon_core.package_identification:_identify(src/ROS-TCP-Connector/com.unity.robotics.visualizations/Runtime/DefaultVisualizers/Sensor/ScriptableObjects) by extension 'python'
[0.267s] Level 1:colcon.colcon_core.package_identification:_identify(src/ROS-TCP-Connector/com.unity.robotics.visualizations/Runtime/DefaultVisualizers/Sensor/ScriptableObjects) by extensions ['python_setup_py']
[0.267s] Level 1:colcon.colcon_core.package_identification:_identify(src/ROS-TCP-Connector/com.unity.robotics.visualizations/Runtime/DefaultVisualizers/Sensor/ScriptableObjects) by extension 'python_setup_py'
[0.267s] Level 1:colcon.colcon_core.package_identification:_identify(src/ROS-TCP-Connector/com.unity.robotics.visualizations/Runtime/DefaultVisualizers/Shape) by extensions ['ignore', 'ignore_ament_install']
[0.267s] Level 1:colcon.colcon_core.package_identification:_identify(src/ROS-TCP-Connector/com.unity.robotics.visualizations/Runtime/DefaultVisualizers/Shape) by extension 'ignore'
[0.267s] Level 1:colcon.colcon_core.package_identification:_identify(src/ROS-TCP-Connector/com.unity.robotics.visualizations/Runtime/DefaultVisualizers/Shape) by extension 'ignore_ament_install'
[0.267s] Level 1:colcon.colcon_core.package_identification:_identify(src/ROS-TCP-Connector/com.unity.robotics.visualizations/Runtime/DefaultVisualizers/Shape) by extensions ['colcon_pkg']
[0.267s] Level 1:colcon.colcon_core.package_identification:_identify(src/ROS-TCP-Connector/com.unity.robotics.visualizations/Runtime/DefaultVisualizers/Shape) by extension 'colcon_pkg'
[0.267s] Level 1:colcon.colcon_core.package_identification:_identify(src/ROS-TCP-Connector/com.unity.robotics.visualizations/Runtime/DefaultVisualizers/Shape) by extensions ['colcon_meta']
[0.267s] Level 1:colcon.colcon_core.package_identification:_identify(src/ROS-TCP-Connector/com.unity.robotics.visualizations/Runtime/DefaultVisualizers/Shape) by extension 'colcon_meta'
[0.267s] Level 1:colcon.colcon_core.package_identification:_identify(src/ROS-TCP-Connector/com.unity.robotics.visualizations/Runtime/DefaultVisualizers/Shape) by extensions ['ros']
[0.267s] Level 1:colcon.colcon_core.package_identification:_identify(src/ROS-TCP-Connector/com.unity.robotics.visualizations/Runtime/DefaultVisualizers/Shape) by extension 'ros'
[0.267s] Level 1:colcon.colcon_core.package_identification:_identify(src/ROS-TCP-Connector/com.unity.robotics.visualizations/Runtime/DefaultVisualizers/Shape) by extensions ['cmake', 'python']
[0.267s] Level 1:colcon.colcon_core.package_identification:_identify(src/ROS-TCP-Connector/com.unity.robotics.visualizations/Runtime/DefaultVisualizers/Shape) by extension 'cmake'
[0.267s] Level 1:colcon.colcon_core.package_identification:_identify(src/ROS-TCP-Connector/com.unity.robotics.visualizations/Runtime/DefaultVisualizers/Shape) by extension 'python'
[0.267s] Level 1:colcon.colcon_core.package_identification:_identify(src/ROS-TCP-Connector/com.unity.robotics.visualizations/Runtime/DefaultVisualizers/Shape) by extensions ['python_setup_py']
[0.267s] Level 1:colcon.colcon_core.package_identification:_identify(src/ROS-TCP-Connector/com.unity.robotics.visualizations/Runtime/DefaultVisualizers/Shape) by extension 'python_setup_py'
[0.267s] Level 1:colcon.colcon_core.package_identification:_identify(src/ROS-TCP-Connector/com.unity.robotics.visualizations/Runtime/DefaultVisualizers/Std) by extensions ['ignore', 'ignore_ament_install']
[0.267s] Level 1:colcon.colcon_core.package_identification:_identify(src/ROS-TCP-Connector/com.unity.robotics.visualizations/Runtime/DefaultVisualizers/Std) by extension 'ignore'
[0.267s] Level 1:colcon.colcon_core.package_identification:_identify(src/ROS-TCP-Connector/com.unity.robotics.visualizations/Runtime/DefaultVisualizers/Std) by extension 'ignore_ament_install'
[0.267s] Level 1:colcon.colcon_core.package_identification:_identify(src/ROS-TCP-Connector/com.unity.robotics.visualizations/Runtime/DefaultVisualizers/Std) by extensions ['colcon_pkg']
[0.267s] Level 1:colcon.colcon_core.package_identification:_identify(src/ROS-TCP-Connector/com.unity.robotics.visualizations/Runtime/DefaultVisualizers/Std) by extension 'colcon_pkg'
[0.267s] Level 1:colcon.colcon_core.package_identification:_identify(src/ROS-TCP-Connector/com.unity.robotics.visualizations/Runtime/DefaultVisualizers/Std) by extensions ['colcon_meta']
[0.267s] Level 1:colcon.colcon_core.package_identification:_identify(src/ROS-TCP-Connector/com.unity.robotics.visualizations/Runtime/DefaultVisualizers/Std) by extension 'colcon_meta'
[0.267s] Level 1:colcon.colcon_core.package_identification:_identify(src/ROS-TCP-Connector/com.unity.robotics.visualizations/Runtime/DefaultVisualizers/Std) by extensions ['ros']
[0.267s] Level 1:colcon.colcon_core.package_identification:_identify(src/ROS-TCP-Connector/com.unity.robotics.visualizations/Runtime/DefaultVisualizers/Std) by extension 'ros'
[0.267s] Level 1:colcon.colcon_core.package_identification:_identify(src/ROS-TCP-Connector/com.unity.robotics.visualizations/Runtime/DefaultVisualizers/Std) by extensions ['cmake', 'python']
[0.267s] Level 1:colcon.colcon_core.package_identification:_identify(src/ROS-TCP-Connector/com.unity.robotics.visualizations/Runtime/DefaultVisualizers/Std) by extension 'cmake'
[0.267s] Level 1:colcon.colcon_core.package_identification:_identify(src/ROS-TCP-Connector/com.unity.robotics.visualizations/Runtime/DefaultVisualizers/Std) by extension 'python'
[0.267s] Level 1:colcon.colcon_core.package_identification:_identify(src/ROS-TCP-Connector/com.unity.robotics.visualizations/Runtime/DefaultVisualizers/Std) by extensions ['python_setup_py']
[0.267s] Level 1:colcon.colcon_core.package_identification:_identify(src/ROS-TCP-Connector/com.unity.robotics.visualizations/Runtime/DefaultVisualizers/Std) by extension 'python_setup_py'
[0.267s] Level 1:colcon.colcon_core.package_identification:_identify(src/ROS-TCP-Connector/com.unity.robotics.visualizations/Runtime/DefaultVisualizers/Stereo) by extensions ['ignore', 'ignore_ament_install']
[0.267s] Level 1:colcon.colcon_core.package_identification:_identify(src/ROS-TCP-Connector/com.unity.robotics.visualizations/Runtime/DefaultVisualizers/Stereo) by extension 'ignore'
[0.268s] Level 1:colcon.colcon_core.package_identification:_identify(src/ROS-TCP-Connector/com.unity.robotics.visualizations/Runtime/DefaultVisualizers/Stereo) by extension 'ignore_ament_install'
[0.268s] Level 1:colcon.colcon_core.package_identification:_identify(src/ROS-TCP-Connector/com.unity.robotics.visualizations/Runtime/DefaultVisualizers/Stereo) by extensions ['colcon_pkg']
[0.268s] Level 1:colcon.colcon_core.package_identification:_identify(src/ROS-TCP-Connector/com.unity.robotics.visualizations/Runtime/DefaultVisualizers/Stereo) by extension 'colcon_pkg'
[0.268s] Level 1:colcon.colcon_core.package_identification:_identify(src/ROS-TCP-Connector/com.unity.robotics.visualizations/Runtime/DefaultVisualizers/Stereo) by extensions ['colcon_meta']
[0.268s] Level 1:colcon.colcon_core.package_identification:_identify(src/ROS-TCP-Connector/com.unity.robotics.visualizations/Runtime/DefaultVisualizers/Stereo) by extension 'colcon_meta'
[0.268s] Level 1:colcon.colcon_core.package_identification:_identify(src/ROS-TCP-Connector/com.unity.robotics.visualizations/Runtime/DefaultVisualizers/Stereo) by extensions ['ros']
[0.268s] Level 1:colcon.colcon_core.package_identification:_identify(src/ROS-TCP-Connector/com.unity.robotics.visualizations/Runtime/DefaultVisualizers/Stereo) by extension 'ros'
[0.268s] Level 1:colcon.colcon_core.package_identification:_identify(src/ROS-TCP-Connector/com.unity.robotics.visualizations/Runtime/DefaultVisualizers/Stereo) by extensions ['cmake', 'python']
[0.268s] Level 1:colcon.colcon_core.package_identification:_identify(src/ROS-TCP-Connector/com.unity.robotics.visualizations/Runtime/DefaultVisualizers/Stereo) by extension 'cmake'
[0.268s] Level 1:colcon.colcon_core.package_identification:_identify(src/ROS-TCP-Connector/com.unity.robotics.visualizations/Runtime/DefaultVisualizers/Stereo) by extension 'python'
[0.268s] Level 1:colcon.colcon_core.package_identification:_identify(src/ROS-TCP-Connector/com.unity.robotics.visualizations/Runtime/DefaultVisualizers/Stereo) by extensions ['python_setup_py']
[0.268s] Level 1:colcon.colcon_core.package_identification:_identify(src/ROS-TCP-Connector/com.unity.robotics.visualizations/Runtime/DefaultVisualizers/Stereo) by extension 'python_setup_py'
[0.268s] Level 1:colcon.colcon_core.package_identification:_identify(src/ROS-TCP-Connector/com.unity.robotics.visualizations/Runtime/DefaultVisualizers/Trajectory) by extensions ['ignore', 'ignore_ament_install']
[0.268s] Level 1:colcon.colcon_core.package_identification:_identify(src/ROS-TCP-Connector/com.unity.robotics.visualizations/Runtime/DefaultVisualizers/Trajectory) by extension 'ignore'
[0.268s] Level 1:colcon.colcon_core.package_identification:_identify(src/ROS-TCP-Connector/com.unity.robotics.visualizations/Runtime/DefaultVisualizers/Trajectory) by extension 'ignore_ament_install'
[0.268s] Level 1:colcon.colcon_core.package_identification:_identify(src/ROS-TCP-Connector/com.unity.robotics.visualizations/Runtime/DefaultVisualizers/Trajectory) by extensions ['colcon_pkg']
[0.268s] Level 1:colcon.colcon_core.package_identification:_identify(src/ROS-TCP-Connector/com.unity.robotics.visualizations/Runtime/DefaultVisualizers/Trajectory) by extension 'colcon_pkg'
[0.268s] Level 1:colcon.colcon_core.package_identification:_identify(src/ROS-TCP-Connector/com.unity.robotics.visualizations/Runtime/DefaultVisualizers/Trajectory) by extensions ['colcon_meta']
[0.268s] Level 1:colcon.colcon_core.package_identification:_identify(src/ROS-TCP-Connector/com.unity.robotics.visualizations/Runtime/DefaultVisualizers/Trajectory) by extension 'colcon_meta'
[0.268s] Level 1:colcon.colcon_core.package_identification:_identify(src/ROS-TCP-Connector/com.unity.robotics.visualizations/Runtime/DefaultVisualizers/Trajectory) by extensions ['ros']
[0.268s] Level 1:colcon.colcon_core.package_identification:_identify(src/ROS-TCP-Connector/com.unity.robotics.visualizations/Runtime/DefaultVisualizers/Trajectory) by extension 'ros'
[0.268s] Level 1:colcon.colcon_core.package_identification:_identify(src/ROS-TCP-Connector/com.unity.robotics.visualizations/Runtime/DefaultVisualizers/Trajectory) by extensions ['cmake', 'python']
[0.268s] Level 1:colcon.colcon_core.package_identification:_identify(src/ROS-TCP-Connector/com.unity.robotics.visualizations/Runtime/DefaultVisualizers/Trajectory) by extension 'cmake'
[0.268s] Level 1:colcon.colcon_core.package_identification:_identify(src/ROS-TCP-Connector/com.unity.robotics.visualizations/Runtime/DefaultVisualizers/Trajectory) by extension 'python'
[0.268s] Level 1:colcon.colcon_core.package_identification:_identify(src/ROS-TCP-Connector/com.unity.robotics.visualizations/Runtime/DefaultVisualizers/Trajectory) by extensions ['python_setup_py']
[0.268s] Level 1:colcon.colcon_core.package_identification:_identify(src/ROS-TCP-Connector/com.unity.robotics.visualizations/Runtime/DefaultVisualizers/Trajectory) by extension 'python_setup_py'
[0.268s] Level 1:colcon.colcon_core.package_identification:_identify(src/ROS-TCP-Connector/com.unity.robotics.visualizations/Runtime/DefaultVisualizers/Visualization) by extensions ['ignore', 'ignore_ament_install']
[0.268s] Level 1:colcon.colcon_core.package_identification:_identify(src/ROS-TCP-Connector/com.unity.robotics.visualizations/Runtime/DefaultVisualizers/Visualization) by extension 'ignore'
[0.268s] Level 1:colcon.colcon_core.package_identification:_identify(src/ROS-TCP-Connector/com.unity.robotics.visualizations/Runtime/DefaultVisualizers/Visualization) by extension 'ignore_ament_install'
[0.268s] Level 1:colcon.colcon_core.package_identification:_identify(src/ROS-TCP-Connector/com.unity.robotics.visualizations/Runtime/DefaultVisualizers/Visualization) by extensions ['colcon_pkg']
[0.268s] Level 1:colcon.colcon_core.package_identification:_identify(src/ROS-TCP-Connector/com.unity.robotics.visualizations/Runtime/DefaultVisualizers/Visualization) by extension 'colcon_pkg'
[0.268s] Level 1:colcon.colcon_core.package_identification:_identify(src/ROS-TCP-Connector/com.unity.robotics.visualizations/Runtime/DefaultVisualizers/Visualization) by extensions ['colcon_meta']
[0.268s] Level 1:colcon.colcon_core.package_identification:_identify(src/ROS-TCP-Connector/com.unity.robotics.visualizations/Runtime/DefaultVisualizers/Visualization) by extension 'colcon_meta'
[0.268s] Level 1:colcon.colcon_core.package_identification:_identify(src/ROS-TCP-Connector/com.unity.robotics.visualizations/Runtime/DefaultVisualizers/Visualization) by extensions ['ros']
[0.268s] Level 1:colcon.colcon_core.package_identification:_identify(src/ROS-TCP-Connector/com.unity.robotics.visualizations/Runtime/DefaultVisualizers/Visualization) by extension 'ros'
[0.268s] Level 1:colcon.colcon_core.package_identification:_identify(src/ROS-TCP-Connector/com.unity.robotics.visualizations/Runtime/DefaultVisualizers/Visualization) by extensions ['cmake', 'python']
[0.269s] Level 1:colcon.colcon_core.package_identification:_identify(src/ROS-TCP-Connector/com.unity.robotics.visualizations/Runtime/DefaultVisualizers/Visualization) by extension 'cmake'
[0.269s] Level 1:colcon.colcon_core.package_identification:_identify(src/ROS-TCP-Connector/com.unity.robotics.visualizations/Runtime/DefaultVisualizers/Visualization) by extension 'python'
[0.269s] Level 1:colcon.colcon_core.package_identification:_identify(src/ROS-TCP-Connector/com.unity.robotics.visualizations/Runtime/DefaultVisualizers/Visualization) by extensions ['python_setup_py']
[0.269s] Level 1:colcon.colcon_core.package_identification:_identify(src/ROS-TCP-Connector/com.unity.robotics.visualizations/Runtime/DefaultVisualizers/Visualization) by extension 'python_setup_py'
[0.269s] Level 1:colcon.colcon_core.package_identification:_identify(src/ROS-TCP-Connector/com.unity.robotics.visualizations/Runtime/Drawing3d) by extensions ['ignore', 'ignore_ament_install']
[0.269s] Level 1:colcon.colcon_core.package_identification:_identify(src/ROS-TCP-Connector/com.unity.robotics.visualizations/Runtime/Drawing3d) by extension 'ignore'
[0.269s] Level 1:colcon.colcon_core.package_identification:_identify(src/ROS-TCP-Connector/com.unity.robotics.visualizations/Runtime/Drawing3d) by extension 'ignore_ament_install'
[0.269s] Level 1:colcon.colcon_core.package_identification:_identify(src/ROS-TCP-Connector/com.unity.robotics.visualizations/Runtime/Drawing3d) by extensions ['colcon_pkg']
[0.269s] Level 1:colcon.colcon_core.package_identification:_identify(src/ROS-TCP-Connector/com.unity.robotics.visualizations/Runtime/Drawing3d) by extension 'colcon_pkg'
[0.269s] Level 1:colcon.colcon_core.package_identification:_identify(src/ROS-TCP-Connector/com.unity.robotics.visualizations/Runtime/Drawing3d) by extensions ['colcon_meta']
[0.269s] Level 1:colcon.colcon_core.package_identification:_identify(src/ROS-TCP-Connector/com.unity.robotics.visualizations/Runtime/Drawing3d) by extension 'colcon_meta'
[0.269s] Level 1:colcon.colcon_core.package_identification:_identify(src/ROS-TCP-Connector/com.unity.robotics.visualizations/Runtime/Drawing3d) by extensions ['ros']
[0.269s] Level 1:colcon.colcon_core.package_identification:_identify(src/ROS-TCP-Connector/com.unity.robotics.visualizations/Runtime/Drawing3d) by extension 'ros'
[0.269s] Level 1:colcon.colcon_core.package_identification:_identify(src/ROS-TCP-Connector/com.unity.robotics.visualizations/Runtime/Drawing3d) by extensions ['cmake', 'python']
[0.269s] Level 1:colcon.colcon_core.package_identification:_identify(src/ROS-TCP-Connector/com.unity.robotics.visualizations/Runtime/Drawing3d) by extension 'cmake'
[0.269s] Level 1:colcon.colcon_core.package_identification:_identify(src/ROS-TCP-Connector/com.unity.robotics.visualizations/Runtime/Drawing3d) by extension 'python'
[0.269s] Level 1:colcon.colcon_core.package_identification:_identify(src/ROS-TCP-Connector/com.unity.robotics.visualizations/Runtime/Drawing3d) by extensions ['python_setup_py']
[0.269s] Level 1:colcon.colcon_core.package_identification:_identify(src/ROS-TCP-Connector/com.unity.robotics.visualizations/Runtime/Drawing3d) by extension 'python_setup_py'
[0.269s] Level 1:colcon.colcon_core.package_identification:_identify(src/ROS-TCP-Connector/com.unity.robotics.visualizations/Runtime/Drawing3d/Materials) by extensions ['ignore', 'ignore_ament_install']
[0.269s] Level 1:colcon.colcon_core.package_identification:_identify(src/ROS-TCP-Connector/com.unity.robotics.visualizations/Runtime/Drawing3d/Materials) by extension 'ignore'
[0.269s] Level 1:colcon.colcon_core.package_identification:_identify(src/ROS-TCP-Connector/com.unity.robotics.visualizations/Runtime/Drawing3d/Materials) by extension 'ignore_ament_install'
[0.269s] Level 1:colcon.colcon_core.package_identification:_identify(src/ROS-TCP-Connector/com.unity.robotics.visualizations/Runtime/Drawing3d/Materials) by extensions ['colcon_pkg']
[0.269s] Level 1:colcon.colcon_core.package_identification:_identify(src/ROS-TCP-Connector/com.unity.robotics.visualizations/Runtime/Drawing3d/Materials) by extension 'colcon_pkg'
[0.269s] Level 1:colcon.colcon_core.package_identification:_identify(src/ROS-TCP-Connector/com.unity.robotics.visualizations/Runtime/Drawing3d/Materials) by extensions ['colcon_meta']
[0.269s] Level 1:colcon.colcon_core.package_identification:_identify(src/ROS-TCP-Connector/com.unity.robotics.visualizations/Runtime/Drawing3d/Materials) by extension 'colcon_meta'
[0.269s] Level 1:colcon.colcon_core.package_identification:_identify(src/ROS-TCP-Connector/com.unity.robotics.visualizations/Runtime/Drawing3d/Materials) by extensions ['ros']
[0.269s] Level 1:colcon.colcon_core.package_identification:_identify(src/ROS-TCP-Connector/com.unity.robotics.visualizations/Runtime/Drawing3d/Materials) by extension 'ros'
[0.269s] Level 1:colcon.colcon_core.package_identification:_identify(src/ROS-TCP-Connector/com.unity.robotics.visualizations/Runtime/Drawing3d/Materials) by extensions ['cmake', 'python']
[0.269s] Level 1:colcon.colcon_core.package_identification:_identify(src/ROS-TCP-Connector/com.unity.robotics.visualizations/Runtime/Drawing3d/Materials) by extension 'cmake'
[0.269s] Level 1:colcon.colcon_core.package_identification:_identify(src/ROS-TCP-Connector/com.unity.robotics.visualizations/Runtime/Drawing3d/Materials) by extension 'python'
[0.269s] Level 1:colcon.colcon_core.package_identification:_identify(src/ROS-TCP-Connector/com.unity.robotics.visualizations/Runtime/Drawing3d/Materials) by extensions ['python_setup_py']
[0.269s] Level 1:colcon.colcon_core.package_identification:_identify(src/ROS-TCP-Connector/com.unity.robotics.visualizations/Runtime/Drawing3d/Materials) by extension 'python_setup_py'
[0.269s] Level 1:colcon.colcon_core.package_identification:_identify(src/ROS-TCP-Connector/com.unity.robotics.visualizations/Runtime/Drawing3d/Scripts) by extensions ['ignore', 'ignore_ament_install']
[0.269s] Level 1:colcon.colcon_core.package_identification:_identify(src/ROS-TCP-Connector/com.unity.robotics.visualizations/Runtime/Drawing3d/Scripts) by extension 'ignore'
[0.270s] Level 1:colcon.colcon_core.package_identification:_identify(src/ROS-TCP-Connector/com.unity.robotics.visualizations/Runtime/Drawing3d/Scripts) by extension 'ignore_ament_install'
[0.270s] Level 1:colcon.colcon_core.package_identification:_identify(src/ROS-TCP-Connector/com.unity.robotics.visualizations/Runtime/Drawing3d/Scripts) by extensions ['colcon_pkg']
[0.270s] Level 1:colcon.colcon_core.package_identification:_identify(src/ROS-TCP-Connector/com.unity.robotics.visualizations/Runtime/Drawing3d/Scripts) by extension 'colcon_pkg'
[0.270s] Level 1:colcon.colcon_core.package_identification:_identify(src/ROS-TCP-Connector/com.unity.robotics.visualizations/Runtime/Drawing3d/Scripts) by extensions ['colcon_meta']
[0.270s] Level 1:colcon.colcon_core.package_identification:_identify(src/ROS-TCP-Connector/com.unity.robotics.visualizations/Runtime/Drawing3d/Scripts) by extension 'colcon_meta'
[0.270s] Level 1:colcon.colcon_core.package_identification:_identify(src/ROS-TCP-Connector/com.unity.robotics.visualizations/Runtime/Drawing3d/Scripts) by extensions ['ros']
[0.270s] Level 1:colcon.colcon_core.package_identification:_identify(src/ROS-TCP-Connector/com.unity.robotics.visualizations/Runtime/Drawing3d/Scripts) by extension 'ros'
[0.270s] Level 1:colcon.colcon_core.package_identification:_identify(src/ROS-TCP-Connector/com.unity.robotics.visualizations/Runtime/Drawing3d/Scripts) by extensions ['cmake', 'python']
[0.270s] Level 1:colcon.colcon_core.package_identification:_identify(src/ROS-TCP-Connector/com.unity.robotics.visualizations/Runtime/Drawing3d/Scripts) by extension 'cmake'
[0.270s] Level 1:colcon.colcon_core.package_identification:_identify(src/ROS-TCP-Connector/com.unity.robotics.visualizations/Runtime/Drawing3d/Scripts) by extension 'python'
[0.270s] Level 1:colcon.colcon_core.package_identification:_identify(src/ROS-TCP-Connector/com.unity.robotics.visualizations/Runtime/Drawing3d/Scripts) by extensions ['python_setup_py']
[0.270s] Level 1:colcon.colcon_core.package_identification:_identify(src/ROS-TCP-Connector/com.unity.robotics.visualizations/Runtime/Drawing3d/Scripts) by extension 'python_setup_py'
[0.270s] Level 1:colcon.colcon_core.package_identification:_identify(src/ROS-TCP-Connector/com.unity.robotics.visualizations/Runtime/Drawing3d/Shaders) by extensions ['ignore', 'ignore_ament_install']
[0.270s] Level 1:colcon.colcon_core.package_identification:_identify(src/ROS-TCP-Connector/com.unity.robotics.visualizations/Runtime/Drawing3d/Shaders) by extension 'ignore'
[0.270s] Level 1:colcon.colcon_core.package_identification:_identify(src/ROS-TCP-Connector/com.unity.robotics.visualizations/Runtime/Drawing3d/Shaders) by extension 'ignore_ament_install'
[0.270s] Level 1:colcon.colcon_core.package_identification:_identify(src/ROS-TCP-Connector/com.unity.robotics.visualizations/Runtime/Drawing3d/Shaders) by extensions ['colcon_pkg']
[0.270s] Level 1:colcon.colcon_core.package_identification:_identify(src/ROS-TCP-Connector/com.unity.robotics.visualizations/Runtime/Drawing3d/Shaders) by extension 'colcon_pkg'
[0.270s] Level 1:colcon.colcon_core.package_identification:_identify(src/ROS-TCP-Connector/com.unity.robotics.visualizations/Runtime/Drawing3d/Shaders) by extensions ['colcon_meta']
[0.270s] Level 1:colcon.colcon_core.package_identification:_identify(src/ROS-TCP-Connector/com.unity.robotics.visualizations/Runtime/Drawing3d/Shaders) by extension 'colcon_meta'
[0.270s] Level 1:colcon.colcon_core.package_identification:_identify(src/ROS-TCP-Connector/com.unity.robotics.visualizations/Runtime/Drawing3d/Shaders) by extensions ['ros']
[0.270s] Level 1:colcon.colcon_core.package_identification:_identify(src/ROS-TCP-Connector/com.unity.robotics.visualizations/Runtime/Drawing3d/Shaders) by extension 'ros'
[0.270s] Level 1:colcon.colcon_core.package_identification:_identify(src/ROS-TCP-Connector/com.unity.robotics.visualizations/Runtime/Drawing3d/Shaders) by extensions ['cmake', 'python']
[0.270s] Level 1:colcon.colcon_core.package_identification:_identify(src/ROS-TCP-Connector/com.unity.robotics.visualizations/Runtime/Drawing3d/Shaders) by extension 'cmake'
[0.270s] Level 1:colcon.colcon_core.package_identification:_identify(src/ROS-TCP-Connector/com.unity.robotics.visualizations/Runtime/Drawing3d/Shaders) by extension 'python'
[0.270s] Level 1:colcon.colcon_core.package_identification:_identify(src/ROS-TCP-Connector/com.unity.robotics.visualizations/Runtime/Drawing3d/Shaders) by extensions ['python_setup_py']
[0.270s] Level 1:colcon.colcon_core.package_identification:_identify(src/ROS-TCP-Connector/com.unity.robotics.visualizations/Runtime/Drawing3d/Shaders) by extension 'python_setup_py'
[0.270s] Level 1:colcon.colcon_core.package_identification:_identify(src/ROS-TCP-Connector/com.unity.robotics.visualizations/Runtime/Drawing3d/Textures) by extensions ['ignore', 'ignore_ament_install']
[0.270s] Level 1:colcon.colcon_core.package_identification:_identify(src/ROS-TCP-Connector/com.unity.robotics.visualizations/Runtime/Drawing3d/Textures) by extension 'ignore'
[0.270s] Level 1:colcon.colcon_core.package_identification:_identify(src/ROS-TCP-Connector/com.unity.robotics.visualizations/Runtime/Drawing3d/Textures) by extension 'ignore_ament_install'
[0.270s] Level 1:colcon.colcon_core.package_identification:_identify(src/ROS-TCP-Connector/com.unity.robotics.visualizations/Runtime/Drawing3d/Textures) by extensions ['colcon_pkg']
[0.270s] Level 1:colcon.colcon_core.package_identification:_identify(src/ROS-TCP-Connector/com.unity.robotics.visualizations/Runtime/Drawing3d/Textures) by extension 'colcon_pkg'
[0.270s] Level 1:colcon.colcon_core.package_identification:_identify(src/ROS-TCP-Connector/com.unity.robotics.visualizations/Runtime/Drawing3d/Textures) by extensions ['colcon_meta']
[0.271s] Level 1:colcon.colcon_core.package_identification:_identify(src/ROS-TCP-Connector/com.unity.robotics.visualizations/Runtime/Drawing3d/Textures) by extension 'colcon_meta'
[0.271s] Level 1:colcon.colcon_core.package_identification:_identify(src/ROS-TCP-Connector/com.unity.robotics.visualizations/Runtime/Drawing3d/Textures) by extensions ['ros']
[0.271s] Level 1:colcon.colcon_core.package_identification:_identify(src/ROS-TCP-Connector/com.unity.robotics.visualizations/Runtime/Drawing3d/Textures) by extension 'ros'
[0.271s] Level 1:colcon.colcon_core.package_identification:_identify(src/ROS-TCP-Connector/com.unity.robotics.visualizations/Runtime/Drawing3d/Textures) by extensions ['cmake', 'python']
[0.271s] Level 1:colcon.colcon_core.package_identification:_identify(src/ROS-TCP-Connector/com.unity.robotics.visualizations/Runtime/Drawing3d/Textures) by extension 'cmake'
[0.271s] Level 1:colcon.colcon_core.package_identification:_identify(src/ROS-TCP-Connector/com.unity.robotics.visualizations/Runtime/Drawing3d/Textures) by extension 'python'
[0.271s] Level 1:colcon.colcon_core.package_identification:_identify(src/ROS-TCP-Connector/com.unity.robotics.visualizations/Runtime/Drawing3d/Textures) by extensions ['python_setup_py']
[0.271s] Level 1:colcon.colcon_core.package_identification:_identify(src/ROS-TCP-Connector/com.unity.robotics.visualizations/Runtime/Drawing3d/Textures) by extension 'python_setup_py'
[0.271s] Level 1:colcon.colcon_core.package_identification:_identify(src/ROS-TCP-Connector/com.unity.robotics.visualizations/Runtime/ExampleVisualizers) by extensions ['ignore', 'ignore_ament_install']
[0.271s] Level 1:colcon.colcon_core.package_identification:_identify(src/ROS-TCP-Connector/com.unity.robotics.visualizations/Runtime/ExampleVisualizers) by extension 'ignore'
[0.271s] Level 1:colcon.colcon_core.package_identification:_identify(src/ROS-TCP-Connector/com.unity.robotics.visualizations/Runtime/ExampleVisualizers) by extension 'ignore_ament_install'
[0.271s] Level 1:colcon.colcon_core.package_identification:_identify(src/ROS-TCP-Connector/com.unity.robotics.visualizations/Runtime/ExampleVisualizers) by extensions ['colcon_pkg']
[0.271s] Level 1:colcon.colcon_core.package_identification:_identify(src/ROS-TCP-Connector/com.unity.robotics.visualizations/Runtime/ExampleVisualizers) by extension 'colcon_pkg'
[0.271s] Level 1:colcon.colcon_core.package_identification:_identify(src/ROS-TCP-Connector/com.unity.robotics.visualizations/Runtime/ExampleVisualizers) by extensions ['colcon_meta']
[0.271s] Level 1:colcon.colcon_core.package_identification:_identify(src/ROS-TCP-Connector/com.unity.robotics.visualizations/Runtime/ExampleVisualizers) by extension 'colcon_meta'
[0.271s] Level 1:colcon.colcon_core.package_identification:_identify(src/ROS-TCP-Connector/com.unity.robotics.visualizations/Runtime/ExampleVisualizers) by extensions ['ros']
[0.271s] Level 1:colcon.colcon_core.package_identification:_identify(src/ROS-TCP-Connector/com.unity.robotics.visualizations/Runtime/ExampleVisualizers) by extension 'ros'
[0.271s] Level 1:colcon.colcon_core.package_identification:_identify(src/ROS-TCP-Connector/com.unity.robotics.visualizations/Runtime/ExampleVisualizers) by extensions ['cmake', 'python']
[0.271s] Level 1:colcon.colcon_core.package_identification:_identify(src/ROS-TCP-Connector/com.unity.robotics.visualizations/Runtime/ExampleVisualizers) by extension 'cmake'
[0.271s] Level 1:colcon.colcon_core.package_identification:_identify(src/ROS-TCP-Connector/com.unity.robotics.visualizations/Runtime/ExampleVisualizers) by extension 'python'
[0.271s] Level 1:colcon.colcon_core.package_identification:_identify(src/ROS-TCP-Connector/com.unity.robotics.visualizations/Runtime/ExampleVisualizers) by extensions ['python_setup_py']
[0.271s] Level 1:colcon.colcon_core.package_identification:_identify(src/ROS-TCP-Connector/com.unity.robotics.visualizations/Runtime/ExampleVisualizers) by extension 'python_setup_py'
[0.271s] Level 1:colcon.colcon_core.package_identification:_identify(src/ROS-TCP-Connector/com.unity.robotics.visualizations/Runtime/Materials) by extensions ['ignore', 'ignore_ament_install']
[0.271s] Level 1:colcon.colcon_core.package_identification:_identify(src/ROS-TCP-Connector/com.unity.robotics.visualizations/Runtime/Materials) by extension 'ignore'
[0.271s] Level 1:colcon.colcon_core.package_identification:_identify(src/ROS-TCP-Connector/com.unity.robotics.visualizations/Runtime/Materials) by extension 'ignore_ament_install'
[0.271s] Level 1:colcon.colcon_core.package_identification:_identify(src/ROS-TCP-Connector/com.unity.robotics.visualizations/Runtime/Materials) by extensions ['colcon_pkg']
[0.271s] Level 1:colcon.colcon_core.package_identification:_identify(src/ROS-TCP-Connector/com.unity.robotics.visualizations/Runtime/Materials) by extension 'colcon_pkg'
[0.271s] Level 1:colcon.colcon_core.package_identification:_identify(src/ROS-TCP-Connector/com.unity.robotics.visualizations/Runtime/Materials) by extensions ['colcon_meta']
[0.271s] Level 1:colcon.colcon_core.package_identification:_identify(src/ROS-TCP-Connector/com.unity.robotics.visualizations/Runtime/Materials) by extension 'colcon_meta'
[0.271s] Level 1:colcon.colcon_core.package_identification:_identify(src/ROS-TCP-Connector/com.unity.robotics.visualizations/Runtime/Materials) by extensions ['ros']
[0.271s] Level 1:colcon.colcon_core.package_identification:_identify(src/ROS-TCP-Connector/com.unity.robotics.visualizations/Runtime/Materials) by extension 'ros'
[0.271s] Level 1:colcon.colcon_core.package_identification:_identify(src/ROS-TCP-Connector/com.unity.robotics.visualizations/Runtime/Materials) by extensions ['cmake', 'python']
[0.271s] Level 1:colcon.colcon_core.package_identification:_identify(src/ROS-TCP-Connector/com.unity.robotics.visualizations/Runtime/Materials) by extension 'cmake'
[0.271s] Level 1:colcon.colcon_core.package_identification:_identify(src/ROS-TCP-Connector/com.unity.robotics.visualizations/Runtime/Materials) by extension 'python'
[0.271s] Level 1:colcon.colcon_core.package_identification:_identify(src/ROS-TCP-Connector/com.unity.robotics.visualizations/Runtime/Materials) by extensions ['python_setup_py']
[0.271s] Level 1:colcon.colcon_core.package_identification:_identify(src/ROS-TCP-Connector/com.unity.robotics.visualizations/Runtime/Materials) by extension 'python_setup_py'
[0.272s] Level 1:colcon.colcon_core.package_identification:_identify(src/ROS-TCP-Connector/com.unity.robotics.visualizations/Runtime/Scripts) by extensions ['ignore', 'ignore_ament_install']
[0.272s] Level 1:colcon.colcon_core.package_identification:_identify(src/ROS-TCP-Connector/com.unity.robotics.visualizations/Runtime/Scripts) by extension 'ignore'
[0.272s] Level 1:colcon.colcon_core.package_identification:_identify(src/ROS-TCP-Connector/com.unity.robotics.visualizations/Runtime/Scripts) by extension 'ignore_ament_install'
[0.272s] Level 1:colcon.colcon_core.package_identification:_identify(src/ROS-TCP-Connector/com.unity.robotics.visualizations/Runtime/Scripts) by extensions ['colcon_pkg']
[0.272s] Level 1:colcon.colcon_core.package_identification:_identify(src/ROS-TCP-Connector/com.unity.robotics.visualizations/Runtime/Scripts) by extension 'colcon_pkg'
[0.272s] Level 1:colcon.colcon_core.package_identification:_identify(src/ROS-TCP-Connector/com.unity.robotics.visualizations/Runtime/Scripts) by extensions ['colcon_meta']
[0.272s] Level 1:colcon.colcon_core.package_identification:_identify(src/ROS-TCP-Connector/com.unity.robotics.visualizations/Runtime/Scripts) by extension 'colcon_meta'
[0.272s] Level 1:colcon.colcon_core.package_identification:_identify(src/ROS-TCP-Connector/com.unity.robotics.visualizations/Runtime/Scripts) by extensions ['ros']
[0.272s] Level 1:colcon.colcon_core.package_identification:_identify(src/ROS-TCP-Connector/com.unity.robotics.visualizations/Runtime/Scripts) by extension 'ros'
[0.272s] Level 1:colcon.colcon_core.package_identification:_identify(src/ROS-TCP-Connector/com.unity.robotics.visualizations/Runtime/Scripts) by extensions ['cmake', 'python']
[0.272s] Level 1:colcon.colcon_core.package_identification:_identify(src/ROS-TCP-Connector/com.unity.robotics.visualizations/Runtime/Scripts) by extension 'cmake'
[0.272s] Level 1:colcon.colcon_core.package_identification:_identify(src/ROS-TCP-Connector/com.unity.robotics.visualizations/Runtime/Scripts) by extension 'python'
[0.272s] Level 1:colcon.colcon_core.package_identification:_identify(src/ROS-TCP-Connector/com.unity.robotics.visualizations/Runtime/Scripts) by extensions ['python_setup_py']
[0.272s] Level 1:colcon.colcon_core.package_identification:_identify(src/ROS-TCP-Connector/com.unity.robotics.visualizations/Runtime/Scripts) by extension 'python_setup_py'
[0.272s] Level 1:colcon.colcon_core.package_identification:_identify(src/ROS-TCP-Connector/com.unity.robotics.visualizations/Runtime/Shaders) by extensions ['ignore', 'ignore_ament_install']
[0.272s] Level 1:colcon.colcon_core.package_identification:_identify(src/ROS-TCP-Connector/com.unity.robotics.visualizations/Runtime/Shaders) by extension 'ignore'
[0.272s] Level 1:colcon.colcon_core.package_identification:_identify(src/ROS-TCP-Connector/com.unity.robotics.visualizations/Runtime/Shaders) by extension 'ignore_ament_install'
[0.272s] Level 1:colcon.colcon_core.package_identification:_identify(src/ROS-TCP-Connector/com.unity.robotics.visualizations/Runtime/Shaders) by extensions ['colcon_pkg']
[0.272s] Level 1:colcon.colcon_core.package_identification:_identify(src/ROS-TCP-Connector/com.unity.robotics.visualizations/Runtime/Shaders) by extension 'colcon_pkg'
[0.272s] Level 1:colcon.colcon_core.package_identification:_identify(src/ROS-TCP-Connector/com.unity.robotics.visualizations/Runtime/Shaders) by extensions ['colcon_meta']
[0.272s] Level 1:colcon.colcon_core.package_identification:_identify(src/ROS-TCP-Connector/com.unity.robotics.visualizations/Runtime/Shaders) by extension 'colcon_meta'
[0.272s] Level 1:colcon.colcon_core.package_identification:_identify(src/ROS-TCP-Connector/com.unity.robotics.visualizations/Runtime/Shaders) by extensions ['ros']
[0.272s] Level 1:colcon.colcon_core.package_identification:_identify(src/ROS-TCP-Connector/com.unity.robotics.visualizations/Runtime/Shaders) by extension 'ros'
[0.272s] Level 1:colcon.colcon_core.package_identification:_identify(src/ROS-TCP-Connector/com.unity.robotics.visualizations/Runtime/Shaders) by extensions ['cmake', 'python']
[0.272s] Level 1:colcon.colcon_core.package_identification:_identify(src/ROS-TCP-Connector/com.unity.robotics.visualizations/Runtime/Shaders) by extension 'cmake'
[0.272s] Level 1:colcon.colcon_core.package_identification:_identify(src/ROS-TCP-Connector/com.unity.robotics.visualizations/Runtime/Shaders) by extension 'python'
[0.272s] Level 1:colcon.colcon_core.package_identification:_identify(src/ROS-TCP-Connector/com.unity.robotics.visualizations/Runtime/Shaders) by extensions ['python_setup_py']
[0.272s] Level 1:colcon.colcon_core.package_identification:_identify(src/ROS-TCP-Connector/com.unity.robotics.visualizations/Runtime/Shaders) by extension 'python_setup_py'
[0.272s] Level 1:colcon.colcon_core.package_identification:_identify(src/ROS-TCP-Connector/com.unity.robotics.visualizations/images~) by extensions ['ignore', 'ignore_ament_install']
[0.272s] Level 1:colcon.colcon_core.package_identification:_identify(src/ROS-TCP-Connector/com.unity.robotics.visualizations/images~) by extension 'ignore'
[0.272s] Level 1:colcon.colcon_core.package_identification:_identify(src/ROS-TCP-Connector/com.unity.robotics.visualizations/images~) by extension 'ignore_ament_install'
[0.272s] Level 1:colcon.colcon_core.package_identification:_identify(src/ROS-TCP-Connector/com.unity.robotics.visualizations/images~) by extensions ['colcon_pkg']
[0.272s] Level 1:colcon.colcon_core.package_identification:_identify(src/ROS-TCP-Connector/com.unity.robotics.visualizations/images~) by extension 'colcon_pkg'
[0.272s] Level 1:colcon.colcon_core.package_identification:_identify(src/ROS-TCP-Connector/com.unity.robotics.visualizations/images~) by extensions ['colcon_meta']
[0.272s] Level 1:colcon.colcon_core.package_identification:_identify(src/ROS-TCP-Connector/com.unity.robotics.visualizations/images~) by extension 'colcon_meta'
[0.273s] Level 1:colcon.colcon_core.package_identification:_identify(src/ROS-TCP-Connector/com.unity.robotics.visualizations/images~) by extensions ['ros']
[0.273s] Level 1:colcon.colcon_core.package_identification:_identify(src/ROS-TCP-Connector/com.unity.robotics.visualizations/images~) by extension 'ros'
[0.273s] Level 1:colcon.colcon_core.package_identification:_identify(src/ROS-TCP-Connector/com.unity.robotics.visualizations/images~) by extensions ['cmake', 'python']
[0.273s] Level 1:colcon.colcon_core.package_identification:_identify(src/ROS-TCP-Connector/com.unity.robotics.visualizations/images~) by extension 'cmake'
[0.273s] Level 1:colcon.colcon_core.package_identification:_identify(src/ROS-TCP-Connector/com.unity.robotics.visualizations/images~) by extension 'python'
[0.273s] Level 1:colcon.colcon_core.package_identification:_identify(src/ROS-TCP-Connector/com.unity.robotics.visualizations/images~) by extensions ['python_setup_py']
[0.273s] Level 1:colcon.colcon_core.package_identification:_identify(src/ROS-TCP-Connector/com.unity.robotics.visualizations/images~) by extension 'python_setup_py'
[0.273s] Level 1:colcon.colcon_core.package_identification:_identify(src/ROS-TCP-Connector/images~) by extensions ['ignore', 'ignore_ament_install']
[0.273s] Level 1:colcon.colcon_core.package_identification:_identify(src/ROS-TCP-Connector/images~) by extension 'ignore'
[0.273s] Level 1:colcon.colcon_core.package_identification:_identify(src/ROS-TCP-Connector/images~) by extension 'ignore_ament_install'
[0.273s] Level 1:colcon.colcon_core.package_identification:_identify(src/ROS-TCP-Connector/images~) by extensions ['colcon_pkg']
[0.273s] Level 1:colcon.colcon_core.package_identification:_identify(src/ROS-TCP-Connector/images~) by extension 'colcon_pkg'
[0.273s] Level 1:colcon.colcon_core.package_identification:_identify(src/ROS-TCP-Connector/images~) by extensions ['colcon_meta']
[0.273s] Level 1:colcon.colcon_core.package_identification:_identify(src/ROS-TCP-Connector/images~) by extension 'colcon_meta'
[0.273s] Level 1:colcon.colcon_core.package_identification:_identify(src/ROS-TCP-Connector/images~) by extensions ['ros']
[0.273s] Level 1:colcon.colcon_core.package_identification:_identify(src/ROS-TCP-Connector/images~) by extension 'ros'
[0.273s] Level 1:colcon.colcon_core.package_identification:_identify(src/ROS-TCP-Connector/images~) by extensions ['cmake', 'python']
[0.273s] Level 1:colcon.colcon_core.package_identification:_identify(src/ROS-TCP-Connector/images~) by extension 'cmake'
[0.273s] Level 1:colcon.colcon_core.package_identification:_identify(src/ROS-TCP-Connector/images~) by extension 'python'
[0.273s] Level 1:colcon.colcon_core.package_identification:_identify(src/ROS-TCP-Connector/images~) by extensions ['python_setup_py']
[0.273s] Level 1:colcon.colcon_core.package_identification:_identify(src/ROS-TCP-Connector/images~) by extension 'python_setup_py'
[0.273s] Level 1:colcon.colcon_core.package_identification:_identify(src/inmoov_description) by extensions ['ignore', 'ignore_ament_install']
[0.273s] Level 1:colcon.colcon_core.package_identification:_identify(src/inmoov_description) by extension 'ignore'
[0.273s] Level 1:colcon.colcon_core.package_identification:_identify(src/inmoov_description) by extension 'ignore_ament_install'
[0.273s] Level 1:colcon.colcon_core.package_identification:_identify(src/inmoov_description) by extensions ['colcon_pkg']
[0.273s] Level 1:colcon.colcon_core.package_identification:_identify(src/inmoov_description) by extension 'colcon_pkg'
[0.273s] Level 1:colcon.colcon_core.package_identification:_identify(src/inmoov_description) by extensions ['colcon_meta']
[0.273s] Level 1:colcon.colcon_core.package_identification:_identify(src/inmoov_description) by extension 'colcon_meta'
[0.273s] Level 1:colcon.colcon_core.package_identification:_identify(src/inmoov_description) by extensions ['ros']
[0.273s] Level 1:colcon.colcon_core.package_identification:_identify(src/inmoov_description) by extension 'ros'
[0.276s] DEBUG:colcon.colcon_core.package_identification:Package 'src/inmoov_description' with type 'ros.catkin' and name 'inmoov_description'
[0.276s] Level 1:colcon.colcon_core.package_identification:_identify(src/ros_tcp_endpoint) by extensions ['ignore', 'ignore_ament_install']
[0.276s] Level 1:colcon.colcon_core.package_identification:_identify(src/ros_tcp_endpoint) by extension 'ignore'
[0.276s] Level 1:colcon.colcon_core.package_identification:_identify(src/ros_tcp_endpoint) by extension 'ignore_ament_install'
[0.276s] Level 1:colcon.colcon_core.package_identification:_identify(src/ros_tcp_endpoint) by extensions ['colcon_pkg']
[0.276s] Level 1:colcon.colcon_core.package_identification:_identify(src/ros_tcp_endpoint) by extension 'colcon_pkg'
[0.276s] Level 1:colcon.colcon_core.package_identification:_identify(src/ros_tcp_endpoint) by extensions ['colcon_meta']
[0.276s] Level 1:colcon.colcon_core.package_identification:_identify(src/ros_tcp_endpoint) by extension 'colcon_meta'
[0.276s] Level 1:colcon.colcon_core.package_identification:_identify(src/ros_tcp_endpoint) by extensions ['ros']
[0.276s] Level 1:colcon.colcon_core.package_identification:_identify(src/ros_tcp_endpoint) by extension 'ros'
[0.276s] DEBUG:colcon.colcon_core.package_identification:Package 'src/ros_tcp_endpoint' with type 'ros.ament_python' and name 'ros_tcp_endpoint'
[0.276s] Level 1:colcon.colcon_core.package_discovery:discover_packages(recursive) using defaults
[0.276s] Level 1:colcon.colcon_core.package_discovery:discover_packages(ignore) discover
[0.276s] Level 1:colcon.colcon_core.package_discovery:discover_packages(ignore) using defaults
[0.277s] Level 1:colcon.colcon_core.package_discovery:discover_packages(path) discover
[0.277s] Level 1:colcon.colcon_core.package_discovery:discover_packages(path) using defaults
[0.303s] INFO:colcon.colcon_core.package_selection:Skipping not selected package 'inmoov_description' in 'src/inmoov_description'
[0.304s] Level 1:colcon.colcon_core.package_discovery:discover_packages(prefix_path) check parameters
[0.304s] Level 1:colcon.colcon_core.package_discovery:discover_packages(prefix_path) discover
[0.305s] DEBUG:colcon.colcon_installed_package_information.package_discovery:Found 3 installed packages in /home/guyi/ros2_ws/install
[0.306s] DEBUG:colcon.colcon_installed_package_information.package_discovery:Found 6 installed packages in /home/guyi/inmoov_ros2/install
[0.308s] DEBUG:colcon.colcon_installed_package_information.package_discovery:Found 360 installed packages in /opt/ros/humble
[0.309s] Level 1:colcon.colcon_core.package_discovery:discover_packages(prefix_path) using defaults
[0.345s] Level 5:colcon.colcon_core.verb:set package 'ros_tcp_endpoint' build argument 'cmake_args' from command line to 'None'
[0.345s] Level 5:colcon.colcon_core.verb:set package 'ros_tcp_endpoint' build argument 'cmake_target' from command line to 'None'
[0.345s] Level 5:colcon.colcon_core.verb:set package 'ros_tcp_endpoint' build argument 'cmake_target_skip_unavailable' from command line to 'False'
[0.345s] Level 5:colcon.colcon_core.verb:set package 'ros_tcp_endpoint' build argument 'cmake_clean_cache' from command line to 'False'
[0.345s] Level 5:colcon.colcon_core.verb:set package 'ros_tcp_endpoint' build argument 'cmake_clean_first' from command line to 'False'
[0.345s] Level 5:colcon.colcon_core.verb:set package 'ros_tcp_endpoint' build argument 'cmake_force_configure' from command line to 'False'
[0.345s] Level 5:colcon.colcon_core.verb:set package 'ros_tcp_endpoint' build argument 'ament_cmake_args' from command line to 'None'
[0.345s] Level 5:colcon.colcon_core.verb:set package 'ros_tcp_endpoint' build argument 'catkin_cmake_args' from command line to 'None'
[0.345s] Level 5:colcon.colcon_core.verb:set package 'ros_tcp_endpoint' build argument 'catkin_skip_building_tests' from command line to 'False'
[0.345s] DEBUG:colcon.colcon_core.verb:Building package 'ros_tcp_endpoint' with the following arguments: {'ament_cmake_args': None, 'build_base': '/home/guyi/ros2_ws/build/ros_tcp_endpoint', 'catkin_cmake_args': None, 'catkin_skip_building_tests': False, 'cmake_args': None, 'cmake_clean_cache': False, 'cmake_clean_first': False, 'cmake_force_configure': False, 'cmake_target': None, 'cmake_target_skip_unavailable': False, 'install_base': '/home/guyi/ros2_ws/install/ros_tcp_endpoint', 'merge_install': False, 'path': '/home/guyi/ros2_ws/src/ros_tcp_endpoint', 'symlink_install': False, 'test_result_base': None}
[0.345s] INFO:colcon.colcon_core.executor:Executing jobs using 'parallel' executor
[0.346s] DEBUG:colcon.colcon_parallel_executor.executor.parallel:run_until_complete
[0.346s] INFO:colcon.colcon_ros.task.ament_python.build:Building ROS package in '/home/guyi/ros2_ws/src/ros_tcp_endpoint' with build type 'ament_python'
[0.346s] Level 1:colcon.colcon_core.shell:create_environment_hook('ros_tcp_endpoint', 'ament_prefix_path')
[0.348s] INFO:colcon.colcon_core.plugin_system:Skipping extension 'colcon_core.shell.bat': Not used on non-Windows systems
[0.348s] INFO:colcon.colcon_core.shell:Creating environment hook '/home/guyi/ros2_ws/install/ros_tcp_endpoint/share/ros_tcp_endpoint/hook/ament_prefix_path.ps1'
[0.349s] INFO:colcon.colcon_core.shell:Creating environment descriptor '/home/guyi/ros2_ws/install/ros_tcp_endpoint/share/ros_tcp_endpoint/hook/ament_prefix_path.dsv'
[0.349s] INFO:colcon.colcon_core.shell:Creating environment hook '/home/guyi/ros2_ws/install/ros_tcp_endpoint/share/ros_tcp_endpoint/hook/ament_prefix_path.sh'
[0.350s] INFO:colcon.colcon_core.shell:Skip shell extension 'powershell' for command environment: Not usable outside of PowerShell
[0.350s] DEBUG:colcon.colcon_core.shell:Skip shell extension 'dsv' for command environment
[0.515s] INFO:colcon.colcon_core.task.python.build:Building Python package in '/home/guyi/ros2_ws/src/ros_tcp_endpoint'
[0.516s] INFO:colcon.colcon_core.shell:Skip shell extension 'powershell' for command environment: Not usable outside of PowerShell
[0.516s] DEBUG:colcon.colcon_core.shell:Skip shell extension 'dsv' for command environment
[0.708s] DEBUG:colcon.colcon_core.event_handler.log_command:Invoking command in '/home/guyi/ros2_ws/src/ros_tcp_endpoint': CONDA_PROMPT_MODIFIER=(base) PYTHONPATH=/home/guyi/ros2_ws/build/ros_tcp_endpoint/prefix_override:/usr/lib/python3/dist-packages/colcon_core/task/python/colcon_distutils_commands:/home/guyi/ros2_ws/install/ros_tcp_endpoint/lib/python3.10/site-packages:${PYTHONPATH} /usr/bin/python3 -W ignore:setup.py install is deprecated -W ignore:easy_install command is deprecated setup.py egg_info --egg-base ../../build/ros_tcp_endpoint build --build-base /home/guyi/ros2_ws/build/ros_tcp_endpoint/build install --record /home/guyi/ros2_ws/build/ros_tcp_endpoint/install.log --install-scripts $base/lib/ros_tcp_endpoint --single-version-externally-managed install_data
[0.867s] DEBUG:colcon.colcon_core.event_handler.log_command:Invoked command in '/home/guyi/ros2_ws/src/ros_tcp_endpoint' returned '0': CONDA_PROMPT_MODIFIER=(base) PYTHONPATH=/home/guyi/ros2_ws/build/ros_tcp_endpoint/prefix_override:/usr/lib/python3/dist-packages/colcon_core/task/python/colcon_distutils_commands:/home/guyi/ros2_ws/install/ros_tcp_endpoint/lib/python3.10/site-packages:${PYTHONPATH} /usr/bin/python3 -W ignore:setup.py install is deprecated -W ignore:easy_install command is deprecated setup.py egg_info --egg-base ../../build/ros_tcp_endpoint build --build-base /home/guyi/ros2_ws/build/ros_tcp_endpoint/build install --record /home/guyi/ros2_ws/build/ros_tcp_endpoint/install.log --install-scripts $base/lib/ros_tcp_endpoint --single-version-externally-managed install_data
[0.868s] Level 1:colcon.colcon_core.environment:checking '/home/guyi/ros2_ws/install/ros_tcp_endpoint' for CMake module files
[0.868s] Level 1:colcon.colcon_core.environment:checking '/home/guyi/ros2_ws/install/ros_tcp_endpoint' for CMake config files
[0.868s] Level 1:colcon.colcon_core.environment:checking '/home/guyi/ros2_ws/install/ros_tcp_endpoint/lib'
[0.868s] Level 1:colcon.colcon_core.environment:checking '/home/guyi/ros2_ws/install/ros_tcp_endpoint/bin'
[0.868s] Level 1:colcon.colcon_core.environment:checking '/home/guyi/ros2_ws/install/ros_tcp_endpoint/lib/pkgconfig/ros_tcp_endpoint.pc'
[0.869s] Level 1:colcon.colcon_core.environment:checking '/home/guyi/ros2_ws/install/ros_tcp_endpoint/lib/python3.10/site-packages'
[0.869s] Level 1:colcon.colcon_core.shell:create_environment_hook('ros_tcp_endpoint', 'pythonpath')
[0.869s] INFO:colcon.colcon_core.shell:Creating environment hook '/home/guyi/ros2_ws/install/ros_tcp_endpoint/share/ros_tcp_endpoint/hook/pythonpath.ps1'
[0.869s] INFO:colcon.colcon_core.shell:Creating environment descriptor '/home/guyi/ros2_ws/install/ros_tcp_endpoint/share/ros_tcp_endpoint/hook/pythonpath.dsv'
[0.869s] INFO:colcon.colcon_core.shell:Creating environment hook '/home/guyi/ros2_ws/install/ros_tcp_endpoint/share/ros_tcp_endpoint/hook/pythonpath.sh'
[0.869s] Level 1:colcon.colcon_core.environment:checking '/home/guyi/ros2_ws/install/ros_tcp_endpoint/bin'
[0.869s] Level 1:colcon.colcon_core.environment:create_environment_scripts_only(ros_tcp_endpoint)
[0.870s] INFO:colcon.colcon_core.shell:Creating package script '/home/guyi/ros2_ws/install/ros_tcp_endpoint/share/ros_tcp_endpoint/package.ps1'
[0.870s] INFO:colcon.colcon_core.shell:Creating package descriptor '/home/guyi/ros2_ws/install/ros_tcp_endpoint/share/ros_tcp_endpoint/package.dsv'
[0.870s] INFO:colcon.colcon_core.shell:Creating package script '/home/guyi/ros2_ws/install/ros_tcp_endpoint/share/ros_tcp_endpoint/package.sh'
[0.871s] INFO:colcon.colcon_core.shell:Creating package script '/home/guyi/ros2_ws/install/ros_tcp_endpoint/share/ros_tcp_endpoint/package.bash'
[0.871s] INFO:colcon.colcon_core.shell:Creating package script '/home/guyi/ros2_ws/install/ros_tcp_endpoint/share/ros_tcp_endpoint/package.zsh'
[0.871s] Level 1:colcon.colcon_core.environment:create_file_with_runtime_dependencies(/home/guyi/ros2_ws/install/ros_tcp_endpoint/share/colcon-core/packages/ros_tcp_endpoint)
[0.872s] DEBUG:colcon.colcon_parallel_executor.executor.parallel:closing loop
[0.872s] DEBUG:colcon.colcon_parallel_executor.executor.parallel:loop closed
[0.872s] DEBUG:colcon.colcon_parallel_executor.executor.parallel:run_until_complete finished with '0'
[0.872s] DEBUG:colcon.colcon_core.event_reactor:joining thread
[0.875s] INFO:colcon.colcon_core.plugin_system:Skipping extension 'colcon_notification.desktop_notification.terminal_notifier': Not used on non-Darwin systems
[0.875s] INFO:colcon.colcon_core.plugin_system:Skipping extension 'colcon_notification.desktop_notification.win32': Not used on non-Windows systems
[0.875s] INFO:colcon.colcon_notification.desktop_notification:Sending desktop notification using 'notify2'
[0.882s] DEBUG:colcon.colcon_core.event_reactor:joined thread
[0.882s] INFO:colcon.colcon_core.shell:Creating prefix script '/home/guyi/ros2_ws/install/local_setup.ps1'
[0.883s] INFO:colcon.colcon_core.shell:Creating prefix util module '/home/guyi/ros2_ws/install/_local_setup_util_ps1.py'
[0.883s] INFO:colcon.colcon_core.shell:Creating prefix chain script '/home/guyi/ros2_ws/install/setup.ps1'
[0.884s] INFO:colcon.colcon_core.shell:Creating prefix script '/home/guyi/ros2_ws/install/local_setup.sh'
[0.884s] INFO:colcon.colcon_core.shell:Creating prefix util module '/home/guyi/ros2_ws/install/_local_setup_util_sh.py'
[0.884s] INFO:colcon.colcon_core.shell:Creating prefix chain script '/home/guyi/ros2_ws/install/setup.sh'
[0.885s] INFO:colcon.colcon_core.shell:Creating prefix script '/home/guyi/ros2_ws/install/local_setup.bash'
[0.885s] INFO:colcon.colcon_core.shell:Creating prefix chain script '/home/guyi/ros2_ws/install/setup.bash'
[0.886s] INFO:colcon.colcon_core.shell:Creating prefix script '/home/guyi/ros2_ws/install/local_setup.zsh'
[0.887s] INFO:colcon.colcon_core.shell:Creating prefix chain script '/home/guyi/ros2_ws/install/setup.zsh'
