[0.084s] DEBUG:colcon:Command line arguments: ['/usr/bin/colcon', 'build', '--packages-select', 'ros_tcp_endpoint']
[0.084s] DEBUG:colcon:Parsed command line arguments: Namespace(log_base=None, log_level=None, verb_name='build', build_base='build', install_base='install', merge_install=False, symlink_install=False, test_result_base=None, continue_on_error=False, executor='parallel', parallel_workers=16, event_handlers=None, ignore_user_meta=False, metas=['./colcon.meta'], base_paths=['.'], packages_ignore=None, packages_ignore_regex=None, paths=None, packages_up_to=None, packages_up_to_regex=None, packages_above=None, packages_above_and_dependencies=None, packages_above_depth=None, packages_select_by_dep=None, packages_skip_by_dep=None, packages_skip_up_to=None, packages_select_build_failed=False, packages_skip_build_finished=False, packages_select_test_failures=False, packages_skip_test_passed=False, packages_select=['ros_tcp_endpoint'], packages_skip=None, packages_select_regex=None, packages_skip_regex=None, packages_start=None, packages_end=None, allow_overriding=[], cmake_args=None, cmake_target=None, cmake_target_skip_unavailable=False, cmake_clean_cache=False, cmake_clean_first=False, cmake_force_configure=False, ament_cmake_args=None, catkin_cmake_args=None, catkin_skip_building_tests=False, verb_parser=<colcon_defaults.argument_parser.defaults.DefaultArgumentsDecorator object at 0x79d4896651e0>, verb_extension=<colcon_core.verb.build.BuildVerb object at 0x79d489664cd0>, main=<bound method BuildVerb.main of <colcon_core.verb.build.BuildVerb object at 0x79d489664cd0>>)
[0.209s] Level 1:colcon.colcon_core.package_discovery:discover_packages(colcon_meta) check parameters
[0.209s] Level 1:colcon.colcon_core.package_discovery:discover_packages(recursive) check parameters
[0.209s] Level 1:colcon.colcon_core.package_discovery:discover_packages(ignore) check parameters
[0.209s] Level 1:colcon.colcon_core.package_discovery:discover_packages(path) check parameters
[0.209s] Level 1:colcon.colcon_core.package_discovery:discover_packages(colcon_meta) discover
[0.209s] Level 1:colcon.colcon_core.package_discovery:discover_packages(recursive) discover
[0.209s] INFO:colcon.colcon_core.package_discovery:Crawling recursively for packages in '/home/guyi/ros2_ws'
[0.209s] Level 1:colcon.colcon_core.package_identification:_identify(.) by extensions ['ignore', 'ignore_ament_install']
[0.210s] Level 1:colcon.colcon_core.package_identification:_identify(.) by extension 'ignore'
[0.210s] Level 1:colcon.colcon_core.package_identification:_identify(.) by extension 'ignore_ament_install'
[0.210s] Level 1:colcon.colcon_core.package_identification:_identify(.) by extensions ['colcon_pkg']
[0.210s] Level 1:colcon.colcon_core.package_identification:_identify(.) by extension 'colcon_pkg'
[0.210s] Level 1:colcon.colcon_core.package_identification:_identify(.) by extensions ['colcon_meta']
[0.210s] Level 1:colcon.colcon_core.package_identification:_identify(.) by extension 'colcon_meta'
[0.210s] Level 1:colcon.colcon_core.package_identification:_identify(.) by extensions ['ros']
[0.210s] Level 1:colcon.colcon_core.package_identification:_identify(.) by extension 'ros'
[0.218s] Level 1:colcon.colcon_core.package_identification:_identify(.) by extensions ['cmake', 'python']
[0.218s] Level 1:colcon.colcon_core.package_identification:_identify(.) by extension 'cmake'
[0.218s] Level 1:colcon.colcon_core.package_identification:_identify(.) by extension 'python'
[0.218s] Level 1:colcon.colcon_core.package_identification:_identify(.) by extensions ['python_setup_py']
[0.218s] Level 1:colcon.colcon_core.package_identification:_identify(.) by extension 'python_setup_py'
[0.218s] Level 1:colcon.colcon_core.package_identification:_identify(build) by extensions ['ignore', 'ignore_ament_install']
[0.218s] Level 1:colcon.colcon_core.package_identification:_identify(build) by extension 'ignore'
[0.218s] Level 1:colcon.colcon_core.package_identification:_identify(build) ignored
[0.218s] Level 1:colcon.colcon_core.package_identification:_identify(install) by extensions ['ignore', 'ignore_ament_install']
[0.218s] Level 1:colcon.colcon_core.package_identification:_identify(install) by extension 'ignore'
[0.218s] Level 1:colcon.colcon_core.package_identification:_identify(install) ignored
[0.218s] Level 1:colcon.colcon_core.package_identification:_identify(log) by extensions ['ignore', 'ignore_ament_install']
[0.218s] Level 1:colcon.colcon_core.package_identification:_identify(log) by extension 'ignore'
[0.218s] Level 1:colcon.colcon_core.package_identification:_identify(log) ignored
[0.218s] Level 1:colcon.colcon_core.package_identification:_identify(src) by extensions ['ignore', 'ignore_ament_install']
[0.218s] Level 1:colcon.colcon_core.package_identification:_identify(src) by extension 'ignore'
[0.218s] Level 1:colcon.colcon_core.package_identification:_identify(src) by extension 'ignore_ament_install'
[0.218s] Level 1:colcon.colcon_core.package_identification:_identify(src) by extensions ['colcon_pkg']
[0.218s] Level 1:colcon.colcon_core.package_identification:_identify(src) by extension 'colcon_pkg'
[0.218s] Level 1:colcon.colcon_core.package_identification:_identify(src) by extensions ['colcon_meta']
[0.218s] Level 1:colcon.colcon_core.package_identification:_identify(src) by extension 'colcon_meta'
[0.218s] Level 1:colcon.colcon_core.package_identification:_identify(src) by extensions ['ros']
[0.218s] Level 1:colcon.colcon_core.package_identification:_identify(src) by extension 'ros'
[0.218s] Level 1:colcon.colcon_core.package_identification:_identify(src) by extensions ['cmake', 'python']
[0.218s] Level 1:colcon.colcon_core.package_identification:_identify(src) by extension 'cmake'
[0.218s] Level 1:colcon.colcon_core.package_identification:_identify(src) by extension 'python'
[0.218s] Level 1:colcon.colcon_core.package_identification:_identify(src) by extensions ['python_setup_py']
[0.218s] Level 1:colcon.colcon_core.package_identification:_identify(src) by extension 'python_setup_py'
[0.218s] Level 1:colcon.colcon_core.package_identification:_identify(src/ROS-TCP-Connector) by extensions ['ignore', 'ignore_ament_install']
[0.219s] Level 1:colcon.colcon_core.package_identification:_identify(src/ROS-TCP-Connector) by extension 'ignore'
[0.219s] Level 1:colcon.colcon_core.package_identification:_identify(src/ROS-TCP-Connector) by extension 'ignore_ament_install'
[0.219s] Level 1:colcon.colcon_core.package_identification:_identify(src/ROS-TCP-Connector) by extensions ['colcon_pkg']
[0.219s] Level 1:colcon.colcon_core.package_identification:_identify(src/ROS-TCP-Connector) by extension 'colcon_pkg'
[0.219s] Level 1:colcon.colcon_core.package_identification:_identify(src/ROS-TCP-Connector) by extensions ['colcon_meta']
[0.219s] Level 1:colcon.colcon_core.package_identification:_identify(src/ROS-TCP-Connector) by extension 'colcon_meta'
[0.219s] Level 1:colcon.colcon_core.package_identification:_identify(src/ROS-TCP-Connector) by extensions ['ros']
[0.219s] Level 1:colcon.colcon_core.package_identification:_identify(src/ROS-TCP-Connector) by extension 'ros'
[0.219s] Level 1:colcon.colcon_core.package_identification:_identify(src/ROS-TCP-Connector) by extensions ['cmake', 'python']
[0.219s] Level 1:colcon.colcon_core.package_identification:_identify(src/ROS-TCP-Connector) by extension 'cmake'
[0.219s] Level 1:colcon.colcon_core.package_identification:_identify(src/ROS-TCP-Connector) by extension 'python'
[0.219s] Level 1:colcon.colcon_core.package_identification:_identify(src/ROS-TCP-Connector) by extensions ['python_setup_py']
[0.219s] Level 1:colcon.colcon_core.package_identification:_identify(src/ROS-TCP-Connector) by extension 'python_setup_py'
[0.219s] Level 1:colcon.colcon_core.package_identification:_identify(src/ROS-TCP-Connector/TestRosTcpConnector) by extensions ['ignore', 'ignore_ament_install']
[0.219s] Level 1:colcon.colcon_core.package_identification:_identify(src/ROS-TCP-Connector/TestRosTcpConnector) by extension 'ignore'
[0.219s] Level 1:colcon.colcon_core.package_identification:_identify(src/ROS-TCP-Connector/TestRosTcpConnector) by extension 'ignore_ament_install'
[0.219s] Level 1:colcon.colcon_core.package_identification:_identify(src/ROS-TCP-Connector/TestRosTcpConnector) by extensions ['colcon_pkg']
[0.219s] Level 1:colcon.colcon_core.package_identification:_identify(src/ROS-TCP-Connector/TestRosTcpConnector) by extension 'colcon_pkg'
[0.219s] Level 1:colcon.colcon_core.package_identification:_identify(src/ROS-TCP-Connector/TestRosTcpConnector) by extensions ['colcon_meta']
[0.219s] Level 1:colcon.colcon_core.package_identification:_identify(src/ROS-TCP-Connector/TestRosTcpConnector) by extension 'colcon_meta'
[0.219s] Level 1:colcon.colcon_core.package_identification:_identify(src/ROS-TCP-Connector/TestRosTcpConnector) by extensions ['ros']
[0.219s] Level 1:colcon.colcon_core.package_identification:_identify(src/ROS-TCP-Connector/TestRosTcpConnector) by extension 'ros'
[0.219s] Level 1:colcon.colcon_core.package_identification:_identify(src/ROS-TCP-Connector/TestRosTcpConnector) by extensions ['cmake', 'python']
[0.219s] Level 1:colcon.colcon_core.package_identification:_identify(src/ROS-TCP-Connector/TestRosTcpConnector) by extension 'cmake'
[0.219s] Level 1:colcon.colcon_core.package_identification:_identify(src/ROS-TCP-Connector/TestRosTcpConnector) by extension 'python'
[0.219s] Level 1:colcon.colcon_core.package_identification:_identify(src/ROS-TCP-Connector/TestRosTcpConnector) by extensions ['python_setup_py']
[0.219s] Level 1:colcon.colcon_core.package_identification:_identify(src/ROS-TCP-Connector/TestRosTcpConnector) by extension 'python_setup_py'
[0.219s] Level 1:colcon.colcon_core.package_identification:_identify(src/ROS-TCP-Connector/TestRosTcpConnector/Assets) by extensions ['ignore', 'ignore_ament_install']
[0.219s] Level 1:colcon.colcon_core.package_identification:_identify(src/ROS-TCP-Connector/TestRosTcpConnector/Assets) by extension 'ignore'
[0.219s] Level 1:colcon.colcon_core.package_identification:_identify(src/ROS-TCP-Connector/TestRosTcpConnector/Assets) by extension 'ignore_ament_install'
[0.219s] Level 1:colcon.colcon_core.package_identification:_identify(src/ROS-TCP-Connector/TestRosTcpConnector/Assets) by extensions ['colcon_pkg']
[0.219s] Level 1:colcon.colcon_core.package_identification:_identify(src/ROS-TCP-Connector/TestRosTcpConnector/Assets) by extension 'colcon_pkg'
[0.219s] Level 1:colcon.colcon_core.package_identification:_identify(src/ROS-TCP-Connector/TestRosTcpConnector/Assets) by extensions ['colcon_meta']
[0.219s] Level 1:colcon.colcon_core.package_identification:_identify(src/ROS-TCP-Connector/TestRosTcpConnector/Assets) by extension 'colcon_meta'
[0.219s] Level 1:colcon.colcon_core.package_identification:_identify(src/ROS-TCP-Connector/TestRosTcpConnector/Assets) by extensions ['ros']
[0.219s] Level 1:colcon.colcon_core.package_identification:_identify(src/ROS-TCP-Connector/TestRosTcpConnector/Assets) by extension 'ros'
[0.219s] Level 1:colcon.colcon_core.package_identification:_identify(src/ROS-TCP-Connector/TestRosTcpConnector/Assets) by extensions ['cmake', 'python']
[0.219s] Level 1:colcon.colcon_core.package_identification:_identify(src/ROS-TCP-Connector/TestRosTcpConnector/Assets) by extension 'cmake'
[0.219s] Level 1:colcon.colcon_core.package_identification:_identify(src/ROS-TCP-Connector/TestRosTcpConnector/Assets) by extension 'python'
[0.219s] Level 1:colcon.colcon_core.package_identification:_identify(src/ROS-TCP-Connector/TestRosTcpConnector/Assets) by extensions ['python_setup_py']
[0.219s] Level 1:colcon.colcon_core.package_identification:_identify(src/ROS-TCP-Connector/TestRosTcpConnector/Assets) by extension 'python_setup_py'
[0.219s] Level 1:colcon.colcon_core.package_identification:_identify(src/ROS-TCP-Connector/TestRosTcpConnector/Assets/Materials) by extensions ['ignore', 'ignore_ament_install']
[0.219s] Level 1:colcon.colcon_core.package_identification:_identify(src/ROS-TCP-Connector/TestRosTcpConnector/Assets/Materials) by extension 'ignore'
[0.219s] Level 1:colcon.colcon_core.package_identification:_identify(src/ROS-TCP-Connector/TestRosTcpConnector/Assets/Materials) by extension 'ignore_ament_install'
[0.219s] Level 1:colcon.colcon_core.package_identification:_identify(src/ROS-TCP-Connector/TestRosTcpConnector/Assets/Materials) by extensions ['colcon_pkg']
[0.219s] Level 1:colcon.colcon_core.package_identification:_identify(src/ROS-TCP-Connector/TestRosTcpConnector/Assets/Materials) by extension 'colcon_pkg'
[0.219s] Level 1:colcon.colcon_core.package_identification:_identify(src/ROS-TCP-Connector/TestRosTcpConnector/Assets/Materials) by extensions ['colcon_meta']
[0.219s] Level 1:colcon.colcon_core.package_identification:_identify(src/ROS-TCP-Connector/TestRosTcpConnector/Assets/Materials) by extension 'colcon_meta'
[0.219s] Level 1:colcon.colcon_core.package_identification:_identify(src/ROS-TCP-Connector/TestRosTcpConnector/Assets/Materials) by extensions ['ros']
[0.219s] Level 1:colcon.colcon_core.package_identification:_identify(src/ROS-TCP-Connector/TestRosTcpConnector/Assets/Materials) by extension 'ros'
[0.219s] Level 1:colcon.colcon_core.package_identification:_identify(src/ROS-TCP-Connector/TestRosTcpConnector/Assets/Materials) by extensions ['cmake', 'python']
[0.219s] Level 1:colcon.colcon_core.package_identification:_identify(src/ROS-TCP-Connector/TestRosTcpConnector/Assets/Materials) by extension 'cmake'
[0.220s] Level 1:colcon.colcon_core.package_identification:_identify(src/ROS-TCP-Connector/TestRosTcpConnector/Assets/Materials) by extension 'python'
[0.220s] Level 1:colcon.colcon_core.package_identification:_identify(src/ROS-TCP-Connector/TestRosTcpConnector/Assets/Materials) by extensions ['python_setup_py']
[0.220s] Level 1:colcon.colcon_core.package_identification:_identify(src/ROS-TCP-Connector/TestRosTcpConnector/Assets/Materials) by extension 'python_setup_py'
[0.220s] Level 1:colcon.colcon_core.package_identification:_identify(src/ROS-TCP-Connector/TestRosTcpConnector/Assets/Presets) by extensions ['ignore', 'ignore_ament_install']
[0.220s] Level 1:colcon.colcon_core.package_identification:_identify(src/ROS-TCP-Connector/TestRosTcpConnector/Assets/Presets) by extension 'ignore'
[0.220s] Level 1:colcon.colcon_core.package_identification:_identify(src/ROS-TCP-Connector/TestRosTcpConnector/Assets/Presets) by extension 'ignore_ament_install'
[0.220s] Level 1:colcon.colcon_core.package_identification:_identify(src/ROS-TCP-Connector/TestRosTcpConnector/Assets/Presets) by extensions ['colcon_pkg']
[0.220s] Level 1:colcon.colcon_core.package_identification:_identify(src/ROS-TCP-Connector/TestRosTcpConnector/Assets/Presets) by extension 'colcon_pkg'
[0.220s] Level 1:colcon.colcon_core.package_identification:_identify(src/ROS-TCP-Connector/TestRosTcpConnector/Assets/Presets) by extensions ['colcon_meta']
[0.220s] Level 1:colcon.colcon_core.package_identification:_identify(src/ROS-TCP-Connector/TestRosTcpConnector/Assets/Presets) by extension 'colcon_meta'
[0.220s] Level 1:colcon.colcon_core.package_identification:_identify(src/ROS-TCP-Connector/TestRosTcpConnector/Assets/Presets) by extensions ['ros']
[0.220s] Level 1:colcon.colcon_core.package_identification:_identify(src/ROS-TCP-Connector/TestRosTcpConnector/Assets/Presets) by extension 'ros'
[0.220s] Level 1:colcon.colcon_core.package_identification:_identify(src/ROS-TCP-Connector/TestRosTcpConnector/Assets/Presets) by extensions ['cmake', 'python']
[0.220s] Level 1:colcon.colcon_core.package_identification:_identify(src/ROS-TCP-Connector/TestRosTcpConnector/Assets/Presets) by extension 'cmake'
[0.220s] Level 1:colcon.colcon_core.package_identification:_identify(src/ROS-TCP-Connector/TestRosTcpConnector/Assets/Presets) by extension 'python'
[0.220s] Level 1:colcon.colcon_core.package_identification:_identify(src/ROS-TCP-Connector/TestRosTcpConnector/Assets/Presets) by extensions ['python_setup_py']
[0.220s] Level 1:colcon.colcon_core.package_identification:_identify(src/ROS-TCP-Connector/TestRosTcpConnector/Assets/Presets) by extension 'python_setup_py'
[0.220s] Level 1:colcon.colcon_core.package_identification:_identify(src/ROS-TCP-Connector/TestRosTcpConnector/Assets/Presets/Defaults) by extensions ['ignore', 'ignore_ament_install']
[0.220s] Level 1:colcon.colcon_core.package_identification:_identify(src/ROS-TCP-Connector/TestRosTcpConnector/Assets/Presets/Defaults) by extension 'ignore'
[0.220s] Level 1:colcon.colcon_core.package_identification:_identify(src/ROS-TCP-Connector/TestRosTcpConnector/Assets/Presets/Defaults) by extension 'ignore_ament_install'
[0.220s] Level 1:colcon.colcon_core.package_identification:_identify(src/ROS-TCP-Connector/TestRosTcpConnector/Assets/Presets/Defaults) by extensions ['colcon_pkg']
[0.220s] Level 1:colcon.colcon_core.package_identification:_identify(src/ROS-TCP-Connector/TestRosTcpConnector/Assets/Presets/Defaults) by extension 'colcon_pkg'
[0.220s] Level 1:colcon.colcon_core.package_identification:_identify(src/ROS-TCP-Connector/TestRosTcpConnector/Assets/Presets/Defaults) by extensions ['colcon_meta']
[0.220s] Level 1:colcon.colcon_core.package_identification:_identify(src/ROS-TCP-Connector/TestRosTcpConnector/Assets/Presets/Defaults) by extension 'colcon_meta'
[0.220s] Level 1:colcon.colcon_core.package_identification:_identify(src/ROS-TCP-Connector/TestRosTcpConnector/Assets/Presets/Defaults) by extensions ['ros']
[0.220s] Level 1:colcon.colcon_core.package_identification:_identify(src/ROS-TCP-Connector/TestRosTcpConnector/Assets/Presets/Defaults) by extension 'ros'
[0.220s] Level 1:colcon.colcon_core.package_identification:_identify(src/ROS-TCP-Connector/TestRosTcpConnector/Assets/Presets/Defaults) by extensions ['cmake', 'python']
[0.220s] Level 1:colcon.colcon_core.package_identification:_identify(src/ROS-TCP-Connector/TestRosTcpConnector/Assets/Presets/Defaults) by extension 'cmake'
[0.220s] Level 1:colcon.colcon_core.package_identification:_identify(src/ROS-TCP-Connector/TestRosTcpConnector/Assets/Presets/Defaults) by extension 'python'
[0.220s] Level 1:colcon.colcon_core.package_identification:_identify(src/ROS-TCP-Connector/TestRosTcpConnector/Assets/Presets/Defaults) by extensions ['python_setup_py']
[0.220s] Level 1:colcon.colcon_core.package_identification:_identify(src/ROS-TCP-Connector/TestRosTcpConnector/Assets/Presets/Defaults) by extension 'python_setup_py'
[0.220s] Level 1:colcon.colcon_core.package_identification:_identify(src/ROS-TCP-Connector/TestRosTcpConnector/Assets/Resources) by extensions ['ignore', 'ignore_ament_install']
[0.220s] Level 1:colcon.colcon_core.package_identification:_identify(src/ROS-TCP-Connector/TestRosTcpConnector/Assets/Resources) by extension 'ignore'
[0.220s] Level 1:colcon.colcon_core.package_identification:_identify(src/ROS-TCP-Connector/TestRosTcpConnector/Assets/Resources) by extension 'ignore_ament_install'
[0.220s] Level 1:colcon.colcon_core.package_identification:_identify(src/ROS-TCP-Connector/TestRosTcpConnector/Assets/Resources) by extensions ['colcon_pkg']
[0.220s] Level 1:colcon.colcon_core.package_identification:_identify(src/ROS-TCP-Connector/TestRosTcpConnector/Assets/Resources) by extension 'colcon_pkg'
[0.220s] Level 1:colcon.colcon_core.package_identification:_identify(src/ROS-TCP-Connector/TestRosTcpConnector/Assets/Resources) by extensions ['colcon_meta']
[0.220s] Level 1:colcon.colcon_core.package_identification:_identify(src/ROS-TCP-Connector/TestRosTcpConnector/Assets/Resources) by extension 'colcon_meta'
[0.220s] Level 1:colcon.colcon_core.package_identification:_identify(src/ROS-TCP-Connector/TestRosTcpConnector/Assets/Resources) by extensions ['ros']
[0.220s] Level 1:colcon.colcon_core.package_identification:_identify(src/ROS-TCP-Connector/TestRosTcpConnector/Assets/Resources) by extension 'ros'
[0.220s] Level 1:colcon.colcon_core.package_identification:_identify(src/ROS-TCP-Connector/TestRosTcpConnector/Assets/Resources) by extensions ['cmake', 'python']
[0.220s] Level 1:colcon.colcon_core.package_identification:_identify(src/ROS-TCP-Connector/TestRosTcpConnector/Assets/Resources) by extension 'cmake'
[0.220s] Level 1:colcon.colcon_core.package_identification:_identify(src/ROS-TCP-Connector/TestRosTcpConnector/Assets/Resources) by extension 'python'
[0.220s] Level 1:colcon.colcon_core.package_identification:_identify(src/ROS-TCP-Connector/TestRosTcpConnector/Assets/Resources) by extensions ['python_setup_py']
[0.220s] Level 1:colcon.colcon_core.package_identification:_identify(src/ROS-TCP-Connector/TestRosTcpConnector/Assets/Resources) by extension 'python_setup_py'
[0.220s] Level 1:colcon.colcon_core.package_identification:_identify(src/ROS-TCP-Connector/TestRosTcpConnector/Assets/Scenes) by extensions ['ignore', 'ignore_ament_install']
[0.220s] Level 1:colcon.colcon_core.package_identification:_identify(src/ROS-TCP-Connector/TestRosTcpConnector/Assets/Scenes) by extension 'ignore'
[0.220s] Level 1:colcon.colcon_core.package_identification:_identify(src/ROS-TCP-Connector/TestRosTcpConnector/Assets/Scenes) by extension 'ignore_ament_install'
[0.220s] Level 1:colcon.colcon_core.package_identification:_identify(src/ROS-TCP-Connector/TestRosTcpConnector/Assets/Scenes) by extensions ['colcon_pkg']
[0.220s] Level 1:colcon.colcon_core.package_identification:_identify(src/ROS-TCP-Connector/TestRosTcpConnector/Assets/Scenes) by extension 'colcon_pkg'
[0.220s] Level 1:colcon.colcon_core.package_identification:_identify(src/ROS-TCP-Connector/TestRosTcpConnector/Assets/Scenes) by extensions ['colcon_meta']
[0.220s] Level 1:colcon.colcon_core.package_identification:_identify(src/ROS-TCP-Connector/TestRosTcpConnector/Assets/Scenes) by extension 'colcon_meta'
[0.220s] Level 1:colcon.colcon_core.package_identification:_identify(src/ROS-TCP-Connector/TestRosTcpConnector/Assets/Scenes) by extensions ['ros']
[0.221s] Level 1:colcon.colcon_core.package_identification:_identify(src/ROS-TCP-Connector/TestRosTcpConnector/Assets/Scenes) by extension 'ros'
[0.221s] Level 1:colcon.colcon_core.package_identification:_identify(src/ROS-TCP-Connector/TestRosTcpConnector/Assets/Scenes) by extensions ['cmake', 'python']
[0.221s] Level 1:colcon.colcon_core.package_identification:_identify(src/ROS-TCP-Connector/TestRosTcpConnector/Assets/Scenes) by extension 'cmake'
[0.221s] Level 1:colcon.colcon_core.package_identification:_identify(src/ROS-TCP-Connector/TestRosTcpConnector/Assets/Scenes) by extension 'python'
[0.221s] Level 1:colcon.colcon_core.package_identification:_identify(src/ROS-TCP-Connector/TestRosTcpConnector/Assets/Scenes) by extensions ['python_setup_py']
[0.221s] Level 1:colcon.colcon_core.package_identification:_identify(src/ROS-TCP-Connector/TestRosTcpConnector/Assets/Scenes) by extension 'python_setup_py'
[0.221s] Level 1:colcon.colcon_core.package_identification:_identify(src/ROS-TCP-Connector/TestRosTcpConnector/Assets/Settings) by extensions ['ignore', 'ignore_ament_install']
[0.221s] Level 1:colcon.colcon_core.package_identification:_identify(src/ROS-TCP-Connector/TestRosTcpConnector/Assets/Settings) by extension 'ignore'
[0.221s] Level 1:colcon.colcon_core.package_identification:_identify(src/ROS-TCP-Connector/TestRosTcpConnector/Assets/Settings) by extension 'ignore_ament_install'
[0.221s] Level 1:colcon.colcon_core.package_identification:_identify(src/ROS-TCP-Connector/TestRosTcpConnector/Assets/Settings) by extensions ['colcon_pkg']
[0.221s] Level 1:colcon.colcon_core.package_identification:_identify(src/ROS-TCP-Connector/TestRosTcpConnector/Assets/Settings) by extension 'colcon_pkg'
[0.221s] Level 1:colcon.colcon_core.package_identification:_identify(src/ROS-TCP-Connector/TestRosTcpConnector/Assets/Settings) by extensions ['colcon_meta']
[0.221s] Level 1:colcon.colcon_core.package_identification:_identify(src/ROS-TCP-Connector/TestRosTcpConnector/Assets/Settings) by extension 'colcon_meta'
[0.221s] Level 1:colcon.colcon_core.package_identification:_identify(src/ROS-TCP-Connector/TestRosTcpConnector/Assets/Settings) by extensions ['ros']
[0.221s] Level 1:colcon.colcon_core.package_identification:_identify(src/ROS-TCP-Connector/TestRosTcpConnector/Assets/Settings) by extension 'ros'
[0.221s] Level 1:colcon.colcon_core.package_identification:_identify(src/ROS-TCP-Connector/TestRosTcpConnector/Assets/Settings) by extensions ['cmake', 'python']
[0.221s] Level 1:colcon.colcon_core.package_identification:_identify(src/ROS-TCP-Connector/TestRosTcpConnector/Assets/Settings) by extension 'cmake'
[0.221s] Level 1:colcon.colcon_core.package_identification:_identify(src/ROS-TCP-Connector/TestRosTcpConnector/Assets/Settings) by extension 'python'
[0.221s] Level 1:colcon.colcon_core.package_identification:_identify(src/ROS-TCP-Connector/TestRosTcpConnector/Assets/Settings) by extensions ['python_setup_py']
[0.221s] Level 1:colcon.colcon_core.package_identification:_identify(src/ROS-TCP-Connector/TestRosTcpConnector/Assets/Settings) by extension 'python_setup_py'
[0.221s] Level 1:colcon.colcon_core.package_identification:_identify(src/ROS-TCP-Connector/TestRosTcpConnector/Packages) by extensions ['ignore', 'ignore_ament_install']
[0.221s] Level 1:colcon.colcon_core.package_identification:_identify(src/ROS-TCP-Connector/TestRosTcpConnector/Packages) by extension 'ignore'
[0.221s] Level 1:colcon.colcon_core.package_identification:_identify(src/ROS-TCP-Connector/TestRosTcpConnector/Packages) by extension 'ignore_ament_install'
[0.221s] Level 1:colcon.colcon_core.package_identification:_identify(src/ROS-TCP-Connector/TestRosTcpConnector/Packages) by extensions ['colcon_pkg']
[0.221s] Level 1:colcon.colcon_core.package_identification:_identify(src/ROS-TCP-Connector/TestRosTcpConnector/Packages) by extension 'colcon_pkg'
[0.221s] Level 1:colcon.colcon_core.package_identification:_identify(src/ROS-TCP-Connector/TestRosTcpConnector/Packages) by extensions ['colcon_meta']
[0.221s] Level 1:colcon.colcon_core.package_identification:_identify(src/ROS-TCP-Connector/TestRosTcpConnector/Packages) by extension 'colcon_meta'
[0.221s] Level 1:colcon.colcon_core.package_identification:_identify(src/ROS-TCP-Connector/TestRosTcpConnector/Packages) by extensions ['ros']
[0.221s] Level 1:colcon.colcon_core.package_identification:_identify(src/ROS-TCP-Connector/TestRosTcpConnector/Packages) by extension 'ros'
[0.221s] Level 1:colcon.colcon_core.package_identification:_identify(src/ROS-TCP-Connector/TestRosTcpConnector/Packages) by extensions ['cmake', 'python']
[0.221s] Level 1:colcon.colcon_core.package_identification:_identify(src/ROS-TCP-Connector/TestRosTcpConnector/Packages) by extension 'cmake'
[0.221s] Level 1:colcon.colcon_core.package_identification:_identify(src/ROS-TCP-Connector/TestRosTcpConnector/Packages) by extension 'python'
[0.221s] Level 1:colcon.colcon_core.package_identification:_identify(src/ROS-TCP-Connector/TestRosTcpConnector/Packages) by extensions ['python_setup_py']
[0.221s] Level 1:colcon.colcon_core.package_identification:_identify(src/ROS-TCP-Connector/TestRosTcpConnector/Packages) by extension 'python_setup_py'
[0.221s] Level 1:colcon.colcon_core.package_identification:_identify(src/ROS-TCP-Connector/TestRosTcpConnector/ProjectSettings) by extensions ['ignore', 'ignore_ament_install']
[0.221s] Level 1:colcon.colcon_core.package_identification:_identify(src/ROS-TCP-Connector/TestRosTcpConnector/ProjectSettings) by extension 'ignore'
[0.221s] Level 1:colcon.colcon_core.package_identification:_identify(src/ROS-TCP-Connector/TestRosTcpConnector/ProjectSettings) by extension 'ignore_ament_install'
[0.221s] Level 1:colcon.colcon_core.package_identification:_identify(src/ROS-TCP-Connector/TestRosTcpConnector/ProjectSettings) by extensions ['colcon_pkg']
[0.221s] Level 1:colcon.colcon_core.package_identification:_identify(src/ROS-TCP-Connector/TestRosTcpConnector/ProjectSettings) by extension 'colcon_pkg'
[0.221s] Level 1:colcon.colcon_core.package_identification:_identify(src/ROS-TCP-Connector/TestRosTcpConnector/ProjectSettings) by extensions ['colcon_meta']
[0.221s] Level 1:colcon.colcon_core.package_identification:_identify(src/ROS-TCP-Connector/TestRosTcpConnector/ProjectSettings) by extension 'colcon_meta'
[0.221s] Level 1:colcon.colcon_core.package_identification:_identify(src/ROS-TCP-Connector/TestRosTcpConnector/ProjectSettings) by extensions ['ros']
[0.221s] Level 1:colcon.colcon_core.package_identification:_identify(src/ROS-TCP-Connector/TestRosTcpConnector/ProjectSettings) by extension 'ros'
[0.221s] Level 1:colcon.colcon_core.package_identification:_identify(src/ROS-TCP-Connector/TestRosTcpConnector/ProjectSettings) by extensions ['cmake', 'python']
[0.221s] Level 1:colcon.colcon_core.package_identification:_identify(src/ROS-TCP-Connector/TestRosTcpConnector/ProjectSettings) by extension 'cmake'
[0.221s] Level 1:colcon.colcon_core.package_identification:_identify(src/ROS-TCP-Connector/TestRosTcpConnector/ProjectSettings) by extension 'python'
[0.221s] Level 1:colcon.colcon_core.package_identification:_identify(src/ROS-TCP-Connector/TestRosTcpConnector/ProjectSettings) by extensions ['python_setup_py']
[0.221s] Level 1:colcon.colcon_core.package_identification:_identify(src/ROS-TCP-Connector/TestRosTcpConnector/ProjectSettings) by extension 'python_setup_py'
[0.221s] Level 1:colcon.colcon_core.package_identification:_identify(src/ROS-TCP-Connector/TestRosTcpConnector/ProjectSettings/Packages) by extensions ['ignore', 'ignore_ament_install']
[0.221s] Level 1:colcon.colcon_core.package_identification:_identify(src/ROS-TCP-Connector/TestRosTcpConnector/ProjectSettings/Packages) by extension 'ignore'
[0.221s] Level 1:colcon.colcon_core.package_identification:_identify(src/ROS-TCP-Connector/TestRosTcpConnector/ProjectSettings/Packages) by extension 'ignore_ament_install'
[0.221s] Level 1:colcon.colcon_core.package_identification:_identify(src/ROS-TCP-Connector/TestRosTcpConnector/ProjectSettings/Packages) by extensions ['colcon_pkg']
[0.221s] Level 1:colcon.colcon_core.package_identification:_identify(src/ROS-TCP-Connector/TestRosTcpConnector/ProjectSettings/Packages) by extension 'colcon_pkg'
[0.221s] Level 1:colcon.colcon_core.package_identification:_identify(src/ROS-TCP-Connector/TestRosTcpConnector/ProjectSettings/Packages) by extensions ['colcon_meta']
[0.221s] Level 1:colcon.colcon_core.package_identification:_identify(src/ROS-TCP-Connector/TestRosTcpConnector/ProjectSettings/Packages) by extension 'colcon_meta'
[0.222s] Level 1:colcon.colcon_core.package_identification:_identify(src/ROS-TCP-Connector/TestRosTcpConnector/ProjectSettings/Packages) by extensions ['ros']
[0.222s] Level 1:colcon.colcon_core.package_identification:_identify(src/ROS-TCP-Connector/TestRosTcpConnector/ProjectSettings/Packages) by extension 'ros'
[0.222s] Level 1:colcon.colcon_core.package_identification:_identify(src/ROS-TCP-Connector/TestRosTcpConnector/ProjectSettings/Packages) by extensions ['cmake', 'python']
[0.222s] Level 1:colcon.colcon_core.package_identification:_identify(src/ROS-TCP-Connector/TestRosTcpConnector/ProjectSettings/Packages) by extension 'cmake'
[0.222s] Level 1:colcon.colcon_core.package_identification:_identify(src/ROS-TCP-Connector/TestRosTcpConnector/ProjectSettings/Packages) by extension 'python'
[0.222s] Level 1:colcon.colcon_core.package_identification:_identify(src/ROS-TCP-Connector/TestRosTcpConnector/ProjectSettings/Packages) by extensions ['python_setup_py']
[0.222s] Level 1:colcon.colcon_core.package_identification:_identify(src/ROS-TCP-Connector/TestRosTcpConnector/ProjectSettings/Packages) by extension 'python_setup_py'
[0.222s] Level 1:colcon.colcon_core.package_identification:_identify(src/ROS-TCP-Connector/TestRosTcpConnector/ProjectSettings/Packages/com.unity.testtools.codecoverage) by extensions ['ignore', 'ignore_ament_install']
[0.222s] Level 1:colcon.colcon_core.package_identification:_identify(src/ROS-TCP-Connector/TestRosTcpConnector/ProjectSettings/Packages/com.unity.testtools.codecoverage) by extension 'ignore'
[0.222s] Level 1:colcon.colcon_core.package_identification:_identify(src/ROS-TCP-Connector/TestRosTcpConnector/ProjectSettings/Packages/com.unity.testtools.codecoverage) by extension 'ignore_ament_install'
[0.222s] Level 1:colcon.colcon_core.package_identification:_identify(src/ROS-TCP-Connector/TestRosTcpConnector/ProjectSettings/Packages/com.unity.testtools.codecoverage) by extensions ['colcon_pkg']
[0.222s] Level 1:colcon.colcon_core.package_identification:_identify(src/ROS-TCP-Connector/TestRosTcpConnector/ProjectSettings/Packages/com.unity.testtools.codecoverage) by extension 'colcon_pkg'
[0.222s] Level 1:colcon.colcon_core.package_identification:_identify(src/ROS-TCP-Connector/TestRosTcpConnector/ProjectSettings/Packages/com.unity.testtools.codecoverage) by extensions ['colcon_meta']
[0.222s] Level 1:colcon.colcon_core.package_identification:_identify(src/ROS-TCP-Connector/TestRosTcpConnector/ProjectSettings/Packages/com.unity.testtools.codecoverage) by extension 'colcon_meta'
[0.222s] Level 1:colcon.colcon_core.package_identification:_identify(src/ROS-TCP-Connector/TestRosTcpConnector/ProjectSettings/Packages/com.unity.testtools.codecoverage) by extensions ['ros']
[0.222s] Level 1:colcon.colcon_core.package_identification:_identify(src/ROS-TCP-Connector/TestRosTcpConnector/ProjectSettings/Packages/com.unity.testtools.codecoverage) by extension 'ros'
[0.222s] Level 1:colcon.colcon_core.package_identification:_identify(src/ROS-TCP-Connector/TestRosTcpConnector/ProjectSettings/Packages/com.unity.testtools.codecoverage) by extensions ['cmake', 'python']
[0.222s] Level 1:colcon.colcon_core.package_identification:_identify(src/ROS-TCP-Connector/TestRosTcpConnector/ProjectSettings/Packages/com.unity.testtools.codecoverage) by extension 'cmake'
[0.222s] Level 1:colcon.colcon_core.package_identification:_identify(src/ROS-TCP-Connector/TestRosTcpConnector/ProjectSettings/Packages/com.unity.testtools.codecoverage) by extension 'python'
[0.222s] Level 1:colcon.colcon_core.package_identification:_identify(src/ROS-TCP-Connector/TestRosTcpConnector/ProjectSettings/Packages/com.unity.testtools.codecoverage) by extensions ['python_setup_py']
[0.222s] Level 1:colcon.colcon_core.package_identification:_identify(src/ROS-TCP-Connector/TestRosTcpConnector/ProjectSettings/Packages/com.unity.testtools.codecoverage) by extension 'python_setup_py'
[0.222s] Level 1:colcon.colcon_core.package_identification:_identify(src/ROS-TCP-Connector/com.unity.robotics.ros-tcp-connector) by extensions ['ignore', 'ignore_ament_install']
[0.222s] Level 1:colcon.colcon_core.package_identification:_identify(src/ROS-TCP-Connector/com.unity.robotics.ros-tcp-connector) by extension 'ignore'
[0.222s] Level 1:colcon.colcon_core.package_identification:_identify(src/ROS-TCP-Connector/com.unity.robotics.ros-tcp-connector) by extension 'ignore_ament_install'
[0.222s] Level 1:colcon.colcon_core.package_identification:_identify(src/ROS-TCP-Connector/com.unity.robotics.ros-tcp-connector) by extensions ['colcon_pkg']
[0.222s] Level 1:colcon.colcon_core.package_identification:_identify(src/ROS-TCP-Connector/com.unity.robotics.ros-tcp-connector) by extension 'colcon_pkg'
[0.222s] Level 1:colcon.colcon_core.package_identification:_identify(src/ROS-TCP-Connector/com.unity.robotics.ros-tcp-connector) by extensions ['colcon_meta']
[0.222s] Level 1:colcon.colcon_core.package_identification:_identify(src/ROS-TCP-Connector/com.unity.robotics.ros-tcp-connector) by extension 'colcon_meta'
[0.222s] Level 1:colcon.colcon_core.package_identification:_identify(src/ROS-TCP-Connector/com.unity.robotics.ros-tcp-connector) by extensions ['ros']
[0.222s] Level 1:colcon.colcon_core.package_identification:_identify(src/ROS-TCP-Connector/com.unity.robotics.ros-tcp-connector) by extension 'ros'
[0.222s] Level 1:colcon.colcon_core.package_identification:_identify(src/ROS-TCP-Connector/com.unity.robotics.ros-tcp-connector) by extensions ['cmake', 'python']
[0.222s] Level 1:colcon.colcon_core.package_identification:_identify(src/ROS-TCP-Connector/com.unity.robotics.ros-tcp-connector) by extension 'cmake'
[0.222s] Level 1:colcon.colcon_core.package_identification:_identify(src/ROS-TCP-Connector/com.unity.robotics.ros-tcp-connector) by extension 'python'
[0.222s] Level 1:colcon.colcon_core.package_identification:_identify(src/ROS-TCP-Connector/com.unity.robotics.ros-tcp-connector) by extensions ['python_setup_py']
[0.222s] Level 1:colcon.colcon_core.package_identification:_identify(src/ROS-TCP-Connector/com.unity.robotics.ros-tcp-connector) by extension 'python_setup_py'
[0.222s] Level 1:colcon.colcon_core.package_identification:_identify(src/ROS-TCP-Connector/com.unity.robotics.ros-tcp-connector/Editor) by extensions ['ignore', 'ignore_ament_install']
[0.222s] Level 1:colcon.colcon_core.package_identification:_identify(src/ROS-TCP-Connector/com.unity.robotics.ros-tcp-connector/Editor) by extension 'ignore'
[0.222s] Level 1:colcon.colcon_core.package_identification:_identify(src/ROS-TCP-Connector/com.unity.robotics.ros-tcp-connector/Editor) by extension 'ignore_ament_install'
[0.222s] Level 1:colcon.colcon_core.package_identification:_identify(src/ROS-TCP-Connector/com.unity.robotics.ros-tcp-connector/Editor) by extensions ['colcon_pkg']
[0.222s] Level 1:colcon.colcon_core.package_identification:_identify(src/ROS-TCP-Connector/com.unity.robotics.ros-tcp-connector/Editor) by extension 'colcon_pkg'
[0.222s] Level 1:colcon.colcon_core.package_identification:_identify(src/ROS-TCP-Connector/com.unity.robotics.ros-tcp-connector/Editor) by extensions ['colcon_meta']
[0.222s] Level 1:colcon.colcon_core.package_identification:_identify(src/ROS-TCP-Connector/com.unity.robotics.ros-tcp-connector/Editor) by extension 'colcon_meta'
[0.222s] Level 1:colcon.colcon_core.package_identification:_identify(src/ROS-TCP-Connector/com.unity.robotics.ros-tcp-connector/Editor) by extensions ['ros']
[0.222s] Level 1:colcon.colcon_core.package_identification:_identify(src/ROS-TCP-Connector/com.unity.robotics.ros-tcp-connector/Editor) by extension 'ros'
[0.222s] Level 1:colcon.colcon_core.package_identification:_identify(src/ROS-TCP-Connector/com.unity.robotics.ros-tcp-connector/Editor) by extensions ['cmake', 'python']
[0.222s] Level 1:colcon.colcon_core.package_identification:_identify(src/ROS-TCP-Connector/com.unity.robotics.ros-tcp-connector/Editor) by extension 'cmake'
[0.222s] Level 1:colcon.colcon_core.package_identification:_identify(src/ROS-TCP-Connector/com.unity.robotics.ros-tcp-connector/Editor) by extension 'python'
[0.222s] Level 1:colcon.colcon_core.package_identification:_identify(src/ROS-TCP-Connector/com.unity.robotics.ros-tcp-connector/Editor) by extensions ['python_setup_py']
[0.222s] Level 1:colcon.colcon_core.package_identification:_identify(src/ROS-TCP-Connector/com.unity.robotics.ros-tcp-connector/Editor) by extension 'python_setup_py'
[0.222s] Level 1:colcon.colcon_core.package_identification:_identify(src/ROS-TCP-Connector/com.unity.robotics.ros-tcp-connector/Editor/MessageGeneration) by extensions ['ignore', 'ignore_ament_install']
[0.222s] Level 1:colcon.colcon_core.package_identification:_identify(src/ROS-TCP-Connector/com.unity.robotics.ros-tcp-connector/Editor/MessageGeneration) by extension 'ignore'
[0.222s] Level 1:colcon.colcon_core.package_identification:_identify(src/ROS-TCP-Connector/com.unity.robotics.ros-tcp-connector/Editor/MessageGeneration) by extension 'ignore_ament_install'
[0.222s] Level 1:colcon.colcon_core.package_identification:_identify(src/ROS-TCP-Connector/com.unity.robotics.ros-tcp-connector/Editor/MessageGeneration) by extensions ['colcon_pkg']
[0.222s] Level 1:colcon.colcon_core.package_identification:_identify(src/ROS-TCP-Connector/com.unity.robotics.ros-tcp-connector/Editor/MessageGeneration) by extension 'colcon_pkg'
[0.222s] Level 1:colcon.colcon_core.package_identification:_identify(src/ROS-TCP-Connector/com.unity.robotics.ros-tcp-connector/Editor/MessageGeneration) by extensions ['colcon_meta']
[0.223s] Level 1:colcon.colcon_core.package_identification:_identify(src/ROS-TCP-Connector/com.unity.robotics.ros-tcp-connector/Editor/MessageGeneration) by extension 'colcon_meta'
[0.223s] Level 1:colcon.colcon_core.package_identification:_identify(src/ROS-TCP-Connector/com.unity.robotics.ros-tcp-connector/Editor/MessageGeneration) by extensions ['ros']
[0.223s] Level 1:colcon.colcon_core.package_identification:_identify(src/ROS-TCP-Connector/com.unity.robotics.ros-tcp-connector/Editor/MessageGeneration) by extension 'ros'
[0.223s] Level 1:colcon.colcon_core.package_identification:_identify(src/ROS-TCP-Connector/com.unity.robotics.ros-tcp-connector/Editor/MessageGeneration) by extensions ['cmake', 'python']
[0.223s] Level 1:colcon.colcon_core.package_identification:_identify(src/ROS-TCP-Connector/com.unity.robotics.ros-tcp-connector/Editor/MessageGeneration) by extension 'cmake'
[0.223s] Level 1:colcon.colcon_core.package_identification:_identify(src/ROS-TCP-Connector/com.unity.robotics.ros-tcp-connector/Editor/MessageGeneration) by extension 'python'
[0.223s] Level 1:colcon.colcon_core.package_identification:_identify(src/ROS-TCP-Connector/com.unity.robotics.ros-tcp-connector/Editor/MessageGeneration) by extensions ['python_setup_py']
[0.223s] Level 1:colcon.colcon_core.package_identification:_identify(src/ROS-TCP-Connector/com.unity.robotics.ros-tcp-connector/Editor/MessageGeneration) by extension 'python_setup_py'
[0.223s] Level 1:colcon.colcon_core.package_identification:_identify(src/ROS-TCP-Connector/com.unity.robotics.ros-tcp-connector/Runtime) by extensions ['ignore', 'ignore_ament_install']
[0.223s] Level 1:colcon.colcon_core.package_identification:_identify(src/ROS-TCP-Connector/com.unity.robotics.ros-tcp-connector/Runtime) by extension 'ignore'
[0.223s] Level 1:colcon.colcon_core.package_identification:_identify(src/ROS-TCP-Connector/com.unity.robotics.ros-tcp-connector/Runtime) by extension 'ignore_ament_install'
[0.223s] Level 1:colcon.colcon_core.package_identification:_identify(src/ROS-TCP-Connector/com.unity.robotics.ros-tcp-connector/Runtime) by extensions ['colcon_pkg']
[0.223s] Level 1:colcon.colcon_core.package_identification:_identify(src/ROS-TCP-Connector/com.unity.robotics.ros-tcp-connector/Runtime) by extension 'colcon_pkg'
[0.223s] Level 1:colcon.colcon_core.package_identification:_identify(src/ROS-TCP-Connector/com.unity.robotics.ros-tcp-connector/Runtime) by extensions ['colcon_meta']
[0.223s] Level 1:colcon.colcon_core.package_identification:_identify(src/ROS-TCP-Connector/com.unity.robotics.ros-tcp-connector/Runtime) by extension 'colcon_meta'
[0.223s] Level 1:colcon.colcon_core.package_identification:_identify(src/ROS-TCP-Connector/com.unity.robotics.ros-tcp-connector/Runtime) by extensions ['ros']
[0.223s] Level 1:colcon.colcon_core.package_identification:_identify(src/ROS-TCP-Connector/com.unity.robotics.ros-tcp-connector/Runtime) by extension 'ros'
[0.223s] Level 1:colcon.colcon_core.package_identification:_identify(src/ROS-TCP-Connector/com.unity.robotics.ros-tcp-connector/Runtime) by extensions ['cmake', 'python']
[0.223s] Level 1:colcon.colcon_core.package_identification:_identify(src/ROS-TCP-Connector/com.unity.robotics.ros-tcp-connector/Runtime) by extension 'cmake'
[0.223s] Level 1:colcon.colcon_core.package_identification:_identify(src/ROS-TCP-Connector/com.unity.robotics.ros-tcp-connector/Runtime) by extension 'python'
[0.223s] Level 1:colcon.colcon_core.package_identification:_identify(src/ROS-TCP-Connector/com.unity.robotics.ros-tcp-connector/Runtime) by extensions ['python_setup_py']
[0.223s] Level 1:colcon.colcon_core.package_identification:_identify(src/ROS-TCP-Connector/com.unity.robotics.ros-tcp-connector/Runtime) by extension 'python_setup_py'
[0.223s] Level 1:colcon.colcon_core.package_identification:_identify(src/ROS-TCP-Connector/com.unity.robotics.ros-tcp-connector/Runtime/Extensions) by extensions ['ignore', 'ignore_ament_install']
[0.223s] Level 1:colcon.colcon_core.package_identification:_identify(src/ROS-TCP-Connector/com.unity.robotics.ros-tcp-connector/Runtime/Extensions) by extension 'ignore'
[0.223s] Level 1:colcon.colcon_core.package_identification:_identify(src/ROS-TCP-Connector/com.unity.robotics.ros-tcp-connector/Runtime/Extensions) by extension 'ignore_ament_install'
[0.223s] Level 1:colcon.colcon_core.package_identification:_identify(src/ROS-TCP-Connector/com.unity.robotics.ros-tcp-connector/Runtime/Extensions) by extensions ['colcon_pkg']
[0.223s] Level 1:colcon.colcon_core.package_identification:_identify(src/ROS-TCP-Connector/com.unity.robotics.ros-tcp-connector/Runtime/Extensions) by extension 'colcon_pkg'
[0.223s] Level 1:colcon.colcon_core.package_identification:_identify(src/ROS-TCP-Connector/com.unity.robotics.ros-tcp-connector/Runtime/Extensions) by extensions ['colcon_meta']
[0.223s] Level 1:colcon.colcon_core.package_identification:_identify(src/ROS-TCP-Connector/com.unity.robotics.ros-tcp-connector/Runtime/Extensions) by extension 'colcon_meta'
[0.223s] Level 1:colcon.colcon_core.package_identification:_identify(src/ROS-TCP-Connector/com.unity.robotics.ros-tcp-connector/Runtime/Extensions) by extensions ['ros']
[0.223s] Level 1:colcon.colcon_core.package_identification:_identify(src/ROS-TCP-Connector/com.unity.robotics.ros-tcp-connector/Runtime/Extensions) by extension 'ros'
[0.223s] Level 1:colcon.colcon_core.package_identification:_identify(src/ROS-TCP-Connector/com.unity.robotics.ros-tcp-connector/Runtime/Extensions) by extensions ['cmake', 'python']
[0.223s] Level 1:colcon.colcon_core.package_identification:_identify(src/ROS-TCP-Connector/com.unity.robotics.ros-tcp-connector/Runtime/Extensions) by extension 'cmake'
[0.223s] Level 1:colcon.colcon_core.package_identification:_identify(src/ROS-TCP-Connector/com.unity.robotics.ros-tcp-connector/Runtime/Extensions) by extension 'python'
[0.223s] Level 1:colcon.colcon_core.package_identification:_identify(src/ROS-TCP-Connector/com.unity.robotics.ros-tcp-connector/Runtime/Extensions) by extensions ['python_setup_py']
[0.223s] Level 1:colcon.colcon_core.package_identification:_identify(src/ROS-TCP-Connector/com.unity.robotics.ros-tcp-connector/Runtime/Extensions) by extension 'python_setup_py'
[0.223s] Level 1:colcon.colcon_core.package_identification:_identify(src/ROS-TCP-Connector/com.unity.robotics.ros-tcp-connector/Runtime/MessageGeneration) by extensions ['ignore', 'ignore_ament_install']
[0.223s] Level 1:colcon.colcon_core.package_identification:_identify(src/ROS-TCP-Connector/com.unity.robotics.ros-tcp-connector/Runtime/MessageGeneration) by extension 'ignore'
[0.223s] Level 1:colcon.colcon_core.package_identification:_identify(src/ROS-TCP-Connector/com.unity.robotics.ros-tcp-connector/Runtime/MessageGeneration) by extension 'ignore_ament_install'
[0.223s] Level 1:colcon.colcon_core.package_identification:_identify(src/ROS-TCP-Connector/com.unity.robotics.ros-tcp-connector/Runtime/MessageGeneration) by extensions ['colcon_pkg']
[0.223s] Level 1:colcon.colcon_core.package_identification:_identify(src/ROS-TCP-Connector/com.unity.robotics.ros-tcp-connector/Runtime/MessageGeneration) by extension 'colcon_pkg'
[0.223s] Level 1:colcon.colcon_core.package_identification:_identify(src/ROS-TCP-Connector/com.unity.robotics.ros-tcp-connector/Runtime/MessageGeneration) by extensions ['colcon_meta']
[0.223s] Level 1:colcon.colcon_core.package_identification:_identify(src/ROS-TCP-Connector/com.unity.robotics.ros-tcp-connector/Runtime/MessageGeneration) by extension 'colcon_meta'
[0.223s] Level 1:colcon.colcon_core.package_identification:_identify(src/ROS-TCP-Connector/com.unity.robotics.ros-tcp-connector/Runtime/MessageGeneration) by extensions ['ros']
[0.223s] Level 1:colcon.colcon_core.package_identification:_identify(src/ROS-TCP-Connector/com.unity.robotics.ros-tcp-connector/Runtime/MessageGeneration) by extension 'ros'
[0.223s] Level 1:colcon.colcon_core.package_identification:_identify(src/ROS-TCP-Connector/com.unity.robotics.ros-tcp-connector/Runtime/MessageGeneration) by extensions ['cmake', 'python']
[0.223s] Level 1:colcon.colcon_core.package_identification:_identify(src/ROS-TCP-Connector/com.unity.robotics.ros-tcp-connector/Runtime/MessageGeneration) by extension 'cmake'
[0.223s] Level 1:colcon.colcon_core.package_identification:_identify(src/ROS-TCP-Connector/com.unity.robotics.ros-tcp-connector/Runtime/MessageGeneration) by extension 'python'
[0.223s] Level 1:colcon.colcon_core.package_identification:_identify(src/ROS-TCP-Connector/com.unity.robotics.ros-tcp-connector/Runtime/MessageGeneration) by extensions ['python_setup_py']
[0.223s] Level 1:colcon.colcon_core.package_identification:_identify(src/ROS-TCP-Connector/com.unity.robotics.ros-tcp-connector/Runtime/MessageGeneration) by extension 'python_setup_py'
[0.223s] Level 1:colcon.colcon_core.package_identification:_identify(src/ROS-TCP-Connector/com.unity.robotics.ros-tcp-connector/Runtime/Messages) by extensions ['ignore', 'ignore_ament_install']
[0.223s] Level 1:colcon.colcon_core.package_identification:_identify(src/ROS-TCP-Connector/com.unity.robotics.ros-tcp-connector/Runtime/Messages) by extension 'ignore'
[0.223s] Level 1:colcon.colcon_core.package_identification:_identify(src/ROS-TCP-Connector/com.unity.robotics.ros-tcp-connector/Runtime/Messages) by extension 'ignore_ament_install'
[0.224s] Level 1:colcon.colcon_core.package_identification:_identify(src/ROS-TCP-Connector/com.unity.robotics.ros-tcp-connector/Runtime/Messages) by extensions ['colcon_pkg']
[0.224s] Level 1:colcon.colcon_core.package_identification:_identify(src/ROS-TCP-Connector/com.unity.robotics.ros-tcp-connector/Runtime/Messages) by extension 'colcon_pkg'
[0.224s] Level 1:colcon.colcon_core.package_identification:_identify(src/ROS-TCP-Connector/com.unity.robotics.ros-tcp-connector/Runtime/Messages) by extensions ['colcon_meta']
[0.224s] Level 1:colcon.colcon_core.package_identification:_identify(src/ROS-TCP-Connector/com.unity.robotics.ros-tcp-connector/Runtime/Messages) by extension 'colcon_meta'
[0.224s] Level 1:colcon.colcon_core.package_identification:_identify(src/ROS-TCP-Connector/com.unity.robotics.ros-tcp-connector/Runtime/Messages) by extensions ['ros']
[0.224s] Level 1:colcon.colcon_core.package_identification:_identify(src/ROS-TCP-Connector/com.unity.robotics.ros-tcp-connector/Runtime/Messages) by extension 'ros'
[0.224s] Level 1:colcon.colcon_core.package_identification:_identify(src/ROS-TCP-Connector/com.unity.robotics.ros-tcp-connector/Runtime/Messages) by extensions ['cmake', 'python']
[0.224s] Level 1:colcon.colcon_core.package_identification:_identify(src/ROS-TCP-Connector/com.unity.robotics.ros-tcp-connector/Runtime/Messages) by extension 'cmake'
[0.224s] Level 1:colcon.colcon_core.package_identification:_identify(src/ROS-TCP-Connector/com.unity.robotics.ros-tcp-connector/Runtime/Messages) by extension 'python'
[0.224s] Level 1:colcon.colcon_core.package_identification:_identify(src/ROS-TCP-Connector/com.unity.robotics.ros-tcp-connector/Runtime/Messages) by extensions ['python_setup_py']
[0.224s] Level 1:colcon.colcon_core.package_identification:_identify(src/ROS-TCP-Connector/com.unity.robotics.ros-tcp-connector/Runtime/Messages) by extension 'python_setup_py'
[0.224s] Level 1:colcon.colcon_core.package_identification:_identify(src/ROS-TCP-Connector/com.unity.robotics.ros-tcp-connector/Runtime/Messages/Actionlib) by extensions ['ignore', 'ignore_ament_install']
[0.224s] Level 1:colcon.colcon_core.package_identification:_identify(src/ROS-TCP-Connector/com.unity.robotics.ros-tcp-connector/Runtime/Messages/Actionlib) by extension 'ignore'
[0.224s] Level 1:colcon.colcon_core.package_identification:_identify(src/ROS-TCP-Connector/com.unity.robotics.ros-tcp-connector/Runtime/Messages/Actionlib) by extension 'ignore_ament_install'
[0.224s] Level 1:colcon.colcon_core.package_identification:_identify(src/ROS-TCP-Connector/com.unity.robotics.ros-tcp-connector/Runtime/Messages/Actionlib) by extensions ['colcon_pkg']
[0.224s] Level 1:colcon.colcon_core.package_identification:_identify(src/ROS-TCP-Connector/com.unity.robotics.ros-tcp-connector/Runtime/Messages/Actionlib) by extension 'colcon_pkg'
[0.224s] Level 1:colcon.colcon_core.package_identification:_identify(src/ROS-TCP-Connector/com.unity.robotics.ros-tcp-connector/Runtime/Messages/Actionlib) by extensions ['colcon_meta']
[0.224s] Level 1:colcon.colcon_core.package_identification:_identify(src/ROS-TCP-Connector/com.unity.robotics.ros-tcp-connector/Runtime/Messages/Actionlib) by extension 'colcon_meta'
[0.224s] Level 1:colcon.colcon_core.package_identification:_identify(src/ROS-TCP-Connector/com.unity.robotics.ros-tcp-connector/Runtime/Messages/Actionlib) by extensions ['ros']
[0.224s] Level 1:colcon.colcon_core.package_identification:_identify(src/ROS-TCP-Connector/com.unity.robotics.ros-tcp-connector/Runtime/Messages/Actionlib) by extension 'ros'
[0.224s] Level 1:colcon.colcon_core.package_identification:_identify(src/ROS-TCP-Connector/com.unity.robotics.ros-tcp-connector/Runtime/Messages/Actionlib) by extensions ['cmake', 'python']
[0.224s] Level 1:colcon.colcon_core.package_identification:_identify(src/ROS-TCP-Connector/com.unity.robotics.ros-tcp-connector/Runtime/Messages/Actionlib) by extension 'cmake'
[0.224s] Level 1:colcon.colcon_core.package_identification:_identify(src/ROS-TCP-Connector/com.unity.robotics.ros-tcp-connector/Runtime/Messages/Actionlib) by extension 'python'
[0.224s] Level 1:colcon.colcon_core.package_identification:_identify(src/ROS-TCP-Connector/com.unity.robotics.ros-tcp-connector/Runtime/Messages/Actionlib) by extensions ['python_setup_py']
[0.224s] Level 1:colcon.colcon_core.package_identification:_identify(src/ROS-TCP-Connector/com.unity.robotics.ros-tcp-connector/Runtime/Messages/Actionlib) by extension 'python_setup_py'
[0.224s] Level 1:colcon.colcon_core.package_identification:_identify(src/ROS-TCP-Connector/com.unity.robotics.ros-tcp-connector/Runtime/Messages/Actionlib/msg) by extensions ['ignore', 'ignore_ament_install']
[0.224s] Level 1:colcon.colcon_core.package_identification:_identify(src/ROS-TCP-Connector/com.unity.robotics.ros-tcp-connector/Runtime/Messages/Actionlib/msg) by extension 'ignore'
[0.224s] Level 1:colcon.colcon_core.package_identification:_identify(src/ROS-TCP-Connector/com.unity.robotics.ros-tcp-connector/Runtime/Messages/Actionlib/msg) by extension 'ignore_ament_install'
[0.224s] Level 1:colcon.colcon_core.package_identification:_identify(src/ROS-TCP-Connector/com.unity.robotics.ros-tcp-connector/Runtime/Messages/Actionlib/msg) by extensions ['colcon_pkg']
[0.224s] Level 1:colcon.colcon_core.package_identification:_identify(src/ROS-TCP-Connector/com.unity.robotics.ros-tcp-connector/Runtime/Messages/Actionlib/msg) by extension 'colcon_pkg'
[0.224s] Level 1:colcon.colcon_core.package_identification:_identify(src/ROS-TCP-Connector/com.unity.robotics.ros-tcp-connector/Runtime/Messages/Actionlib/msg) by extensions ['colcon_meta']
[0.224s] Level 1:colcon.colcon_core.package_identification:_identify(src/ROS-TCP-Connector/com.unity.robotics.ros-tcp-connector/Runtime/Messages/Actionlib/msg) by extension 'colcon_meta'
[0.224s] Level 1:colcon.colcon_core.package_identification:_identify(src/ROS-TCP-Connector/com.unity.robotics.ros-tcp-connector/Runtime/Messages/Actionlib/msg) by extensions ['ros']
[0.224s] Level 1:colcon.colcon_core.package_identification:_identify(src/ROS-TCP-Connector/com.unity.robotics.ros-tcp-connector/Runtime/Messages/Actionlib/msg) by extension 'ros'
[0.224s] Level 1:colcon.colcon_core.package_identification:_identify(src/ROS-TCP-Connector/com.unity.robotics.ros-tcp-connector/Runtime/Messages/Actionlib/msg) by extensions ['cmake', 'python']
[0.224s] Level 1:colcon.colcon_core.package_identification:_identify(src/ROS-TCP-Connector/com.unity.robotics.ros-tcp-connector/Runtime/Messages/Actionlib/msg) by extension 'cmake'
[0.224s] Level 1:colcon.colcon_core.package_identification:_identify(src/ROS-TCP-Connector/com.unity.robotics.ros-tcp-connector/Runtime/Messages/Actionlib/msg) by extension 'python'
[0.224s] Level 1:colcon.colcon_core.package_identification:_identify(src/ROS-TCP-Connector/com.unity.robotics.ros-tcp-connector/Runtime/Messages/Actionlib/msg) by extensions ['python_setup_py']
[0.224s] Level 1:colcon.colcon_core.package_identification:_identify(src/ROS-TCP-Connector/com.unity.robotics.ros-tcp-connector/Runtime/Messages/Actionlib/msg) by extension 'python_setup_py'
[0.224s] Level 1:colcon.colcon_core.package_identification:_identify(src/ROS-TCP-Connector/com.unity.robotics.ros-tcp-connector/Runtime/Messages/Diagnostic) by extensions ['ignore', 'ignore_ament_install']
[0.224s] Level 1:colcon.colcon_core.package_identification:_identify(src/ROS-TCP-Connector/com.unity.robotics.ros-tcp-connector/Runtime/Messages/Diagnostic) by extension 'ignore'
[0.224s] Level 1:colcon.colcon_core.package_identification:_identify(src/ROS-TCP-Connector/com.unity.robotics.ros-tcp-connector/Runtime/Messages/Diagnostic) by extension 'ignore_ament_install'
[0.224s] Level 1:colcon.colcon_core.package_identification:_identify(src/ROS-TCP-Connector/com.unity.robotics.ros-tcp-connector/Runtime/Messages/Diagnostic) by extensions ['colcon_pkg']
[0.224s] Level 1:colcon.colcon_core.package_identification:_identify(src/ROS-TCP-Connector/com.unity.robotics.ros-tcp-connector/Runtime/Messages/Diagnostic) by extension 'colcon_pkg'
[0.224s] Level 1:colcon.colcon_core.package_identification:_identify(src/ROS-TCP-Connector/com.unity.robotics.ros-tcp-connector/Runtime/Messages/Diagnostic) by extensions ['colcon_meta']
[0.224s] Level 1:colcon.colcon_core.package_identification:_identify(src/ROS-TCP-Connector/com.unity.robotics.ros-tcp-connector/Runtime/Messages/Diagnostic) by extension 'colcon_meta'
[0.224s] Level 1:colcon.colcon_core.package_identification:_identify(src/ROS-TCP-Connector/com.unity.robotics.ros-tcp-connector/Runtime/Messages/Diagnostic) by extensions ['ros']
[0.224s] Level 1:colcon.colcon_core.package_identification:_identify(src/ROS-TCP-Connector/com.unity.robotics.ros-tcp-connector/Runtime/Messages/Diagnostic) by extension 'ros'
[0.224s] Level 1:colcon.colcon_core.package_identification:_identify(src/ROS-TCP-Connector/com.unity.robotics.ros-tcp-connector/Runtime/Messages/Diagnostic) by extensions ['cmake', 'python']
[0.224s] Level 1:colcon.colcon_core.package_identification:_identify(src/ROS-TCP-Connector/com.unity.robotics.ros-tcp-connector/Runtime/Messages/Diagnostic) by extension 'cmake'
[0.224s] Level 1:colcon.colcon_core.package_identification:_identify(src/ROS-TCP-Connector/com.unity.robotics.ros-tcp-connector/Runtime/Messages/Diagnostic) by extension 'python'
[0.224s] Level 1:colcon.colcon_core.package_identification:_identify(src/ROS-TCP-Connector/com.unity.robotics.ros-tcp-connector/Runtime/Messages/Diagnostic) by extensions ['python_setup_py']
[0.224s] Level 1:colcon.colcon_core.package_identification:_identify(src/ROS-TCP-Connector/com.unity.robotics.ros-tcp-connector/Runtime/Messages/Diagnostic) by extension 'python_setup_py'
[0.224s] Level 1:colcon.colcon_core.package_identification:_identify(src/ROS-TCP-Connector/com.unity.robotics.ros-tcp-connector/Runtime/Messages/Diagnostic/msg) by extensions ['ignore', 'ignore_ament_install']
[0.225s] Level 1:colcon.colcon_core.package_identification:_identify(src/ROS-TCP-Connector/com.unity.robotics.ros-tcp-connector/Runtime/Messages/Diagnostic/msg) by extension 'ignore'
[0.225s] Level 1:colcon.colcon_core.package_identification:_identify(src/ROS-TCP-Connector/com.unity.robotics.ros-tcp-connector/Runtime/Messages/Diagnostic/msg) by extension 'ignore_ament_install'
[0.225s] Level 1:colcon.colcon_core.package_identification:_identify(src/ROS-TCP-Connector/com.unity.robotics.ros-tcp-connector/Runtime/Messages/Diagnostic/msg) by extensions ['colcon_pkg']
[0.225s] Level 1:colcon.colcon_core.package_identification:_identify(src/ROS-TCP-Connector/com.unity.robotics.ros-tcp-connector/Runtime/Messages/Diagnostic/msg) by extension 'colcon_pkg'
[0.225s] Level 1:colcon.colcon_core.package_identification:_identify(src/ROS-TCP-Connector/com.unity.robotics.ros-tcp-connector/Runtime/Messages/Diagnostic/msg) by extensions ['colcon_meta']
[0.225s] Level 1:colcon.colcon_core.package_identification:_identify(src/ROS-TCP-Connector/com.unity.robotics.ros-tcp-connector/Runtime/Messages/Diagnostic/msg) by extension 'colcon_meta'
[0.225s] Level 1:colcon.colcon_core.package_identification:_identify(src/ROS-TCP-Connector/com.unity.robotics.ros-tcp-connector/Runtime/Messages/Diagnostic/msg) by extensions ['ros']
[0.225s] Level 1:colcon.colcon_core.package_identification:_identify(src/ROS-TCP-Connector/com.unity.robotics.ros-tcp-connector/Runtime/Messages/Diagnostic/msg) by extension 'ros'
[0.225s] Level 1:colcon.colcon_core.package_identification:_identify(src/ROS-TCP-Connector/com.unity.robotics.ros-tcp-connector/Runtime/Messages/Diagnostic/msg) by extensions ['cmake', 'python']
[0.225s] Level 1:colcon.colcon_core.package_identification:_identify(src/ROS-TCP-Connector/com.unity.robotics.ros-tcp-connector/Runtime/Messages/Diagnostic/msg) by extension 'cmake'
[0.225s] Level 1:colcon.colcon_core.package_identification:_identify(src/ROS-TCP-Connector/com.unity.robotics.ros-tcp-connector/Runtime/Messages/Diagnostic/msg) by extension 'python'
[0.225s] Level 1:colcon.colcon_core.package_identification:_identify(src/ROS-TCP-Connector/com.unity.robotics.ros-tcp-connector/Runtime/Messages/Diagnostic/msg) by extensions ['python_setup_py']
[0.225s] Level 1:colcon.colcon_core.package_identification:_identify(src/ROS-TCP-Connector/com.unity.robotics.ros-tcp-connector/Runtime/Messages/Diagnostic/msg) by extension 'python_setup_py'
[0.225s] Level 1:colcon.colcon_core.package_identification:_identify(src/ROS-TCP-Connector/com.unity.robotics.ros-tcp-connector/Runtime/Messages/Diagnostic/srv) by extensions ['ignore', 'ignore_ament_install']
[0.225s] Level 1:colcon.colcon_core.package_identification:_identify(src/ROS-TCP-Connector/com.unity.robotics.ros-tcp-connector/Runtime/Messages/Diagnostic/srv) by extension 'ignore'
[0.225s] Level 1:colcon.colcon_core.package_identification:_identify(src/ROS-TCP-Connector/com.unity.robotics.ros-tcp-connector/Runtime/Messages/Diagnostic/srv) by extension 'ignore_ament_install'
[0.225s] Level 1:colcon.colcon_core.package_identification:_identify(src/ROS-TCP-Connector/com.unity.robotics.ros-tcp-connector/Runtime/Messages/Diagnostic/srv) by extensions ['colcon_pkg']
[0.225s] Level 1:colcon.colcon_core.package_identification:_identify(src/ROS-TCP-Connector/com.unity.robotics.ros-tcp-connector/Runtime/Messages/Diagnostic/srv) by extension 'colcon_pkg'
[0.225s] Level 1:colcon.colcon_core.package_identification:_identify(src/ROS-TCP-Connector/com.unity.robotics.ros-tcp-connector/Runtime/Messages/Diagnostic/srv) by extensions ['colcon_meta']
[0.225s] Level 1:colcon.colcon_core.package_identification:_identify(src/ROS-TCP-Connector/com.unity.robotics.ros-tcp-connector/Runtime/Messages/Diagnostic/srv) by extension 'colcon_meta'
[0.225s] Level 1:colcon.colcon_core.package_identification:_identify(src/ROS-TCP-Connector/com.unity.robotics.ros-tcp-connector/Runtime/Messages/Diagnostic/srv) by extensions ['ros']
[0.225s] Level 1:colcon.colcon_core.package_identification:_identify(src/ROS-TCP-Connector/com.unity.robotics.ros-tcp-connector/Runtime/Messages/Diagnostic/srv) by extension 'ros'
[0.225s] Level 1:colcon.colcon_core.package_identification:_identify(src/ROS-TCP-Connector/com.unity.robotics.ros-tcp-connector/Runtime/Messages/Diagnostic/srv) by extensions ['cmake', 'python']
[0.225s] Level 1:colcon.colcon_core.package_identification:_identify(src/ROS-TCP-Connector/com.unity.robotics.ros-tcp-connector/Runtime/Messages/Diagnostic/srv) by extension 'cmake'
[0.225s] Level 1:colcon.colcon_core.package_identification:_identify(src/ROS-TCP-Connector/com.unity.robotics.ros-tcp-connector/Runtime/Messages/Diagnostic/srv) by extension 'python'
[0.225s] Level 1:colcon.colcon_core.package_identification:_identify(src/ROS-TCP-Connector/com.unity.robotics.ros-tcp-connector/Runtime/Messages/Diagnostic/srv) by extensions ['python_setup_py']
[0.225s] Level 1:colcon.colcon_core.package_identification:_identify(src/ROS-TCP-Connector/com.unity.robotics.ros-tcp-connector/Runtime/Messages/Diagnostic/srv) by extension 'python_setup_py'
[0.225s] Level 1:colcon.colcon_core.package_identification:_identify(src/ROS-TCP-Connector/com.unity.robotics.ros-tcp-connector/Runtime/Messages/Geometry) by extensions ['ignore', 'ignore_ament_install']
[0.225s] Level 1:colcon.colcon_core.package_identification:_identify(src/ROS-TCP-Connector/com.unity.robotics.ros-tcp-connector/Runtime/Messages/Geometry) by extension 'ignore'
[0.225s] Level 1:colcon.colcon_core.package_identification:_identify(src/ROS-TCP-Connector/com.unity.robotics.ros-tcp-connector/Runtime/Messages/Geometry) by extension 'ignore_ament_install'
[0.225s] Level 1:colcon.colcon_core.package_identification:_identify(src/ROS-TCP-Connector/com.unity.robotics.ros-tcp-connector/Runtime/Messages/Geometry) by extensions ['colcon_pkg']
[0.225s] Level 1:colcon.colcon_core.package_identification:_identify(src/ROS-TCP-Connector/com.unity.robotics.ros-tcp-connector/Runtime/Messages/Geometry) by extension 'colcon_pkg'
[0.225s] Level 1:colcon.colcon_core.package_identification:_identify(src/ROS-TCP-Connector/com.unity.robotics.ros-tcp-connector/Runtime/Messages/Geometry) by extensions ['colcon_meta']
[0.225s] Level 1:colcon.colcon_core.package_identification:_identify(src/ROS-TCP-Connector/com.unity.robotics.ros-tcp-connector/Runtime/Messages/Geometry) by extension 'colcon_meta'
[0.225s] Level 1:colcon.colcon_core.package_identification:_identify(src/ROS-TCP-Connector/com.unity.robotics.ros-tcp-connector/Runtime/Messages/Geometry) by extensions ['ros']
[0.225s] Level 1:colcon.colcon_core.package_identification:_identify(src/ROS-TCP-Connector/com.unity.robotics.ros-tcp-connector/Runtime/Messages/Geometry) by extension 'ros'
[0.225s] Level 1:colcon.colcon_core.package_identification:_identify(src/ROS-TCP-Connector/com.unity.robotics.ros-tcp-connector/Runtime/Messages/Geometry) by extensions ['cmake', 'python']
[0.225s] Level 1:colcon.colcon_core.package_identification:_identify(src/ROS-TCP-Connector/com.unity.robotics.ros-tcp-connector/Runtime/Messages/Geometry) by extension 'cmake'
[0.225s] Level 1:colcon.colcon_core.package_identification:_identify(src/ROS-TCP-Connector/com.unity.robotics.ros-tcp-connector/Runtime/Messages/Geometry) by extension 'python'
[0.225s] Level 1:colcon.colcon_core.package_identification:_identify(src/ROS-TCP-Connector/com.unity.robotics.ros-tcp-connector/Runtime/Messages/Geometry) by extensions ['python_setup_py']
[0.225s] Level 1:colcon.colcon_core.package_identification:_identify(src/ROS-TCP-Connector/com.unity.robotics.ros-tcp-connector/Runtime/Messages/Geometry) by extension 'python_setup_py'
[0.225s] Level 1:colcon.colcon_core.package_identification:_identify(src/ROS-TCP-Connector/com.unity.robotics.ros-tcp-connector/Runtime/Messages/Geometry/msg) by extensions ['ignore', 'ignore_ament_install']
[0.225s] Level 1:colcon.colcon_core.package_identification:_identify(src/ROS-TCP-Connector/com.unity.robotics.ros-tcp-connector/Runtime/Messages/Geometry/msg) by extension 'ignore'
[0.225s] Level 1:colcon.colcon_core.package_identification:_identify(src/ROS-TCP-Connector/com.unity.robotics.ros-tcp-connector/Runtime/Messages/Geometry/msg) by extension 'ignore_ament_install'
[0.225s] Level 1:colcon.colcon_core.package_identification:_identify(src/ROS-TCP-Connector/com.unity.robotics.ros-tcp-connector/Runtime/Messages/Geometry/msg) by extensions ['colcon_pkg']
[0.225s] Level 1:colcon.colcon_core.package_identification:_identify(src/ROS-TCP-Connector/com.unity.robotics.ros-tcp-connector/Runtime/Messages/Geometry/msg) by extension 'colcon_pkg'
[0.225s] Level 1:colcon.colcon_core.package_identification:_identify(src/ROS-TCP-Connector/com.unity.robotics.ros-tcp-connector/Runtime/Messages/Geometry/msg) by extensions ['colcon_meta']
[0.225s] Level 1:colcon.colcon_core.package_identification:_identify(src/ROS-TCP-Connector/com.unity.robotics.ros-tcp-connector/Runtime/Messages/Geometry/msg) by extension 'colcon_meta'
[0.225s] Level 1:colcon.colcon_core.package_identification:_identify(src/ROS-TCP-Connector/com.unity.robotics.ros-tcp-connector/Runtime/Messages/Geometry/msg) by extensions ['ros']
[0.225s] Level 1:colcon.colcon_core.package_identification:_identify(src/ROS-TCP-Connector/com.unity.robotics.ros-tcp-connector/Runtime/Messages/Geometry/msg) by extension 'ros'
[0.225s] Level 1:colcon.colcon_core.package_identification:_identify(src/ROS-TCP-Connector/com.unity.robotics.ros-tcp-connector/Runtime/Messages/Geometry/msg) by extensions ['cmake', 'python']
[0.225s] Level 1:colcon.colcon_core.package_identification:_identify(src/ROS-TCP-Connector/com.unity.robotics.ros-tcp-connector/Runtime/Messages/Geometry/msg) by extension 'cmake'
[0.225s] Level 1:colcon.colcon_core.package_identification:_identify(src/ROS-TCP-Connector/com.unity.robotics.ros-tcp-connector/Runtime/Messages/Geometry/msg) by extension 'python'
[0.225s] Level 1:colcon.colcon_core.package_identification:_identify(src/ROS-TCP-Connector/com.unity.robotics.ros-tcp-connector/Runtime/Messages/Geometry/msg) by extensions ['python_setup_py']
[0.226s] Level 1:colcon.colcon_core.package_identification:_identify(src/ROS-TCP-Connector/com.unity.robotics.ros-tcp-connector/Runtime/Messages/Geometry/msg) by extension 'python_setup_py'
[0.226s] Level 1:colcon.colcon_core.package_identification:_identify(src/ROS-TCP-Connector/com.unity.robotics.ros-tcp-connector/Runtime/Messages/HandwrittenMessages) by extensions ['ignore', 'ignore_ament_install']
[0.226s] Level 1:colcon.colcon_core.package_identification:_identify(src/ROS-TCP-Connector/com.unity.robotics.ros-tcp-connector/Runtime/Messages/HandwrittenMessages) by extension 'ignore'
[0.226s] Level 1:colcon.colcon_core.package_identification:_identify(src/ROS-TCP-Connector/com.unity.robotics.ros-tcp-connector/Runtime/Messages/HandwrittenMessages) by extension 'ignore_ament_install'
[0.226s] Level 1:colcon.colcon_core.package_identification:_identify(src/ROS-TCP-Connector/com.unity.robotics.ros-tcp-connector/Runtime/Messages/HandwrittenMessages) by extensions ['colcon_pkg']
[0.226s] Level 1:colcon.colcon_core.package_identification:_identify(src/ROS-TCP-Connector/com.unity.robotics.ros-tcp-connector/Runtime/Messages/HandwrittenMessages) by extension 'colcon_pkg'
[0.226s] Level 1:colcon.colcon_core.package_identification:_identify(src/ROS-TCP-Connector/com.unity.robotics.ros-tcp-connector/Runtime/Messages/HandwrittenMessages) by extensions ['colcon_meta']
[0.226s] Level 1:colcon.colcon_core.package_identification:_identify(src/ROS-TCP-Connector/com.unity.robotics.ros-tcp-connector/Runtime/Messages/HandwrittenMessages) by extension 'colcon_meta'
[0.226s] Level 1:colcon.colcon_core.package_identification:_identify(src/ROS-TCP-Connector/com.unity.robotics.ros-tcp-connector/Runtime/Messages/HandwrittenMessages) by extensions ['ros']
[0.226s] Level 1:colcon.colcon_core.package_identification:_identify(src/ROS-TCP-Connector/com.unity.robotics.ros-tcp-connector/Runtime/Messages/HandwrittenMessages) by extension 'ros'
[0.226s] Level 1:colcon.colcon_core.package_identification:_identify(src/ROS-TCP-Connector/com.unity.robotics.ros-tcp-connector/Runtime/Messages/HandwrittenMessages) by extensions ['cmake', 'python']
[0.226s] Level 1:colcon.colcon_core.package_identification:_identify(src/ROS-TCP-Connector/com.unity.robotics.ros-tcp-connector/Runtime/Messages/HandwrittenMessages) by extension 'cmake'
[0.226s] Level 1:colcon.colcon_core.package_identification:_identify(src/ROS-TCP-Connector/com.unity.robotics.ros-tcp-connector/Runtime/Messages/HandwrittenMessages) by extension 'python'
[0.226s] Level 1:colcon.colcon_core.package_identification:_identify(src/ROS-TCP-Connector/com.unity.robotics.ros-tcp-connector/Runtime/Messages/HandwrittenMessages) by extensions ['python_setup_py']
[0.226s] Level 1:colcon.colcon_core.package_identification:_identify(src/ROS-TCP-Connector/com.unity.robotics.ros-tcp-connector/Runtime/Messages/HandwrittenMessages) by extension 'python_setup_py'
[0.226s] Level 1:colcon.colcon_core.package_identification:_identify(src/ROS-TCP-Connector/com.unity.robotics.ros-tcp-connector/Runtime/Messages/HandwrittenMessages/action) by extensions ['ignore', 'ignore_ament_install']
[0.226s] Level 1:colcon.colcon_core.package_identification:_identify(src/ROS-TCP-Connector/com.unity.robotics.ros-tcp-connector/Runtime/Messages/HandwrittenMessages/action) by extension 'ignore'
[0.226s] Level 1:colcon.colcon_core.package_identification:_identify(src/ROS-TCP-Connector/com.unity.robotics.ros-tcp-connector/Runtime/Messages/HandwrittenMessages/action) by extension 'ignore_ament_install'
[0.226s] Level 1:colcon.colcon_core.package_identification:_identify(src/ROS-TCP-Connector/com.unity.robotics.ros-tcp-connector/Runtime/Messages/HandwrittenMessages/action) by extensions ['colcon_pkg']
[0.226s] Level 1:colcon.colcon_core.package_identification:_identify(src/ROS-TCP-Connector/com.unity.robotics.ros-tcp-connector/Runtime/Messages/HandwrittenMessages/action) by extension 'colcon_pkg'
[0.226s] Level 1:colcon.colcon_core.package_identification:_identify(src/ROS-TCP-Connector/com.unity.robotics.ros-tcp-connector/Runtime/Messages/HandwrittenMessages/action) by extensions ['colcon_meta']
[0.226s] Level 1:colcon.colcon_core.package_identification:_identify(src/ROS-TCP-Connector/com.unity.robotics.ros-tcp-connector/Runtime/Messages/HandwrittenMessages/action) by extension 'colcon_meta'
[0.226s] Level 1:colcon.colcon_core.package_identification:_identify(src/ROS-TCP-Connector/com.unity.robotics.ros-tcp-connector/Runtime/Messages/HandwrittenMessages/action) by extensions ['ros']
[0.226s] Level 1:colcon.colcon_core.package_identification:_identify(src/ROS-TCP-Connector/com.unity.robotics.ros-tcp-connector/Runtime/Messages/HandwrittenMessages/action) by extension 'ros'
[0.226s] Level 1:colcon.colcon_core.package_identification:_identify(src/ROS-TCP-Connector/com.unity.robotics.ros-tcp-connector/Runtime/Messages/HandwrittenMessages/action) by extensions ['cmake', 'python']
[0.226s] Level 1:colcon.colcon_core.package_identification:_identify(src/ROS-TCP-Connector/com.unity.robotics.ros-tcp-connector/Runtime/Messages/HandwrittenMessages/action) by extension 'cmake'
[0.226s] Level 1:colcon.colcon_core.package_identification:_identify(src/ROS-TCP-Connector/com.unity.robotics.ros-tcp-connector/Runtime/Messages/HandwrittenMessages/action) by extension 'python'
[0.226s] Level 1:colcon.colcon_core.package_identification:_identify(src/ROS-TCP-Connector/com.unity.robotics.ros-tcp-connector/Runtime/Messages/HandwrittenMessages/action) by extensions ['python_setup_py']
[0.226s] Level 1:colcon.colcon_core.package_identification:_identify(src/ROS-TCP-Connector/com.unity.robotics.ros-tcp-connector/Runtime/Messages/HandwrittenMessages/action) by extension 'python_setup_py'
[0.226s] Level 1:colcon.colcon_core.package_identification:_identify(src/ROS-TCP-Connector/com.unity.robotics.ros-tcp-connector/Runtime/Messages/HandwrittenMessages/msg) by extensions ['ignore', 'ignore_ament_install']
[0.226s] Level 1:colcon.colcon_core.package_identification:_identify(src/ROS-TCP-Connector/com.unity.robotics.ros-tcp-connector/Runtime/Messages/HandwrittenMessages/msg) by extension 'ignore'
[0.226s] Level 1:colcon.colcon_core.package_identification:_identify(src/ROS-TCP-Connector/com.unity.robotics.ros-tcp-connector/Runtime/Messages/HandwrittenMessages/msg) by extension 'ignore_ament_install'
[0.226s] Level 1:colcon.colcon_core.package_identification:_identify(src/ROS-TCP-Connector/com.unity.robotics.ros-tcp-connector/Runtime/Messages/HandwrittenMessages/msg) by extensions ['colcon_pkg']
[0.226s] Level 1:colcon.colcon_core.package_identification:_identify(src/ROS-TCP-Connector/com.unity.robotics.ros-tcp-connector/Runtime/Messages/HandwrittenMessages/msg) by extension 'colcon_pkg'
[0.226s] Level 1:colcon.colcon_core.package_identification:_identify(src/ROS-TCP-Connector/com.unity.robotics.ros-tcp-connector/Runtime/Messages/HandwrittenMessages/msg) by extensions ['colcon_meta']
[0.226s] Level 1:colcon.colcon_core.package_identification:_identify(src/ROS-TCP-Connector/com.unity.robotics.ros-tcp-connector/Runtime/Messages/HandwrittenMessages/msg) by extension 'colcon_meta'
[0.226s] Level 1:colcon.colcon_core.package_identification:_identify(src/ROS-TCP-Connector/com.unity.robotics.ros-tcp-connector/Runtime/Messages/HandwrittenMessages/msg) by extensions ['ros']
[0.226s] Level 1:colcon.colcon_core.package_identification:_identify(src/ROS-TCP-Connector/com.unity.robotics.ros-tcp-connector/Runtime/Messages/HandwrittenMessages/msg) by extension 'ros'
[0.226s] Level 1:colcon.colcon_core.package_identification:_identify(src/ROS-TCP-Connector/com.unity.robotics.ros-tcp-connector/Runtime/Messages/HandwrittenMessages/msg) by extensions ['cmake', 'python']
[0.226s] Level 1:colcon.colcon_core.package_identification:_identify(src/ROS-TCP-Connector/com.unity.robotics.ros-tcp-connector/Runtime/Messages/HandwrittenMessages/msg) by extension 'cmake'
[0.226s] Level 1:colcon.colcon_core.package_identification:_identify(src/ROS-TCP-Connector/com.unity.robotics.ros-tcp-connector/Runtime/Messages/HandwrittenMessages/msg) by extension 'python'
[0.226s] Level 1:colcon.colcon_core.package_identification:_identify(src/ROS-TCP-Connector/com.unity.robotics.ros-tcp-connector/Runtime/Messages/HandwrittenMessages/msg) by extensions ['python_setup_py']
[0.226s] Level 1:colcon.colcon_core.package_identification:_identify(src/ROS-TCP-Connector/com.unity.robotics.ros-tcp-connector/Runtime/Messages/HandwrittenMessages/msg) by extension 'python_setup_py'
[0.226s] Level 1:colcon.colcon_core.package_identification:_identify(src/ROS-TCP-Connector/com.unity.robotics.ros-tcp-connector/Runtime/Messages/Nav) by extensions ['ignore', 'ignore_ament_install']
[0.226s] Level 1:colcon.colcon_core.package_identification:_identify(src/ROS-TCP-Connector/com.unity.robotics.ros-tcp-connector/Runtime/Messages/Nav) by extension 'ignore'
[0.226s] Level 1:colcon.colcon_core.package_identification:_identify(src/ROS-TCP-Connector/com.unity.robotics.ros-tcp-connector/Runtime/Messages/Nav) by extension 'ignore_ament_install'
[0.226s] Level 1:colcon.colcon_core.package_identification:_identify(src/ROS-TCP-Connector/com.unity.robotics.ros-tcp-connector/Runtime/Messages/Nav) by extensions ['colcon_pkg']
[0.226s] Level 1:colcon.colcon_core.package_identification:_identify(src/ROS-TCP-Connector/com.unity.robotics.ros-tcp-connector/Runtime/Messages/Nav) by extension 'colcon_pkg'
[0.226s] Level 1:colcon.colcon_core.package_identification:_identify(src/ROS-TCP-Connector/com.unity.robotics.ros-tcp-connector/Runtime/Messages/Nav) by extensions ['colcon_meta']
[0.226s] Level 1:colcon.colcon_core.package_identification:_identify(src/ROS-TCP-Connector/com.unity.robotics.ros-tcp-connector/Runtime/Messages/Nav) by extension 'colcon_meta'
[0.226s] Level 1:colcon.colcon_core.package_identification:_identify(src/ROS-TCP-Connector/com.unity.robotics.ros-tcp-connector/Runtime/Messages/Nav) by extensions ['ros']
[0.226s] Level 1:colcon.colcon_core.package_identification:_identify(src/ROS-TCP-Connector/com.unity.robotics.ros-tcp-connector/Runtime/Messages/Nav) by extension 'ros'
[0.227s] Level 1:colcon.colcon_core.package_identification:_identify(src/ROS-TCP-Connector/com.unity.robotics.ros-tcp-connector/Runtime/Messages/Nav) by extensions ['cmake', 'python']
[0.227s] Level 1:colcon.colcon_core.package_identification:_identify(src/ROS-TCP-Connector/com.unity.robotics.ros-tcp-connector/Runtime/Messages/Nav) by extension 'cmake'
[0.227s] Level 1:colcon.colcon_core.package_identification:_identify(src/ROS-TCP-Connector/com.unity.robotics.ros-tcp-connector/Runtime/Messages/Nav) by extension 'python'
[0.227s] Level 1:colcon.colcon_core.package_identification:_identify(src/ROS-TCP-Connector/com.unity.robotics.ros-tcp-connector/Runtime/Messages/Nav) by extensions ['python_setup_py']
[0.227s] Level 1:colcon.colcon_core.package_identification:_identify(src/ROS-TCP-Connector/com.unity.robotics.ros-tcp-connector/Runtime/Messages/Nav) by extension 'python_setup_py'
[0.227s] Level 1:colcon.colcon_core.package_identification:_identify(src/ROS-TCP-Connector/com.unity.robotics.ros-tcp-connector/Runtime/Messages/Nav/action) by extensions ['ignore', 'ignore_ament_install']
[0.227s] Level 1:colcon.colcon_core.package_identification:_identify(src/ROS-TCP-Connector/com.unity.robotics.ros-tcp-connector/Runtime/Messages/Nav/action) by extension 'ignore'
[0.227s] Level 1:colcon.colcon_core.package_identification:_identify(src/ROS-TCP-Connector/com.unity.robotics.ros-tcp-connector/Runtime/Messages/Nav/action) by extension 'ignore_ament_install'
[0.227s] Level 1:colcon.colcon_core.package_identification:_identify(src/ROS-TCP-Connector/com.unity.robotics.ros-tcp-connector/Runtime/Messages/Nav/action) by extensions ['colcon_pkg']
[0.227s] Level 1:colcon.colcon_core.package_identification:_identify(src/ROS-TCP-Connector/com.unity.robotics.ros-tcp-connector/Runtime/Messages/Nav/action) by extension 'colcon_pkg'
[0.227s] Level 1:colcon.colcon_core.package_identification:_identify(src/ROS-TCP-Connector/com.unity.robotics.ros-tcp-connector/Runtime/Messages/Nav/action) by extensions ['colcon_meta']
[0.227s] Level 1:colcon.colcon_core.package_identification:_identify(src/ROS-TCP-Connector/com.unity.robotics.ros-tcp-connector/Runtime/Messages/Nav/action) by extension 'colcon_meta'
[0.227s] Level 1:colcon.colcon_core.package_identification:_identify(src/ROS-TCP-Connector/com.unity.robotics.ros-tcp-connector/Runtime/Messages/Nav/action) by extensions ['ros']
[0.227s] Level 1:colcon.colcon_core.package_identification:_identify(src/ROS-TCP-Connector/com.unity.robotics.ros-tcp-connector/Runtime/Messages/Nav/action) by extension 'ros'
[0.227s] Level 1:colcon.colcon_core.package_identification:_identify(src/ROS-TCP-Connector/com.unity.robotics.ros-tcp-connector/Runtime/Messages/Nav/action) by extensions ['cmake', 'python']
[0.227s] Level 1:colcon.colcon_core.package_identification:_identify(src/ROS-TCP-Connector/com.unity.robotics.ros-tcp-connector/Runtime/Messages/Nav/action) by extension 'cmake'
[0.227s] Level 1:colcon.colcon_core.package_identification:_identify(src/ROS-TCP-Connector/com.unity.robotics.ros-tcp-connector/Runtime/Messages/Nav/action) by extension 'python'
[0.227s] Level 1:colcon.colcon_core.package_identification:_identify(src/ROS-TCP-Connector/com.unity.robotics.ros-tcp-connector/Runtime/Messages/Nav/action) by extensions ['python_setup_py']
[0.227s] Level 1:colcon.colcon_core.package_identification:_identify(src/ROS-TCP-Connector/com.unity.robotics.ros-tcp-connector/Runtime/Messages/Nav/action) by extension 'python_setup_py'
[0.227s] Level 1:colcon.colcon_core.package_identification:_identify(src/ROS-TCP-Connector/com.unity.robotics.ros-tcp-connector/Runtime/Messages/Nav/msg) by extensions ['ignore', 'ignore_ament_install']
[0.227s] Level 1:colcon.colcon_core.package_identification:_identify(src/ROS-TCP-Connector/com.unity.robotics.ros-tcp-connector/Runtime/Messages/Nav/msg) by extension 'ignore'
[0.227s] Level 1:colcon.colcon_core.package_identification:_identify(src/ROS-TCP-Connector/com.unity.robotics.ros-tcp-connector/Runtime/Messages/Nav/msg) by extension 'ignore_ament_install'
[0.227s] Level 1:colcon.colcon_core.package_identification:_identify(src/ROS-TCP-Connector/com.unity.robotics.ros-tcp-connector/Runtime/Messages/Nav/msg) by extensions ['colcon_pkg']
[0.227s] Level 1:colcon.colcon_core.package_identification:_identify(src/ROS-TCP-Connector/com.unity.robotics.ros-tcp-connector/Runtime/Messages/Nav/msg) by extension 'colcon_pkg'
[0.227s] Level 1:colcon.colcon_core.package_identification:_identify(src/ROS-TCP-Connector/com.unity.robotics.ros-tcp-connector/Runtime/Messages/Nav/msg) by extensions ['colcon_meta']
[0.227s] Level 1:colcon.colcon_core.package_identification:_identify(src/ROS-TCP-Connector/com.unity.robotics.ros-tcp-connector/Runtime/Messages/Nav/msg) by extension 'colcon_meta'
[0.227s] Level 1:colcon.colcon_core.package_identification:_identify(src/ROS-TCP-Connector/com.unity.robotics.ros-tcp-connector/Runtime/Messages/Nav/msg) by extensions ['ros']
[0.227s] Level 1:colcon.colcon_core.package_identification:_identify(src/ROS-TCP-Connector/com.unity.robotics.ros-tcp-connector/Runtime/Messages/Nav/msg) by extension 'ros'
[0.227s] Level 1:colcon.colcon_core.package_identification:_identify(src/ROS-TCP-Connector/com.unity.robotics.ros-tcp-connector/Runtime/Messages/Nav/msg) by extensions ['cmake', 'python']
[0.227s] Level 1:colcon.colcon_core.package_identification:_identify(src/ROS-TCP-Connector/com.unity.robotics.ros-tcp-connector/Runtime/Messages/Nav/msg) by extension 'cmake'
[0.227s] Level 1:colcon.colcon_core.package_identification:_identify(src/ROS-TCP-Connector/com.unity.robotics.ros-tcp-connector/Runtime/Messages/Nav/msg) by extension 'python'
[0.227s] Level 1:colcon.colcon_core.package_identification:_identify(src/ROS-TCP-Connector/com.unity.robotics.ros-tcp-connector/Runtime/Messages/Nav/msg) by extensions ['python_setup_py']
[0.227s] Level 1:colcon.colcon_core.package_identification:_identify(src/ROS-TCP-Connector/com.unity.robotics.ros-tcp-connector/Runtime/Messages/Nav/msg) by extension 'python_setup_py'
[0.227s] Level 1:colcon.colcon_core.package_identification:_identify(src/ROS-TCP-Connector/com.unity.robotics.ros-tcp-connector/Runtime/Messages/Nav/srv) by extensions ['ignore', 'ignore_ament_install']
[0.227s] Level 1:colcon.colcon_core.package_identification:_identify(src/ROS-TCP-Connector/com.unity.robotics.ros-tcp-connector/Runtime/Messages/Nav/srv) by extension 'ignore'
[0.227s] Level 1:colcon.colcon_core.package_identification:_identify(src/ROS-TCP-Connector/com.unity.robotics.ros-tcp-connector/Runtime/Messages/Nav/srv) by extension 'ignore_ament_install'
[0.227s] Level 1:colcon.colcon_core.package_identification:_identify(src/ROS-TCP-Connector/com.unity.robotics.ros-tcp-connector/Runtime/Messages/Nav/srv) by extensions ['colcon_pkg']
[0.227s] Level 1:colcon.colcon_core.package_identification:_identify(src/ROS-TCP-Connector/com.unity.robotics.ros-tcp-connector/Runtime/Messages/Nav/srv) by extension 'colcon_pkg'
[0.227s] Level 1:colcon.colcon_core.package_identification:_identify(src/ROS-TCP-Connector/com.unity.robotics.ros-tcp-connector/Runtime/Messages/Nav/srv) by extensions ['colcon_meta']
[0.227s] Level 1:colcon.colcon_core.package_identification:_identify(src/ROS-TCP-Connector/com.unity.robotics.ros-tcp-connector/Runtime/Messages/Nav/srv) by extension 'colcon_meta'
[0.227s] Level 1:colcon.colcon_core.package_identification:_identify(src/ROS-TCP-Connector/com.unity.robotics.ros-tcp-connector/Runtime/Messages/Nav/srv) by extensions ['ros']
[0.227s] Level 1:colcon.colcon_core.package_identification:_identify(src/ROS-TCP-Connector/com.unity.robotics.ros-tcp-connector/Runtime/Messages/Nav/srv) by extension 'ros'
[0.227s] Level 1:colcon.colcon_core.package_identification:_identify(src/ROS-TCP-Connector/com.unity.robotics.ros-tcp-connector/Runtime/Messages/Nav/srv) by extensions ['cmake', 'python']
[0.227s] Level 1:colcon.colcon_core.package_identification:_identify(src/ROS-TCP-Connector/com.unity.robotics.ros-tcp-connector/Runtime/Messages/Nav/srv) by extension 'cmake'
[0.227s] Level 1:colcon.colcon_core.package_identification:_identify(src/ROS-TCP-Connector/com.unity.robotics.ros-tcp-connector/Runtime/Messages/Nav/srv) by extension 'python'
[0.227s] Level 1:colcon.colcon_core.package_identification:_identify(src/ROS-TCP-Connector/com.unity.robotics.ros-tcp-connector/Runtime/Messages/Nav/srv) by extensions ['python_setup_py']
[0.227s] Level 1:colcon.colcon_core.package_identification:_identify(src/ROS-TCP-Connector/com.unity.robotics.ros-tcp-connector/Runtime/Messages/Nav/srv) by extension 'python_setup_py'
[0.227s] Level 1:colcon.colcon_core.package_identification:_identify(src/ROS-TCP-Connector/com.unity.robotics.ros-tcp-connector/Runtime/Messages/ObjectRecognition) by extensions ['ignore', 'ignore_ament_install']
[0.227s] Level 1:colcon.colcon_core.package_identification:_identify(src/ROS-TCP-Connector/com.unity.robotics.ros-tcp-connector/Runtime/Messages/ObjectRecognition) by extension 'ignore'
[0.227s] Level 1:colcon.colcon_core.package_identification:_identify(src/ROS-TCP-Connector/com.unity.robotics.ros-tcp-connector/Runtime/Messages/ObjectRecognition) by extension 'ignore_ament_install'
[0.227s] Level 1:colcon.colcon_core.package_identification:_identify(src/ROS-TCP-Connector/com.unity.robotics.ros-tcp-connector/Runtime/Messages/ObjectRecognition) by extensions ['colcon_pkg']
[0.227s] Level 1:colcon.colcon_core.package_identification:_identify(src/ROS-TCP-Connector/com.unity.robotics.ros-tcp-connector/Runtime/Messages/ObjectRecognition) by extension 'colcon_pkg'
[0.227s] Level 1:colcon.colcon_core.package_identification:_identify(src/ROS-TCP-Connector/com.unity.robotics.ros-tcp-connector/Runtime/Messages/ObjectRecognition) by extensions ['colcon_meta']
[0.227s] Level 1:colcon.colcon_core.package_identification:_identify(src/ROS-TCP-Connector/com.unity.robotics.ros-tcp-connector/Runtime/Messages/ObjectRecognition) by extension 'colcon_meta'
[0.228s] Level 1:colcon.colcon_core.package_identification:_identify(src/ROS-TCP-Connector/com.unity.robotics.ros-tcp-connector/Runtime/Messages/ObjectRecognition) by extensions ['ros']
[0.228s] Level 1:colcon.colcon_core.package_identification:_identify(src/ROS-TCP-Connector/com.unity.robotics.ros-tcp-connector/Runtime/Messages/ObjectRecognition) by extension 'ros'
[0.228s] Level 1:colcon.colcon_core.package_identification:_identify(src/ROS-TCP-Connector/com.unity.robotics.ros-tcp-connector/Runtime/Messages/ObjectRecognition) by extensions ['cmake', 'python']
[0.228s] Level 1:colcon.colcon_core.package_identification:_identify(src/ROS-TCP-Connector/com.unity.robotics.ros-tcp-connector/Runtime/Messages/ObjectRecognition) by extension 'cmake'
[0.228s] Level 1:colcon.colcon_core.package_identification:_identify(src/ROS-TCP-Connector/com.unity.robotics.ros-tcp-connector/Runtime/Messages/ObjectRecognition) by extension 'python'
[0.228s] Level 1:colcon.colcon_core.package_identification:_identify(src/ROS-TCP-Connector/com.unity.robotics.ros-tcp-connector/Runtime/Messages/ObjectRecognition) by extensions ['python_setup_py']
[0.228s] Level 1:colcon.colcon_core.package_identification:_identify(src/ROS-TCP-Connector/com.unity.robotics.ros-tcp-connector/Runtime/Messages/ObjectRecognition) by extension 'python_setup_py'
[0.228s] Level 1:colcon.colcon_core.package_identification:_identify(src/ROS-TCP-Connector/com.unity.robotics.ros-tcp-connector/Runtime/Messages/ObjectRecognition/action) by extensions ['ignore', 'ignore_ament_install']
[0.228s] Level 1:colcon.colcon_core.package_identification:_identify(src/ROS-TCP-Connector/com.unity.robotics.ros-tcp-connector/Runtime/Messages/ObjectRecognition/action) by extension 'ignore'
[0.228s] Level 1:colcon.colcon_core.package_identification:_identify(src/ROS-TCP-Connector/com.unity.robotics.ros-tcp-connector/Runtime/Messages/ObjectRecognition/action) by extension 'ignore_ament_install'
[0.228s] Level 1:colcon.colcon_core.package_identification:_identify(src/ROS-TCP-Connector/com.unity.robotics.ros-tcp-connector/Runtime/Messages/ObjectRecognition/action) by extensions ['colcon_pkg']
[0.228s] Level 1:colcon.colcon_core.package_identification:_identify(src/ROS-TCP-Connector/com.unity.robotics.ros-tcp-connector/Runtime/Messages/ObjectRecognition/action) by extension 'colcon_pkg'
[0.228s] Level 1:colcon.colcon_core.package_identification:_identify(src/ROS-TCP-Connector/com.unity.robotics.ros-tcp-connector/Runtime/Messages/ObjectRecognition/action) by extensions ['colcon_meta']
[0.228s] Level 1:colcon.colcon_core.package_identification:_identify(src/ROS-TCP-Connector/com.unity.robotics.ros-tcp-connector/Runtime/Messages/ObjectRecognition/action) by extension 'colcon_meta'
[0.228s] Level 1:colcon.colcon_core.package_identification:_identify(src/ROS-TCP-Connector/com.unity.robotics.ros-tcp-connector/Runtime/Messages/ObjectRecognition/action) by extensions ['ros']
[0.228s] Level 1:colcon.colcon_core.package_identification:_identify(src/ROS-TCP-Connector/com.unity.robotics.ros-tcp-connector/Runtime/Messages/ObjectRecognition/action) by extension 'ros'
[0.228s] Level 1:colcon.colcon_core.package_identification:_identify(src/ROS-TCP-Connector/com.unity.robotics.ros-tcp-connector/Runtime/Messages/ObjectRecognition/action) by extensions ['cmake', 'python']
[0.228s] Level 1:colcon.colcon_core.package_identification:_identify(src/ROS-TCP-Connector/com.unity.robotics.ros-tcp-connector/Runtime/Messages/ObjectRecognition/action) by extension 'cmake'
[0.228s] Level 1:colcon.colcon_core.package_identification:_identify(src/ROS-TCP-Connector/com.unity.robotics.ros-tcp-connector/Runtime/Messages/ObjectRecognition/action) by extension 'python'
[0.228s] Level 1:colcon.colcon_core.package_identification:_identify(src/ROS-TCP-Connector/com.unity.robotics.ros-tcp-connector/Runtime/Messages/ObjectRecognition/action) by extensions ['python_setup_py']
[0.228s] Level 1:colcon.colcon_core.package_identification:_identify(src/ROS-TCP-Connector/com.unity.robotics.ros-tcp-connector/Runtime/Messages/ObjectRecognition/action) by extension 'python_setup_py'
[0.228s] Level 1:colcon.colcon_core.package_identification:_identify(src/ROS-TCP-Connector/com.unity.robotics.ros-tcp-connector/Runtime/Messages/ObjectRecognition/msg) by extensions ['ignore', 'ignore_ament_install']
[0.228s] Level 1:colcon.colcon_core.package_identification:_identify(src/ROS-TCP-Connector/com.unity.robotics.ros-tcp-connector/Runtime/Messages/ObjectRecognition/msg) by extension 'ignore'
[0.228s] Level 1:colcon.colcon_core.package_identification:_identify(src/ROS-TCP-Connector/com.unity.robotics.ros-tcp-connector/Runtime/Messages/ObjectRecognition/msg) by extension 'ignore_ament_install'
[0.228s] Level 1:colcon.colcon_core.package_identification:_identify(src/ROS-TCP-Connector/com.unity.robotics.ros-tcp-connector/Runtime/Messages/ObjectRecognition/msg) by extensions ['colcon_pkg']
[0.228s] Level 1:colcon.colcon_core.package_identification:_identify(src/ROS-TCP-Connector/com.unity.robotics.ros-tcp-connector/Runtime/Messages/ObjectRecognition/msg) by extension 'colcon_pkg'
[0.228s] Level 1:colcon.colcon_core.package_identification:_identify(src/ROS-TCP-Connector/com.unity.robotics.ros-tcp-connector/Runtime/Messages/ObjectRecognition/msg) by extensions ['colcon_meta']
[0.228s] Level 1:colcon.colcon_core.package_identification:_identify(src/ROS-TCP-Connector/com.unity.robotics.ros-tcp-connector/Runtime/Messages/ObjectRecognition/msg) by extension 'colcon_meta'
[0.228s] Level 1:colcon.colcon_core.package_identification:_identify(src/ROS-TCP-Connector/com.unity.robotics.ros-tcp-connector/Runtime/Messages/ObjectRecognition/msg) by extensions ['ros']
[0.228s] Level 1:colcon.colcon_core.package_identification:_identify(src/ROS-TCP-Connector/com.unity.robotics.ros-tcp-connector/Runtime/Messages/ObjectRecognition/msg) by extension 'ros'
[0.228s] Level 1:colcon.colcon_core.package_identification:_identify(src/ROS-TCP-Connector/com.unity.robotics.ros-tcp-connector/Runtime/Messages/ObjectRecognition/msg) by extensions ['cmake', 'python']
[0.228s] Level 1:colcon.colcon_core.package_identification:_identify(src/ROS-TCP-Connector/com.unity.robotics.ros-tcp-connector/Runtime/Messages/ObjectRecognition/msg) by extension 'cmake'
[0.228s] Level 1:colcon.colcon_core.package_identification:_identify(src/ROS-TCP-Connector/com.unity.robotics.ros-tcp-connector/Runtime/Messages/ObjectRecognition/msg) by extension 'python'
[0.228s] Level 1:colcon.colcon_core.package_identification:_identify(src/ROS-TCP-Connector/com.unity.robotics.ros-tcp-connector/Runtime/Messages/ObjectRecognition/msg) by extensions ['python_setup_py']
[0.228s] Level 1:colcon.colcon_core.package_identification:_identify(src/ROS-TCP-Connector/com.unity.robotics.ros-tcp-connector/Runtime/Messages/ObjectRecognition/msg) by extension 'python_setup_py'
[0.228s] Level 1:colcon.colcon_core.package_identification:_identify(src/ROS-TCP-Connector/com.unity.robotics.ros-tcp-connector/Runtime/Messages/ObjectRecognition/srv) by extensions ['ignore', 'ignore_ament_install']
[0.228s] Level 1:colcon.colcon_core.package_identification:_identify(src/ROS-TCP-Connector/com.unity.robotics.ros-tcp-connector/Runtime/Messages/ObjectRecognition/srv) by extension 'ignore'
[0.228s] Level 1:colcon.colcon_core.package_identification:_identify(src/ROS-TCP-Connector/com.unity.robotics.ros-tcp-connector/Runtime/Messages/ObjectRecognition/srv) by extension 'ignore_ament_install'
[0.228s] Level 1:colcon.colcon_core.package_identification:_identify(src/ROS-TCP-Connector/com.unity.robotics.ros-tcp-connector/Runtime/Messages/ObjectRecognition/srv) by extensions ['colcon_pkg']
[0.228s] Level 1:colcon.colcon_core.package_identification:_identify(src/ROS-TCP-Connector/com.unity.robotics.ros-tcp-connector/Runtime/Messages/ObjectRecognition/srv) by extension 'colcon_pkg'
[0.228s] Level 1:colcon.colcon_core.package_identification:_identify(src/ROS-TCP-Connector/com.unity.robotics.ros-tcp-connector/Runtime/Messages/ObjectRecognition/srv) by extensions ['colcon_meta']
[0.228s] Level 1:colcon.colcon_core.package_identification:_identify(src/ROS-TCP-Connector/com.unity.robotics.ros-tcp-connector/Runtime/Messages/ObjectRecognition/srv) by extension 'colcon_meta'
[0.228s] Level 1:colcon.colcon_core.package_identification:_identify(src/ROS-TCP-Connector/com.unity.robotics.ros-tcp-connector/Runtime/Messages/ObjectRecognition/srv) by extensions ['ros']
[0.228s] Level 1:colcon.colcon_core.package_identification:_identify(src/ROS-TCP-Connector/com.unity.robotics.ros-tcp-connector/Runtime/Messages/ObjectRecognition/srv) by extension 'ros'
[0.228s] Level 1:colcon.colcon_core.package_identification:_identify(src/ROS-TCP-Connector/com.unity.robotics.ros-tcp-connector/Runtime/Messages/ObjectRecognition/srv) by extensions ['cmake', 'python']
[0.228s] Level 1:colcon.colcon_core.package_identification:_identify(src/ROS-TCP-Connector/com.unity.robotics.ros-tcp-connector/Runtime/Messages/ObjectRecognition/srv) by extension 'cmake'
[0.228s] Level 1:colcon.colcon_core.package_identification:_identify(src/ROS-TCP-Connector/com.unity.robotics.ros-tcp-connector/Runtime/Messages/ObjectRecognition/srv) by extension 'python'
[0.228s] Level 1:colcon.colcon_core.package_identification:_identify(src/ROS-TCP-Connector/com.unity.robotics.ros-tcp-connector/Runtime/Messages/ObjectRecognition/srv) by extensions ['python_setup_py']
[0.228s] Level 1:colcon.colcon_core.package_identification:_identify(src/ROS-TCP-Connector/com.unity.robotics.ros-tcp-connector/Runtime/Messages/ObjectRecognition/srv) by extension 'python_setup_py'
[0.228s] Level 1:colcon.colcon_core.package_identification:_identify(src/ROS-TCP-Connector/com.unity.robotics.ros-tcp-connector/Runtime/Messages/Octomap) by extensions ['ignore', 'ignore_ament_install']
[0.228s] Level 1:colcon.colcon_core.package_identification:_identify(src/ROS-TCP-Connector/com.unity.robotics.ros-tcp-connector/Runtime/Messages/Octomap) by extension 'ignore'
[0.228s] Level 1:colcon.colcon_core.package_identification:_identify(src/ROS-TCP-Connector/com.unity.robotics.ros-tcp-connector/Runtime/Messages/Octomap) by extension 'ignore_ament_install'
[0.229s] Level 1:colcon.colcon_core.package_identification:_identify(src/ROS-TCP-Connector/com.unity.robotics.ros-tcp-connector/Runtime/Messages/Octomap) by extensions ['colcon_pkg']
[0.229s] Level 1:colcon.colcon_core.package_identification:_identify(src/ROS-TCP-Connector/com.unity.robotics.ros-tcp-connector/Runtime/Messages/Octomap) by extension 'colcon_pkg'
[0.229s] Level 1:colcon.colcon_core.package_identification:_identify(src/ROS-TCP-Connector/com.unity.robotics.ros-tcp-connector/Runtime/Messages/Octomap) by extensions ['colcon_meta']
[0.229s] Level 1:colcon.colcon_core.package_identification:_identify(src/ROS-TCP-Connector/com.unity.robotics.ros-tcp-connector/Runtime/Messages/Octomap) by extension 'colcon_meta'
[0.229s] Level 1:colcon.colcon_core.package_identification:_identify(src/ROS-TCP-Connector/com.unity.robotics.ros-tcp-connector/Runtime/Messages/Octomap) by extensions ['ros']
[0.229s] Level 1:colcon.colcon_core.package_identification:_identify(src/ROS-TCP-Connector/com.unity.robotics.ros-tcp-connector/Runtime/Messages/Octomap) by extension 'ros'
[0.229s] Level 1:colcon.colcon_core.package_identification:_identify(src/ROS-TCP-Connector/com.unity.robotics.ros-tcp-connector/Runtime/Messages/Octomap) by extensions ['cmake', 'python']
[0.229s] Level 1:colcon.colcon_core.package_identification:_identify(src/ROS-TCP-Connector/com.unity.robotics.ros-tcp-connector/Runtime/Messages/Octomap) by extension 'cmake'
[0.229s] Level 1:colcon.colcon_core.package_identification:_identify(src/ROS-TCP-Connector/com.unity.robotics.ros-tcp-connector/Runtime/Messages/Octomap) by extension 'python'
[0.229s] Level 1:colcon.colcon_core.package_identification:_identify(src/ROS-TCP-Connector/com.unity.robotics.ros-tcp-connector/Runtime/Messages/Octomap) by extensions ['python_setup_py']
[0.229s] Level 1:colcon.colcon_core.package_identification:_identify(src/ROS-TCP-Connector/com.unity.robotics.ros-tcp-connector/Runtime/Messages/Octomap) by extension 'python_setup_py'
[0.229s] Level 1:colcon.colcon_core.package_identification:_identify(src/ROS-TCP-Connector/com.unity.robotics.ros-tcp-connector/Runtime/Messages/Octomap/msg) by extensions ['ignore', 'ignore_ament_install']
[0.229s] Level 1:colcon.colcon_core.package_identification:_identify(src/ROS-TCP-Connector/com.unity.robotics.ros-tcp-connector/Runtime/Messages/Octomap/msg) by extension 'ignore'
[0.229s] Level 1:colcon.colcon_core.package_identification:_identify(src/ROS-TCP-Connector/com.unity.robotics.ros-tcp-connector/Runtime/Messages/Octomap/msg) by extension 'ignore_ament_install'
[0.229s] Level 1:colcon.colcon_core.package_identification:_identify(src/ROS-TCP-Connector/com.unity.robotics.ros-tcp-connector/Runtime/Messages/Octomap/msg) by extensions ['colcon_pkg']
[0.229s] Level 1:colcon.colcon_core.package_identification:_identify(src/ROS-TCP-Connector/com.unity.robotics.ros-tcp-connector/Runtime/Messages/Octomap/msg) by extension 'colcon_pkg'
[0.229s] Level 1:colcon.colcon_core.package_identification:_identify(src/ROS-TCP-Connector/com.unity.robotics.ros-tcp-connector/Runtime/Messages/Octomap/msg) by extensions ['colcon_meta']
[0.229s] Level 1:colcon.colcon_core.package_identification:_identify(src/ROS-TCP-Connector/com.unity.robotics.ros-tcp-connector/Runtime/Messages/Octomap/msg) by extension 'colcon_meta'
[0.229s] Level 1:colcon.colcon_core.package_identification:_identify(src/ROS-TCP-Connector/com.unity.robotics.ros-tcp-connector/Runtime/Messages/Octomap/msg) by extensions ['ros']
[0.229s] Level 1:colcon.colcon_core.package_identification:_identify(src/ROS-TCP-Connector/com.unity.robotics.ros-tcp-connector/Runtime/Messages/Octomap/msg) by extension 'ros'
[0.229s] Level 1:colcon.colcon_core.package_identification:_identify(src/ROS-TCP-Connector/com.unity.robotics.ros-tcp-connector/Runtime/Messages/Octomap/msg) by extensions ['cmake', 'python']
[0.229s] Level 1:colcon.colcon_core.package_identification:_identify(src/ROS-TCP-Connector/com.unity.robotics.ros-tcp-connector/Runtime/Messages/Octomap/msg) by extension 'cmake'
[0.229s] Level 1:colcon.colcon_core.package_identification:_identify(src/ROS-TCP-Connector/com.unity.robotics.ros-tcp-connector/Runtime/Messages/Octomap/msg) by extension 'python'
[0.229s] Level 1:colcon.colcon_core.package_identification:_identify(src/ROS-TCP-Connector/com.unity.robotics.ros-tcp-connector/Runtime/Messages/Octomap/msg) by extensions ['python_setup_py']
[0.229s] Level 1:colcon.colcon_core.package_identification:_identify(src/ROS-TCP-Connector/com.unity.robotics.ros-tcp-connector/Runtime/Messages/Octomap/msg) by extension 'python_setup_py'
[0.229s] Level 1:colcon.colcon_core.package_identification:_identify(src/ROS-TCP-Connector/com.unity.robotics.ros-tcp-connector/Runtime/Messages/Octomap/srv) by extensions ['ignore', 'ignore_ament_install']
[0.229s] Level 1:colcon.colcon_core.package_identification:_identify(src/ROS-TCP-Connector/com.unity.robotics.ros-tcp-connector/Runtime/Messages/Octomap/srv) by extension 'ignore'
[0.229s] Level 1:colcon.colcon_core.package_identification:_identify(src/ROS-TCP-Connector/com.unity.robotics.ros-tcp-connector/Runtime/Messages/Octomap/srv) by extension 'ignore_ament_install'
[0.229s] Level 1:colcon.colcon_core.package_identification:_identify(src/ROS-TCP-Connector/com.unity.robotics.ros-tcp-connector/Runtime/Messages/Octomap/srv) by extensions ['colcon_pkg']
[0.229s] Level 1:colcon.colcon_core.package_identification:_identify(src/ROS-TCP-Connector/com.unity.robotics.ros-tcp-connector/Runtime/Messages/Octomap/srv) by extension 'colcon_pkg'
[0.229s] Level 1:colcon.colcon_core.package_identification:_identify(src/ROS-TCP-Connector/com.unity.robotics.ros-tcp-connector/Runtime/Messages/Octomap/srv) by extensions ['colcon_meta']
[0.229s] Level 1:colcon.colcon_core.package_identification:_identify(src/ROS-TCP-Connector/com.unity.robotics.ros-tcp-connector/Runtime/Messages/Octomap/srv) by extension 'colcon_meta'
[0.229s] Level 1:colcon.colcon_core.package_identification:_identify(src/ROS-TCP-Connector/com.unity.robotics.ros-tcp-connector/Runtime/Messages/Octomap/srv) by extensions ['ros']
[0.229s] Level 1:colcon.colcon_core.package_identification:_identify(src/ROS-TCP-Connector/com.unity.robotics.ros-tcp-connector/Runtime/Messages/Octomap/srv) by extension 'ros'
[0.229s] Level 1:colcon.colcon_core.package_identification:_identify(src/ROS-TCP-Connector/com.unity.robotics.ros-tcp-connector/Runtime/Messages/Octomap/srv) by extensions ['cmake', 'python']
[0.229s] Level 1:colcon.colcon_core.package_identification:_identify(src/ROS-TCP-Connector/com.unity.robotics.ros-tcp-connector/Runtime/Messages/Octomap/srv) by extension 'cmake'
[0.229s] Level 1:colcon.colcon_core.package_identification:_identify(src/ROS-TCP-Connector/com.unity.robotics.ros-tcp-connector/Runtime/Messages/Octomap/srv) by extension 'python'
[0.229s] Level 1:colcon.colcon_core.package_identification:_identify(src/ROS-TCP-Connector/com.unity.robotics.ros-tcp-connector/Runtime/Messages/Octomap/srv) by extensions ['python_setup_py']
[0.229s] Level 1:colcon.colcon_core.package_identification:_identify(src/ROS-TCP-Connector/com.unity.robotics.ros-tcp-connector/Runtime/Messages/Octomap/srv) by extension 'python_setup_py'
[0.229s] Level 1:colcon.colcon_core.package_identification:_identify(src/ROS-TCP-Connector/com.unity.robotics.ros-tcp-connector/Runtime/Messages/Rosgraph) by extensions ['ignore', 'ignore_ament_install']
[0.229s] Level 1:colcon.colcon_core.package_identification:_identify(src/ROS-TCP-Connector/com.unity.robotics.ros-tcp-connector/Runtime/Messages/Rosgraph) by extension 'ignore'
[0.229s] Level 1:colcon.colcon_core.package_identification:_identify(src/ROS-TCP-Connector/com.unity.robotics.ros-tcp-connector/Runtime/Messages/Rosgraph) by extension 'ignore_ament_install'
[0.229s] Level 1:colcon.colcon_core.package_identification:_identify(src/ROS-TCP-Connector/com.unity.robotics.ros-tcp-connector/Runtime/Messages/Rosgraph) by extensions ['colcon_pkg']
[0.229s] Level 1:colcon.colcon_core.package_identification:_identify(src/ROS-TCP-Connector/com.unity.robotics.ros-tcp-connector/Runtime/Messages/Rosgraph) by extension 'colcon_pkg'
[0.229s] Level 1:colcon.colcon_core.package_identification:_identify(src/ROS-TCP-Connector/com.unity.robotics.ros-tcp-connector/Runtime/Messages/Rosgraph) by extensions ['colcon_meta']
[0.229s] Level 1:colcon.colcon_core.package_identification:_identify(src/ROS-TCP-Connector/com.unity.robotics.ros-tcp-connector/Runtime/Messages/Rosgraph) by extension 'colcon_meta'
[0.229s] Level 1:colcon.colcon_core.package_identification:_identify(src/ROS-TCP-Connector/com.unity.robotics.ros-tcp-connector/Runtime/Messages/Rosgraph) by extensions ['ros']
[0.229s] Level 1:colcon.colcon_core.package_identification:_identify(src/ROS-TCP-Connector/com.unity.robotics.ros-tcp-connector/Runtime/Messages/Rosgraph) by extension 'ros'
[0.229s] Level 1:colcon.colcon_core.package_identification:_identify(src/ROS-TCP-Connector/com.unity.robotics.ros-tcp-connector/Runtime/Messages/Rosgraph) by extensions ['cmake', 'python']
[0.229s] Level 1:colcon.colcon_core.package_identification:_identify(src/ROS-TCP-Connector/com.unity.robotics.ros-tcp-connector/Runtime/Messages/Rosgraph) by extension 'cmake'
[0.229s] Level 1:colcon.colcon_core.package_identification:_identify(src/ROS-TCP-Connector/com.unity.robotics.ros-tcp-connector/Runtime/Messages/Rosgraph) by extension 'python'
[0.229s] Level 1:colcon.colcon_core.package_identification:_identify(src/ROS-TCP-Connector/com.unity.robotics.ros-tcp-connector/Runtime/Messages/Rosgraph) by extensions ['python_setup_py']
[0.229s] Level 1:colcon.colcon_core.package_identification:_identify(src/ROS-TCP-Connector/com.unity.robotics.ros-tcp-connector/Runtime/Messages/Rosgraph) by extension 'python_setup_py'
[0.229s] Level 1:colcon.colcon_core.package_identification:_identify(src/ROS-TCP-Connector/com.unity.robotics.ros-tcp-connector/Runtime/Messages/Rosgraph/msg) by extensions ['ignore', 'ignore_ament_install']
[0.230s] Level 1:colcon.colcon_core.package_identification:_identify(src/ROS-TCP-Connector/com.unity.robotics.ros-tcp-connector/Runtime/Messages/Rosgraph/msg) by extension 'ignore'
[0.230s] Level 1:colcon.colcon_core.package_identification:_identify(src/ROS-TCP-Connector/com.unity.robotics.ros-tcp-connector/Runtime/Messages/Rosgraph/msg) by extension 'ignore_ament_install'
[0.230s] Level 1:colcon.colcon_core.package_identification:_identify(src/ROS-TCP-Connector/com.unity.robotics.ros-tcp-connector/Runtime/Messages/Rosgraph/msg) by extensions ['colcon_pkg']
[0.230s] Level 1:colcon.colcon_core.package_identification:_identify(src/ROS-TCP-Connector/com.unity.robotics.ros-tcp-connector/Runtime/Messages/Rosgraph/msg) by extension 'colcon_pkg'
[0.230s] Level 1:colcon.colcon_core.package_identification:_identify(src/ROS-TCP-Connector/com.unity.robotics.ros-tcp-connector/Runtime/Messages/Rosgraph/msg) by extensions ['colcon_meta']
[0.230s] Level 1:colcon.colcon_core.package_identification:_identify(src/ROS-TCP-Connector/com.unity.robotics.ros-tcp-connector/Runtime/Messages/Rosgraph/msg) by extension 'colcon_meta'
[0.230s] Level 1:colcon.colcon_core.package_identification:_identify(src/ROS-TCP-Connector/com.unity.robotics.ros-tcp-connector/Runtime/Messages/Rosgraph/msg) by extensions ['ros']
[0.230s] Level 1:colcon.colcon_core.package_identification:_identify(src/ROS-TCP-Connector/com.unity.robotics.ros-tcp-connector/Runtime/Messages/Rosgraph/msg) by extension 'ros'
[0.230s] Level 1:colcon.colcon_core.package_identification:_identify(src/ROS-TCP-Connector/com.unity.robotics.ros-tcp-connector/Runtime/Messages/Rosgraph/msg) by extensions ['cmake', 'python']
[0.230s] Level 1:colcon.colcon_core.package_identification:_identify(src/ROS-TCP-Connector/com.unity.robotics.ros-tcp-connector/Runtime/Messages/Rosgraph/msg) by extension 'cmake'
[0.230s] Level 1:colcon.colcon_core.package_identification:_identify(src/ROS-TCP-Connector/com.unity.robotics.ros-tcp-connector/Runtime/Messages/Rosgraph/msg) by extension 'python'
[0.230s] Level 1:colcon.colcon_core.package_identification:_identify(src/ROS-TCP-Connector/com.unity.robotics.ros-tcp-connector/Runtime/Messages/Rosgraph/msg) by extensions ['python_setup_py']
[0.230s] Level 1:colcon.colcon_core.package_identification:_identify(src/ROS-TCP-Connector/com.unity.robotics.ros-tcp-connector/Runtime/Messages/Rosgraph/msg) by extension 'python_setup_py'
[0.230s] Level 1:colcon.colcon_core.package_identification:_identify(src/ROS-TCP-Connector/com.unity.robotics.ros-tcp-connector/Runtime/Messages/Sensor) by extensions ['ignore', 'ignore_ament_install']
[0.230s] Level 1:colcon.colcon_core.package_identification:_identify(src/ROS-TCP-Connector/com.unity.robotics.ros-tcp-connector/Runtime/Messages/Sensor) by extension 'ignore'
[0.230s] Level 1:colcon.colcon_core.package_identification:_identify(src/ROS-TCP-Connector/com.unity.robotics.ros-tcp-connector/Runtime/Messages/Sensor) by extension 'ignore_ament_install'
[0.230s] Level 1:colcon.colcon_core.package_identification:_identify(src/ROS-TCP-Connector/com.unity.robotics.ros-tcp-connector/Runtime/Messages/Sensor) by extensions ['colcon_pkg']
[0.230s] Level 1:colcon.colcon_core.package_identification:_identify(src/ROS-TCP-Connector/com.unity.robotics.ros-tcp-connector/Runtime/Messages/Sensor) by extension 'colcon_pkg'
[0.230s] Level 1:colcon.colcon_core.package_identification:_identify(src/ROS-TCP-Connector/com.unity.robotics.ros-tcp-connector/Runtime/Messages/Sensor) by extensions ['colcon_meta']
[0.230s] Level 1:colcon.colcon_core.package_identification:_identify(src/ROS-TCP-Connector/com.unity.robotics.ros-tcp-connector/Runtime/Messages/Sensor) by extension 'colcon_meta'
[0.230s] Level 1:colcon.colcon_core.package_identification:_identify(src/ROS-TCP-Connector/com.unity.robotics.ros-tcp-connector/Runtime/Messages/Sensor) by extensions ['ros']
[0.230s] Level 1:colcon.colcon_core.package_identification:_identify(src/ROS-TCP-Connector/com.unity.robotics.ros-tcp-connector/Runtime/Messages/Sensor) by extension 'ros'
[0.230s] Level 1:colcon.colcon_core.package_identification:_identify(src/ROS-TCP-Connector/com.unity.robotics.ros-tcp-connector/Runtime/Messages/Sensor) by extensions ['cmake', 'python']
[0.230s] Level 1:colcon.colcon_core.package_identification:_identify(src/ROS-TCP-Connector/com.unity.robotics.ros-tcp-connector/Runtime/Messages/Sensor) by extension 'cmake'
[0.230s] Level 1:colcon.colcon_core.package_identification:_identify(src/ROS-TCP-Connector/com.unity.robotics.ros-tcp-connector/Runtime/Messages/Sensor) by extension 'python'
[0.230s] Level 1:colcon.colcon_core.package_identification:_identify(src/ROS-TCP-Connector/com.unity.robotics.ros-tcp-connector/Runtime/Messages/Sensor) by extensions ['python_setup_py']
[0.230s] Level 1:colcon.colcon_core.package_identification:_identify(src/ROS-TCP-Connector/com.unity.robotics.ros-tcp-connector/Runtime/Messages/Sensor) by extension 'python_setup_py'
[0.230s] Level 1:colcon.colcon_core.package_identification:_identify(src/ROS-TCP-Connector/com.unity.robotics.ros-tcp-connector/Runtime/Messages/Sensor/msg) by extensions ['ignore', 'ignore_ament_install']
[0.230s] Level 1:colcon.colcon_core.package_identification:_identify(src/ROS-TCP-Connector/com.unity.robotics.ros-tcp-connector/Runtime/Messages/Sensor/msg) by extension 'ignore'
[0.230s] Level 1:colcon.colcon_core.package_identification:_identify(src/ROS-TCP-Connector/com.unity.robotics.ros-tcp-connector/Runtime/Messages/Sensor/msg) by extension 'ignore_ament_install'
[0.230s] Level 1:colcon.colcon_core.package_identification:_identify(src/ROS-TCP-Connector/com.unity.robotics.ros-tcp-connector/Runtime/Messages/Sensor/msg) by extensions ['colcon_pkg']
[0.230s] Level 1:colcon.colcon_core.package_identification:_identify(src/ROS-TCP-Connector/com.unity.robotics.ros-tcp-connector/Runtime/Messages/Sensor/msg) by extension 'colcon_pkg'
[0.230s] Level 1:colcon.colcon_core.package_identification:_identify(src/ROS-TCP-Connector/com.unity.robotics.ros-tcp-connector/Runtime/Messages/Sensor/msg) by extensions ['colcon_meta']
[0.230s] Level 1:colcon.colcon_core.package_identification:_identify(src/ROS-TCP-Connector/com.unity.robotics.ros-tcp-connector/Runtime/Messages/Sensor/msg) by extension 'colcon_meta'
[0.230s] Level 1:colcon.colcon_core.package_identification:_identify(src/ROS-TCP-Connector/com.unity.robotics.ros-tcp-connector/Runtime/Messages/Sensor/msg) by extensions ['ros']
[0.230s] Level 1:colcon.colcon_core.package_identification:_identify(src/ROS-TCP-Connector/com.unity.robotics.ros-tcp-connector/Runtime/Messages/Sensor/msg) by extension 'ros'
[0.230s] Level 1:colcon.colcon_core.package_identification:_identify(src/ROS-TCP-Connector/com.unity.robotics.ros-tcp-connector/Runtime/Messages/Sensor/msg) by extensions ['cmake', 'python']
[0.230s] Level 1:colcon.colcon_core.package_identification:_identify(src/ROS-TCP-Connector/com.unity.robotics.ros-tcp-connector/Runtime/Messages/Sensor/msg) by extension 'cmake'
[0.230s] Level 1:colcon.colcon_core.package_identification:_identify(src/ROS-TCP-Connector/com.unity.robotics.ros-tcp-connector/Runtime/Messages/Sensor/msg) by extension 'python'
[0.230s] Level 1:colcon.colcon_core.package_identification:_identify(src/ROS-TCP-Connector/com.unity.robotics.ros-tcp-connector/Runtime/Messages/Sensor/msg) by extensions ['python_setup_py']
[0.230s] Level 1:colcon.colcon_core.package_identification:_identify(src/ROS-TCP-Connector/com.unity.robotics.ros-tcp-connector/Runtime/Messages/Sensor/msg) by extension 'python_setup_py'
[0.230s] Level 1:colcon.colcon_core.package_identification:_identify(src/ROS-TCP-Connector/com.unity.robotics.ros-tcp-connector/Runtime/Messages/Sensor/srv) by extensions ['ignore', 'ignore_ament_install']
[0.230s] Level 1:colcon.colcon_core.package_identification:_identify(src/ROS-TCP-Connector/com.unity.robotics.ros-tcp-connector/Runtime/Messages/Sensor/srv) by extension 'ignore'
[0.230s] Level 1:colcon.colcon_core.package_identification:_identify(src/ROS-TCP-Connector/com.unity.robotics.ros-tcp-connector/Runtime/Messages/Sensor/srv) by extension 'ignore_ament_install'
[0.230s] Level 1:colcon.colcon_core.package_identification:_identify(src/ROS-TCP-Connector/com.unity.robotics.ros-tcp-connector/Runtime/Messages/Sensor/srv) by extensions ['colcon_pkg']
[0.230s] Level 1:colcon.colcon_core.package_identification:_identify(src/ROS-TCP-Connector/com.unity.robotics.ros-tcp-connector/Runtime/Messages/Sensor/srv) by extension 'colcon_pkg'
[0.230s] Level 1:colcon.colcon_core.package_identification:_identify(src/ROS-TCP-Connector/com.unity.robotics.ros-tcp-connector/Runtime/Messages/Sensor/srv) by extensions ['colcon_meta']
[0.230s] Level 1:colcon.colcon_core.package_identification:_identify(src/ROS-TCP-Connector/com.unity.robotics.ros-tcp-connector/Runtime/Messages/Sensor/srv) by extension 'colcon_meta'
[0.230s] Level 1:colcon.colcon_core.package_identification:_identify(src/ROS-TCP-Connector/com.unity.robotics.ros-tcp-connector/Runtime/Messages/Sensor/srv) by extensions ['ros']
[0.230s] Level 1:colcon.colcon_core.package_identification:_identify(src/ROS-TCP-Connector/com.unity.robotics.ros-tcp-connector/Runtime/Messages/Sensor/srv) by extension 'ros'
[0.231s] Level 1:colcon.colcon_core.package_identification:_identify(src/ROS-TCP-Connector/com.unity.robotics.ros-tcp-connector/Runtime/Messages/Sensor/srv) by extensions ['cmake', 'python']
[0.231s] Level 1:colcon.colcon_core.package_identification:_identify(src/ROS-TCP-Connector/com.unity.robotics.ros-tcp-connector/Runtime/Messages/Sensor/srv) by extension 'cmake'
[0.231s] Level 1:colcon.colcon_core.package_identification:_identify(src/ROS-TCP-Connector/com.unity.robotics.ros-tcp-connector/Runtime/Messages/Sensor/srv) by extension 'python'
[0.231s] Level 1:colcon.colcon_core.package_identification:_identify(src/ROS-TCP-Connector/com.unity.robotics.ros-tcp-connector/Runtime/Messages/Sensor/srv) by extensions ['python_setup_py']
[0.231s] Level 1:colcon.colcon_core.package_identification:_identify(src/ROS-TCP-Connector/com.unity.robotics.ros-tcp-connector/Runtime/Messages/Sensor/srv) by extension 'python_setup_py'
[0.231s] Level 1:colcon.colcon_core.package_identification:_identify(src/ROS-TCP-Connector/com.unity.robotics.ros-tcp-connector/Runtime/Messages/Shape) by extensions ['ignore', 'ignore_ament_install']
[0.231s] Level 1:colcon.colcon_core.package_identification:_identify(src/ROS-TCP-Connector/com.unity.robotics.ros-tcp-connector/Runtime/Messages/Shape) by extension 'ignore'
[0.231s] Level 1:colcon.colcon_core.package_identification:_identify(src/ROS-TCP-Connector/com.unity.robotics.ros-tcp-connector/Runtime/Messages/Shape) by extension 'ignore_ament_install'
[0.231s] Level 1:colcon.colcon_core.package_identification:_identify(src/ROS-TCP-Connector/com.unity.robotics.ros-tcp-connector/Runtime/Messages/Shape) by extensions ['colcon_pkg']
[0.231s] Level 1:colcon.colcon_core.package_identification:_identify(src/ROS-TCP-Connector/com.unity.robotics.ros-tcp-connector/Runtime/Messages/Shape) by extension 'colcon_pkg'
[0.231s] Level 1:colcon.colcon_core.package_identification:_identify(src/ROS-TCP-Connector/com.unity.robotics.ros-tcp-connector/Runtime/Messages/Shape) by extensions ['colcon_meta']
[0.231s] Level 1:colcon.colcon_core.package_identification:_identify(src/ROS-TCP-Connector/com.unity.robotics.ros-tcp-connector/Runtime/Messages/Shape) by extension 'colcon_meta'
[0.231s] Level 1:colcon.colcon_core.package_identification:_identify(src/ROS-TCP-Connector/com.unity.robotics.ros-tcp-connector/Runtime/Messages/Shape) by extensions ['ros']
[0.231s] Level 1:colcon.colcon_core.package_identification:_identify(src/ROS-TCP-Connector/com.unity.robotics.ros-tcp-connector/Runtime/Messages/Shape) by extension 'ros'
[0.231s] Level 1:colcon.colcon_core.package_identification:_identify(src/ROS-TCP-Connector/com.unity.robotics.ros-tcp-connector/Runtime/Messages/Shape) by extensions ['cmake', 'python']
[0.231s] Level 1:colcon.colcon_core.package_identification:_identify(src/ROS-TCP-Connector/com.unity.robotics.ros-tcp-connector/Runtime/Messages/Shape) by extension 'cmake'
[0.231s] Level 1:colcon.colcon_core.package_identification:_identify(src/ROS-TCP-Connector/com.unity.robotics.ros-tcp-connector/Runtime/Messages/Shape) by extension 'python'
[0.231s] Level 1:colcon.colcon_core.package_identification:_identify(src/ROS-TCP-Connector/com.unity.robotics.ros-tcp-connector/Runtime/Messages/Shape) by extensions ['python_setup_py']
[0.231s] Level 1:colcon.colcon_core.package_identification:_identify(src/ROS-TCP-Connector/com.unity.robotics.ros-tcp-connector/Runtime/Messages/Shape) by extension 'python_setup_py'
[0.231s] Level 1:colcon.colcon_core.package_identification:_identify(src/ROS-TCP-Connector/com.unity.robotics.ros-tcp-connector/Runtime/Messages/Shape/msg) by extensions ['ignore', 'ignore_ament_install']
[0.231s] Level 1:colcon.colcon_core.package_identification:_identify(src/ROS-TCP-Connector/com.unity.robotics.ros-tcp-connector/Runtime/Messages/Shape/msg) by extension 'ignore'
[0.231s] Level 1:colcon.colcon_core.package_identification:_identify(src/ROS-TCP-Connector/com.unity.robotics.ros-tcp-connector/Runtime/Messages/Shape/msg) by extension 'ignore_ament_install'
[0.231s] Level 1:colcon.colcon_core.package_identification:_identify(src/ROS-TCP-Connector/com.unity.robotics.ros-tcp-connector/Runtime/Messages/Shape/msg) by extensions ['colcon_pkg']
[0.231s] Level 1:colcon.colcon_core.package_identification:_identify(src/ROS-TCP-Connector/com.unity.robotics.ros-tcp-connector/Runtime/Messages/Shape/msg) by extension 'colcon_pkg'
[0.231s] Level 1:colcon.colcon_core.package_identification:_identify(src/ROS-TCP-Connector/com.unity.robotics.ros-tcp-connector/Runtime/Messages/Shape/msg) by extensions ['colcon_meta']
[0.231s] Level 1:colcon.colcon_core.package_identification:_identify(src/ROS-TCP-Connector/com.unity.robotics.ros-tcp-connector/Runtime/Messages/Shape/msg) by extension 'colcon_meta'
[0.231s] Level 1:colcon.colcon_core.package_identification:_identify(src/ROS-TCP-Connector/com.unity.robotics.ros-tcp-connector/Runtime/Messages/Shape/msg) by extensions ['ros']
[0.231s] Level 1:colcon.colcon_core.package_identification:_identify(src/ROS-TCP-Connector/com.unity.robotics.ros-tcp-connector/Runtime/Messages/Shape/msg) by extension 'ros'
[0.231s] Level 1:colcon.colcon_core.package_identification:_identify(src/ROS-TCP-Connector/com.unity.robotics.ros-tcp-connector/Runtime/Messages/Shape/msg) by extensions ['cmake', 'python']
[0.231s] Level 1:colcon.colcon_core.package_identification:_identify(src/ROS-TCP-Connector/com.unity.robotics.ros-tcp-connector/Runtime/Messages/Shape/msg) by extension 'cmake'
[0.231s] Level 1:colcon.colcon_core.package_identification:_identify(src/ROS-TCP-Connector/com.unity.robotics.ros-tcp-connector/Runtime/Messages/Shape/msg) by extension 'python'
[0.231s] Level 1:colcon.colcon_core.package_identification:_identify(src/ROS-TCP-Connector/com.unity.robotics.ros-tcp-connector/Runtime/Messages/Shape/msg) by extensions ['python_setup_py']
[0.231s] Level 1:colcon.colcon_core.package_identification:_identify(src/ROS-TCP-Connector/com.unity.robotics.ros-tcp-connector/Runtime/Messages/Shape/msg) by extension 'python_setup_py'
[0.231s] Level 1:colcon.colcon_core.package_identification:_identify(src/ROS-TCP-Connector/com.unity.robotics.ros-tcp-connector/Runtime/Messages/Std) by extensions ['ignore', 'ignore_ament_install']
[0.231s] Level 1:colcon.colcon_core.package_identification:_identify(src/ROS-TCP-Connector/com.unity.robotics.ros-tcp-connector/Runtime/Messages/Std) by extension 'ignore'
[0.231s] Level 1:colcon.colcon_core.package_identification:_identify(src/ROS-TCP-Connector/com.unity.robotics.ros-tcp-connector/Runtime/Messages/Std) by extension 'ignore_ament_install'
[0.231s] Level 1:colcon.colcon_core.package_identification:_identify(src/ROS-TCP-Connector/com.unity.robotics.ros-tcp-connector/Runtime/Messages/Std) by extensions ['colcon_pkg']
[0.231s] Level 1:colcon.colcon_core.package_identification:_identify(src/ROS-TCP-Connector/com.unity.robotics.ros-tcp-connector/Runtime/Messages/Std) by extension 'colcon_pkg'
[0.231s] Level 1:colcon.colcon_core.package_identification:_identify(src/ROS-TCP-Connector/com.unity.robotics.ros-tcp-connector/Runtime/Messages/Std) by extensions ['colcon_meta']
[0.231s] Level 1:colcon.colcon_core.package_identification:_identify(src/ROS-TCP-Connector/com.unity.robotics.ros-tcp-connector/Runtime/Messages/Std) by extension 'colcon_meta'
[0.231s] Level 1:colcon.colcon_core.package_identification:_identify(src/ROS-TCP-Connector/com.unity.robotics.ros-tcp-connector/Runtime/Messages/Std) by extensions ['ros']
[0.231s] Level 1:colcon.colcon_core.package_identification:_identify(src/ROS-TCP-Connector/com.unity.robotics.ros-tcp-connector/Runtime/Messages/Std) by extension 'ros'
[0.231s] Level 1:colcon.colcon_core.package_identification:_identify(src/ROS-TCP-Connector/com.unity.robotics.ros-tcp-connector/Runtime/Messages/Std) by extensions ['cmake', 'python']
[0.231s] Level 1:colcon.colcon_core.package_identification:_identify(src/ROS-TCP-Connector/com.unity.robotics.ros-tcp-connector/Runtime/Messages/Std) by extension 'cmake'
[0.231s] Level 1:colcon.colcon_core.package_identification:_identify(src/ROS-TCP-Connector/com.unity.robotics.ros-tcp-connector/Runtime/Messages/Std) by extension 'python'
[0.231s] Level 1:colcon.colcon_core.package_identification:_identify(src/ROS-TCP-Connector/com.unity.robotics.ros-tcp-connector/Runtime/Messages/Std) by extensions ['python_setup_py']
[0.231s] Level 1:colcon.colcon_core.package_identification:_identify(src/ROS-TCP-Connector/com.unity.robotics.ros-tcp-connector/Runtime/Messages/Std) by extension 'python_setup_py'
[0.231s] Level 1:colcon.colcon_core.package_identification:_identify(src/ROS-TCP-Connector/com.unity.robotics.ros-tcp-connector/Runtime/Messages/Std/msg) by extensions ['ignore', 'ignore_ament_install']
[0.231s] Level 1:colcon.colcon_core.package_identification:_identify(src/ROS-TCP-Connector/com.unity.robotics.ros-tcp-connector/Runtime/Messages/Std/msg) by extension 'ignore'
[0.232s] Level 1:colcon.colcon_core.package_identification:_identify(src/ROS-TCP-Connector/com.unity.robotics.ros-tcp-connector/Runtime/Messages/Std/msg) by extension 'ignore_ament_install'
[0.232s] Level 1:colcon.colcon_core.package_identification:_identify(src/ROS-TCP-Connector/com.unity.robotics.ros-tcp-connector/Runtime/Messages/Std/msg) by extensions ['colcon_pkg']
[0.232s] Level 1:colcon.colcon_core.package_identification:_identify(src/ROS-TCP-Connector/com.unity.robotics.ros-tcp-connector/Runtime/Messages/Std/msg) by extension 'colcon_pkg'
[0.232s] Level 1:colcon.colcon_core.package_identification:_identify(src/ROS-TCP-Connector/com.unity.robotics.ros-tcp-connector/Runtime/Messages/Std/msg) by extensions ['colcon_meta']
[0.232s] Level 1:colcon.colcon_core.package_identification:_identify(src/ROS-TCP-Connector/com.unity.robotics.ros-tcp-connector/Runtime/Messages/Std/msg) by extension 'colcon_meta'
[0.232s] Level 1:colcon.colcon_core.package_identification:_identify(src/ROS-TCP-Connector/com.unity.robotics.ros-tcp-connector/Runtime/Messages/Std/msg) by extensions ['ros']
[0.232s] Level 1:colcon.colcon_core.package_identification:_identify(src/ROS-TCP-Connector/com.unity.robotics.ros-tcp-connector/Runtime/Messages/Std/msg) by extension 'ros'
[0.232s] Level 1:colcon.colcon_core.package_identification:_identify(src/ROS-TCP-Connector/com.unity.robotics.ros-tcp-connector/Runtime/Messages/Std/msg) by extensions ['cmake', 'python']
[0.232s] Level 1:colcon.colcon_core.package_identification:_identify(src/ROS-TCP-Connector/com.unity.robotics.ros-tcp-connector/Runtime/Messages/Std/msg) by extension 'cmake'
[0.232s] Level 1:colcon.colcon_core.package_identification:_identify(src/ROS-TCP-Connector/com.unity.robotics.ros-tcp-connector/Runtime/Messages/Std/msg) by extension 'python'
[0.232s] Level 1:colcon.colcon_core.package_identification:_identify(src/ROS-TCP-Connector/com.unity.robotics.ros-tcp-connector/Runtime/Messages/Std/msg) by extensions ['python_setup_py']
[0.232s] Level 1:colcon.colcon_core.package_identification:_identify(src/ROS-TCP-Connector/com.unity.robotics.ros-tcp-connector/Runtime/Messages/Std/msg) by extension 'python_setup_py'
[0.232s] Level 1:colcon.colcon_core.package_identification:_identify(src/ROS-TCP-Connector/com.unity.robotics.ros-tcp-connector/Runtime/Messages/Std/srv) by extensions ['ignore', 'ignore_ament_install']
[0.232s] Level 1:colcon.colcon_core.package_identification:_identify(src/ROS-TCP-Connector/com.unity.robotics.ros-tcp-connector/Runtime/Messages/Std/srv) by extension 'ignore'
[0.232s] Level 1:colcon.colcon_core.package_identification:_identify(src/ROS-TCP-Connector/com.unity.robotics.ros-tcp-connector/Runtime/Messages/Std/srv) by extension 'ignore_ament_install'
[0.232s] Level 1:colcon.colcon_core.package_identification:_identify(src/ROS-TCP-Connector/com.unity.robotics.ros-tcp-connector/Runtime/Messages/Std/srv) by extensions ['colcon_pkg']
[0.232s] Level 1:colcon.colcon_core.package_identification:_identify(src/ROS-TCP-Connector/com.unity.robotics.ros-tcp-connector/Runtime/Messages/Std/srv) by extension 'colcon_pkg'
[0.232s] Level 1:colcon.colcon_core.package_identification:_identify(src/ROS-TCP-Connector/com.unity.robotics.ros-tcp-connector/Runtime/Messages/Std/srv) by extensions ['colcon_meta']
[0.232s] Level 1:colcon.colcon_core.package_identification:_identify(src/ROS-TCP-Connector/com.unity.robotics.ros-tcp-connector/Runtime/Messages/Std/srv) by extension 'colcon_meta'
[0.232s] Level 1:colcon.colcon_core.package_identification:_identify(src/ROS-TCP-Connector/com.unity.robotics.ros-tcp-connector/Runtime/Messages/Std/srv) by extensions ['ros']
[0.232s] Level 1:colcon.colcon_core.package_identification:_identify(src/ROS-TCP-Connector/com.unity.robotics.ros-tcp-connector/Runtime/Messages/Std/srv) by extension 'ros'
[0.232s] Level 1:colcon.colcon_core.package_identification:_identify(src/ROS-TCP-Connector/com.unity.robotics.ros-tcp-connector/Runtime/Messages/Std/srv) by extensions ['cmake', 'python']
[0.232s] Level 1:colcon.colcon_core.package_identification:_identify(src/ROS-TCP-Connector/com.unity.robotics.ros-tcp-connector/Runtime/Messages/Std/srv) by extension 'cmake'
[0.232s] Level 1:colcon.colcon_core.package_identification:_identify(src/ROS-TCP-Connector/com.unity.robotics.ros-tcp-connector/Runtime/Messages/Std/srv) by extension 'python'
[0.232s] Level 1:colcon.colcon_core.package_identification:_identify(src/ROS-TCP-Connector/com.unity.robotics.ros-tcp-connector/Runtime/Messages/Std/srv) by extensions ['python_setup_py']
[0.232s] Level 1:colcon.colcon_core.package_identification:_identify(src/ROS-TCP-Connector/com.unity.robotics.ros-tcp-connector/Runtime/Messages/Std/srv) by extension 'python_setup_py'
[0.232s] Level 1:colcon.colcon_core.package_identification:_identify(src/ROS-TCP-Connector/com.unity.robotics.ros-tcp-connector/Runtime/Messages/Stereo) by extensions ['ignore', 'ignore_ament_install']
[0.232s] Level 1:colcon.colcon_core.package_identification:_identify(src/ROS-TCP-Connector/com.unity.robotics.ros-tcp-connector/Runtime/Messages/Stereo) by extension 'ignore'
[0.232s] Level 1:colcon.colcon_core.package_identification:_identify(src/ROS-TCP-Connector/com.unity.robotics.ros-tcp-connector/Runtime/Messages/Stereo) by extension 'ignore_ament_install'
[0.232s] Level 1:colcon.colcon_core.package_identification:_identify(src/ROS-TCP-Connector/com.unity.robotics.ros-tcp-connector/Runtime/Messages/Stereo) by extensions ['colcon_pkg']
[0.232s] Level 1:colcon.colcon_core.package_identification:_identify(src/ROS-TCP-Connector/com.unity.robotics.ros-tcp-connector/Runtime/Messages/Stereo) by extension 'colcon_pkg'
[0.232s] Level 1:colcon.colcon_core.package_identification:_identify(src/ROS-TCP-Connector/com.unity.robotics.ros-tcp-connector/Runtime/Messages/Stereo) by extensions ['colcon_meta']
[0.232s] Level 1:colcon.colcon_core.package_identification:_identify(src/ROS-TCP-Connector/com.unity.robotics.ros-tcp-connector/Runtime/Messages/Stereo) by extension 'colcon_meta'
[0.232s] Level 1:colcon.colcon_core.package_identification:_identify(src/ROS-TCP-Connector/com.unity.robotics.ros-tcp-connector/Runtime/Messages/Stereo) by extensions ['ros']
[0.232s] Level 1:colcon.colcon_core.package_identification:_identify(src/ROS-TCP-Connector/com.unity.robotics.ros-tcp-connector/Runtime/Messages/Stereo) by extension 'ros'
[0.232s] Level 1:colcon.colcon_core.package_identification:_identify(src/ROS-TCP-Connector/com.unity.robotics.ros-tcp-connector/Runtime/Messages/Stereo) by extensions ['cmake', 'python']
[0.232s] Level 1:colcon.colcon_core.package_identification:_identify(src/ROS-TCP-Connector/com.unity.robotics.ros-tcp-connector/Runtime/Messages/Stereo) by extension 'cmake'
[0.232s] Level 1:colcon.colcon_core.package_identification:_identify(src/ROS-TCP-Connector/com.unity.robotics.ros-tcp-connector/Runtime/Messages/Stereo) by extension 'python'
[0.232s] Level 1:colcon.colcon_core.package_identification:_identify(src/ROS-TCP-Connector/com.unity.robotics.ros-tcp-connector/Runtime/Messages/Stereo) by extensions ['python_setup_py']
[0.232s] Level 1:colcon.colcon_core.package_identification:_identify(src/ROS-TCP-Connector/com.unity.robotics.ros-tcp-connector/Runtime/Messages/Stereo) by extension 'python_setup_py'
[0.232s] Level 1:colcon.colcon_core.package_identification:_identify(src/ROS-TCP-Connector/com.unity.robotics.ros-tcp-connector/Runtime/Messages/Stereo/msg) by extensions ['ignore', 'ignore_ament_install']
[0.232s] Level 1:colcon.colcon_core.package_identification:_identify(src/ROS-TCP-Connector/com.unity.robotics.ros-tcp-connector/Runtime/Messages/Stereo/msg) by extension 'ignore'
[0.232s] Level 1:colcon.colcon_core.package_identification:_identify(src/ROS-TCP-Connector/com.unity.robotics.ros-tcp-connector/Runtime/Messages/Stereo/msg) by extension 'ignore_ament_install'
[0.232s] Level 1:colcon.colcon_core.package_identification:_identify(src/ROS-TCP-Connector/com.unity.robotics.ros-tcp-connector/Runtime/Messages/Stereo/msg) by extensions ['colcon_pkg']
[0.232s] Level 1:colcon.colcon_core.package_identification:_identify(src/ROS-TCP-Connector/com.unity.robotics.ros-tcp-connector/Runtime/Messages/Stereo/msg) by extension 'colcon_pkg'
[0.232s] Level 1:colcon.colcon_core.package_identification:_identify(src/ROS-TCP-Connector/com.unity.robotics.ros-tcp-connector/Runtime/Messages/Stereo/msg) by extensions ['colcon_meta']
[0.232s] Level 1:colcon.colcon_core.package_identification:_identify(src/ROS-TCP-Connector/com.unity.robotics.ros-tcp-connector/Runtime/Messages/Stereo/msg) by extension 'colcon_meta'
[0.232s] Level 1:colcon.colcon_core.package_identification:_identify(src/ROS-TCP-Connector/com.unity.robotics.ros-tcp-connector/Runtime/Messages/Stereo/msg) by extensions ['ros']
[0.232s] Level 1:colcon.colcon_core.package_identification:_identify(src/ROS-TCP-Connector/com.unity.robotics.ros-tcp-connector/Runtime/Messages/Stereo/msg) by extension 'ros'
[0.232s] Level 1:colcon.colcon_core.package_identification:_identify(src/ROS-TCP-Connector/com.unity.robotics.ros-tcp-connector/Runtime/Messages/Stereo/msg) by extensions ['cmake', 'python']
[0.232s] Level 1:colcon.colcon_core.package_identification:_identify(src/ROS-TCP-Connector/com.unity.robotics.ros-tcp-connector/Runtime/Messages/Stereo/msg) by extension 'cmake'
[0.232s] Level 1:colcon.colcon_core.package_identification:_identify(src/ROS-TCP-Connector/com.unity.robotics.ros-tcp-connector/Runtime/Messages/Stereo/msg) by extension 'python'
[0.232s] Level 1:colcon.colcon_core.package_identification:_identify(src/ROS-TCP-Connector/com.unity.robotics.ros-tcp-connector/Runtime/Messages/Stereo/msg) by extensions ['python_setup_py']
[0.232s] Level 1:colcon.colcon_core.package_identification:_identify(src/ROS-TCP-Connector/com.unity.robotics.ros-tcp-connector/Runtime/Messages/Stereo/msg) by extension 'python_setup_py'
[0.233s] Level 1:colcon.colcon_core.package_identification:_identify(src/ROS-TCP-Connector/com.unity.robotics.ros-tcp-connector/Runtime/Messages/Tf2) by extensions ['ignore', 'ignore_ament_install']
[0.233s] Level 1:colcon.colcon_core.package_identification:_identify(src/ROS-TCP-Connector/com.unity.robotics.ros-tcp-connector/Runtime/Messages/Tf2) by extension 'ignore'
[0.233s] Level 1:colcon.colcon_core.package_identification:_identify(src/ROS-TCP-Connector/com.unity.robotics.ros-tcp-connector/Runtime/Messages/Tf2) by extension 'ignore_ament_install'
[0.233s] Level 1:colcon.colcon_core.package_identification:_identify(src/ROS-TCP-Connector/com.unity.robotics.ros-tcp-connector/Runtime/Messages/Tf2) by extensions ['colcon_pkg']
[0.233s] Level 1:colcon.colcon_core.package_identification:_identify(src/ROS-TCP-Connector/com.unity.robotics.ros-tcp-connector/Runtime/Messages/Tf2) by extension 'colcon_pkg'
[0.233s] Level 1:colcon.colcon_core.package_identification:_identify(src/ROS-TCP-Connector/com.unity.robotics.ros-tcp-connector/Runtime/Messages/Tf2) by extensions ['colcon_meta']
[0.233s] Level 1:colcon.colcon_core.package_identification:_identify(src/ROS-TCP-Connector/com.unity.robotics.ros-tcp-connector/Runtime/Messages/Tf2) by extension 'colcon_meta'
[0.233s] Level 1:colcon.colcon_core.package_identification:_identify(src/ROS-TCP-Connector/com.unity.robotics.ros-tcp-connector/Runtime/Messages/Tf2) by extensions ['ros']
[0.233s] Level 1:colcon.colcon_core.package_identification:_identify(src/ROS-TCP-Connector/com.unity.robotics.ros-tcp-connector/Runtime/Messages/Tf2) by extension 'ros'
[0.233s] Level 1:colcon.colcon_core.package_identification:_identify(src/ROS-TCP-Connector/com.unity.robotics.ros-tcp-connector/Runtime/Messages/Tf2) by extensions ['cmake', 'python']
[0.233s] Level 1:colcon.colcon_core.package_identification:_identify(src/ROS-TCP-Connector/com.unity.robotics.ros-tcp-connector/Runtime/Messages/Tf2) by extension 'cmake'
[0.233s] Level 1:colcon.colcon_core.package_identification:_identify(src/ROS-TCP-Connector/com.unity.robotics.ros-tcp-connector/Runtime/Messages/Tf2) by extension 'python'
[0.233s] Level 1:colcon.colcon_core.package_identification:_identify(src/ROS-TCP-Connector/com.unity.robotics.ros-tcp-connector/Runtime/Messages/Tf2) by extensions ['python_setup_py']
[0.233s] Level 1:colcon.colcon_core.package_identification:_identify(src/ROS-TCP-Connector/com.unity.robotics.ros-tcp-connector/Runtime/Messages/Tf2) by extension 'python_setup_py'
[0.233s] Level 1:colcon.colcon_core.package_identification:_identify(src/ROS-TCP-Connector/com.unity.robotics.ros-tcp-connector/Runtime/Messages/Tf2/action) by extensions ['ignore', 'ignore_ament_install']
[0.233s] Level 1:colcon.colcon_core.package_identification:_identify(src/ROS-TCP-Connector/com.unity.robotics.ros-tcp-connector/Runtime/Messages/Tf2/action) by extension 'ignore'
[0.233s] Level 1:colcon.colcon_core.package_identification:_identify(src/ROS-TCP-Connector/com.unity.robotics.ros-tcp-connector/Runtime/Messages/Tf2/action) by extension 'ignore_ament_install'
[0.233s] Level 1:colcon.colcon_core.package_identification:_identify(src/ROS-TCP-Connector/com.unity.robotics.ros-tcp-connector/Runtime/Messages/Tf2/action) by extensions ['colcon_pkg']
[0.233s] Level 1:colcon.colcon_core.package_identification:_identify(src/ROS-TCP-Connector/com.unity.robotics.ros-tcp-connector/Runtime/Messages/Tf2/action) by extension 'colcon_pkg'
[0.233s] Level 1:colcon.colcon_core.package_identification:_identify(src/ROS-TCP-Connector/com.unity.robotics.ros-tcp-connector/Runtime/Messages/Tf2/action) by extensions ['colcon_meta']
[0.233s] Level 1:colcon.colcon_core.package_identification:_identify(src/ROS-TCP-Connector/com.unity.robotics.ros-tcp-connector/Runtime/Messages/Tf2/action) by extension 'colcon_meta'
[0.233s] Level 1:colcon.colcon_core.package_identification:_identify(src/ROS-TCP-Connector/com.unity.robotics.ros-tcp-connector/Runtime/Messages/Tf2/action) by extensions ['ros']
[0.233s] Level 1:colcon.colcon_core.package_identification:_identify(src/ROS-TCP-Connector/com.unity.robotics.ros-tcp-connector/Runtime/Messages/Tf2/action) by extension 'ros'
[0.233s] Level 1:colcon.colcon_core.package_identification:_identify(src/ROS-TCP-Connector/com.unity.robotics.ros-tcp-connector/Runtime/Messages/Tf2/action) by extensions ['cmake', 'python']
[0.233s] Level 1:colcon.colcon_core.package_identification:_identify(src/ROS-TCP-Connector/com.unity.robotics.ros-tcp-connector/Runtime/Messages/Tf2/action) by extension 'cmake'
[0.233s] Level 1:colcon.colcon_core.package_identification:_identify(src/ROS-TCP-Connector/com.unity.robotics.ros-tcp-connector/Runtime/Messages/Tf2/action) by extension 'python'
[0.233s] Level 1:colcon.colcon_core.package_identification:_identify(src/ROS-TCP-Connector/com.unity.robotics.ros-tcp-connector/Runtime/Messages/Tf2/action) by extensions ['python_setup_py']
[0.233s] Level 1:colcon.colcon_core.package_identification:_identify(src/ROS-TCP-Connector/com.unity.robotics.ros-tcp-connector/Runtime/Messages/Tf2/action) by extension 'python_setup_py'
[0.233s] Level 1:colcon.colcon_core.package_identification:_identify(src/ROS-TCP-Connector/com.unity.robotics.ros-tcp-connector/Runtime/Messages/Tf2/msg) by extensions ['ignore', 'ignore_ament_install']
[0.233s] Level 1:colcon.colcon_core.package_identification:_identify(src/ROS-TCP-Connector/com.unity.robotics.ros-tcp-connector/Runtime/Messages/Tf2/msg) by extension 'ignore'
[0.233s] Level 1:colcon.colcon_core.package_identification:_identify(src/ROS-TCP-Connector/com.unity.robotics.ros-tcp-connector/Runtime/Messages/Tf2/msg) by extension 'ignore_ament_install'
[0.233s] Level 1:colcon.colcon_core.package_identification:_identify(src/ROS-TCP-Connector/com.unity.robotics.ros-tcp-connector/Runtime/Messages/Tf2/msg) by extensions ['colcon_pkg']
[0.233s] Level 1:colcon.colcon_core.package_identification:_identify(src/ROS-TCP-Connector/com.unity.robotics.ros-tcp-connector/Runtime/Messages/Tf2/msg) by extension 'colcon_pkg'
[0.233s] Level 1:colcon.colcon_core.package_identification:_identify(src/ROS-TCP-Connector/com.unity.robotics.ros-tcp-connector/Runtime/Messages/Tf2/msg) by extensions ['colcon_meta']
[0.233s] Level 1:colcon.colcon_core.package_identification:_identify(src/ROS-TCP-Connector/com.unity.robotics.ros-tcp-connector/Runtime/Messages/Tf2/msg) by extension 'colcon_meta'
[0.233s] Level 1:colcon.colcon_core.package_identification:_identify(src/ROS-TCP-Connector/com.unity.robotics.ros-tcp-connector/Runtime/Messages/Tf2/msg) by extensions ['ros']
[0.233s] Level 1:colcon.colcon_core.package_identification:_identify(src/ROS-TCP-Connector/com.unity.robotics.ros-tcp-connector/Runtime/Messages/Tf2/msg) by extension 'ros'
[0.233s] Level 1:colcon.colcon_core.package_identification:_identify(src/ROS-TCP-Connector/com.unity.robotics.ros-tcp-connector/Runtime/Messages/Tf2/msg) by extensions ['cmake', 'python']
[0.233s] Level 1:colcon.colcon_core.package_identification:_identify(src/ROS-TCP-Connector/com.unity.robotics.ros-tcp-connector/Runtime/Messages/Tf2/msg) by extension 'cmake'
[0.233s] Level 1:colcon.colcon_core.package_identification:_identify(src/ROS-TCP-Connector/com.unity.robotics.ros-tcp-connector/Runtime/Messages/Tf2/msg) by extension 'python'
[0.233s] Level 1:colcon.colcon_core.package_identification:_identify(src/ROS-TCP-Connector/com.unity.robotics.ros-tcp-connector/Runtime/Messages/Tf2/msg) by extensions ['python_setup_py']
[0.233s] Level 1:colcon.colcon_core.package_identification:_identify(src/ROS-TCP-Connector/com.unity.robotics.ros-tcp-connector/Runtime/Messages/Tf2/msg) by extension 'python_setup_py'
[0.233s] Level 1:colcon.colcon_core.package_identification:_identify(src/ROS-TCP-Connector/com.unity.robotics.ros-tcp-connector/Runtime/Messages/Tf2/srv) by extensions ['ignore', 'ignore_ament_install']
[0.233s] Level 1:colcon.colcon_core.package_identification:_identify(src/ROS-TCP-Connector/com.unity.robotics.ros-tcp-connector/Runtime/Messages/Tf2/srv) by extension 'ignore'
[0.233s] Level 1:colcon.colcon_core.package_identification:_identify(src/ROS-TCP-Connector/com.unity.robotics.ros-tcp-connector/Runtime/Messages/Tf2/srv) by extension 'ignore_ament_install'
[0.233s] Level 1:colcon.colcon_core.package_identification:_identify(src/ROS-TCP-Connector/com.unity.robotics.ros-tcp-connector/Runtime/Messages/Tf2/srv) by extensions ['colcon_pkg']
[0.233s] Level 1:colcon.colcon_core.package_identification:_identify(src/ROS-TCP-Connector/com.unity.robotics.ros-tcp-connector/Runtime/Messages/Tf2/srv) by extension 'colcon_pkg'
[0.234s] Level 1:colcon.colcon_core.package_identification:_identify(src/ROS-TCP-Connector/com.unity.robotics.ros-tcp-connector/Runtime/Messages/Tf2/srv) by extensions ['colcon_meta']
[0.234s] Level 1:colcon.colcon_core.package_identification:_identify(src/ROS-TCP-Connector/com.unity.robotics.ros-tcp-connector/Runtime/Messages/Tf2/srv) by extension 'colcon_meta'
[0.234s] Level 1:colcon.colcon_core.package_identification:_identify(src/ROS-TCP-Connector/com.unity.robotics.ros-tcp-connector/Runtime/Messages/Tf2/srv) by extensions ['ros']
[0.234s] Level 1:colcon.colcon_core.package_identification:_identify(src/ROS-TCP-Connector/com.unity.robotics.ros-tcp-connector/Runtime/Messages/Tf2/srv) by extension 'ros'
[0.234s] Level 1:colcon.colcon_core.package_identification:_identify(src/ROS-TCP-Connector/com.unity.robotics.ros-tcp-connector/Runtime/Messages/Tf2/srv) by extensions ['cmake', 'python']
[0.234s] Level 1:colcon.colcon_core.package_identification:_identify(src/ROS-TCP-Connector/com.unity.robotics.ros-tcp-connector/Runtime/Messages/Tf2/srv) by extension 'cmake'
[0.234s] Level 1:colcon.colcon_core.package_identification:_identify(src/ROS-TCP-Connector/com.unity.robotics.ros-tcp-connector/Runtime/Messages/Tf2/srv) by extension 'python'
[0.234s] Level 1:colcon.colcon_core.package_identification:_identify(src/ROS-TCP-Connector/com.unity.robotics.ros-tcp-connector/Runtime/Messages/Tf2/srv) by extensions ['python_setup_py']
[0.234s] Level 1:colcon.colcon_core.package_identification:_identify(src/ROS-TCP-Connector/com.unity.robotics.ros-tcp-connector/Runtime/Messages/Tf2/srv) by extension 'python_setup_py'
[0.234s] Level 1:colcon.colcon_core.package_identification:_identify(src/ROS-TCP-Connector/com.unity.robotics.ros-tcp-connector/Runtime/Messages/Trajectory) by extensions ['ignore', 'ignore_ament_install']
[0.234s] Level 1:colcon.colcon_core.package_identification:_identify(src/ROS-TCP-Connector/com.unity.robotics.ros-tcp-connector/Runtime/Messages/Trajectory) by extension 'ignore'
[0.234s] Level 1:colcon.colcon_core.package_identification:_identify(src/ROS-TCP-Connector/com.unity.robotics.ros-tcp-connector/Runtime/Messages/Trajectory) by extension 'ignore_ament_install'
[0.234s] Level 1:colcon.colcon_core.package_identification:_identify(src/ROS-TCP-Connector/com.unity.robotics.ros-tcp-connector/Runtime/Messages/Trajectory) by extensions ['colcon_pkg']
[0.234s] Level 1:colcon.colcon_core.package_identification:_identify(src/ROS-TCP-Connector/com.unity.robotics.ros-tcp-connector/Runtime/Messages/Trajectory) by extension 'colcon_pkg'
[0.234s] Level 1:colcon.colcon_core.package_identification:_identify(src/ROS-TCP-Connector/com.unity.robotics.ros-tcp-connector/Runtime/Messages/Trajectory) by extensions ['colcon_meta']
[0.234s] Level 1:colcon.colcon_core.package_identification:_identify(src/ROS-TCP-Connector/com.unity.robotics.ros-tcp-connector/Runtime/Messages/Trajectory) by extension 'colcon_meta'
[0.234s] Level 1:colcon.colcon_core.package_identification:_identify(src/ROS-TCP-Connector/com.unity.robotics.ros-tcp-connector/Runtime/Messages/Trajectory) by extensions ['ros']
[0.234s] Level 1:colcon.colcon_core.package_identification:_identify(src/ROS-TCP-Connector/com.unity.robotics.ros-tcp-connector/Runtime/Messages/Trajectory) by extension 'ros'
[0.234s] Level 1:colcon.colcon_core.package_identification:_identify(src/ROS-TCP-Connector/com.unity.robotics.ros-tcp-connector/Runtime/Messages/Trajectory) by extensions ['cmake', 'python']
[0.234s] Level 1:colcon.colcon_core.package_identification:_identify(src/ROS-TCP-Connector/com.unity.robotics.ros-tcp-connector/Runtime/Messages/Trajectory) by extension 'cmake'
[0.234s] Level 1:colcon.colcon_core.package_identification:_identify(src/ROS-TCP-Connector/com.unity.robotics.ros-tcp-connector/Runtime/Messages/Trajectory) by extension 'python'
[0.234s] Level 1:colcon.colcon_core.package_identification:_identify(src/ROS-TCP-Connector/com.unity.robotics.ros-tcp-connector/Runtime/Messages/Trajectory) by extensions ['python_setup_py']
[0.234s] Level 1:colcon.colcon_core.package_identification:_identify(src/ROS-TCP-Connector/com.unity.robotics.ros-tcp-connector/Runtime/Messages/Trajectory) by extension 'python_setup_py'
[0.234s] Level 1:colcon.colcon_core.package_identification:_identify(src/ROS-TCP-Connector/com.unity.robotics.ros-tcp-connector/Runtime/Messages/Trajectory/msg) by extensions ['ignore', 'ignore_ament_install']
[0.234s] Level 1:colcon.colcon_core.package_identification:_identify(src/ROS-TCP-Connector/com.unity.robotics.ros-tcp-connector/Runtime/Messages/Trajectory/msg) by extension 'ignore'
[0.234s] Level 1:colcon.colcon_core.package_identification:_identify(src/ROS-TCP-Connector/com.unity.robotics.ros-tcp-connector/Runtime/Messages/Trajectory/msg) by extension 'ignore_ament_install'
[0.234s] Level 1:colcon.colcon_core.package_identification:_identify(src/ROS-TCP-Connector/com.unity.robotics.ros-tcp-connector/Runtime/Messages/Trajectory/msg) by extensions ['colcon_pkg']
[0.234s] Level 1:colcon.colcon_core.package_identification:_identify(src/ROS-TCP-Connector/com.unity.robotics.ros-tcp-connector/Runtime/Messages/Trajectory/msg) by extension 'colcon_pkg'
[0.234s] Level 1:colcon.colcon_core.package_identification:_identify(src/ROS-TCP-Connector/com.unity.robotics.ros-tcp-connector/Runtime/Messages/Trajectory/msg) by extensions ['colcon_meta']
[0.234s] Level 1:colcon.colcon_core.package_identification:_identify(src/ROS-TCP-Connector/com.unity.robotics.ros-tcp-connector/Runtime/Messages/Trajectory/msg) by extension 'colcon_meta'
[0.234s] Level 1:colcon.colcon_core.package_identification:_identify(src/ROS-TCP-Connector/com.unity.robotics.ros-tcp-connector/Runtime/Messages/Trajectory/msg) by extensions ['ros']
[0.234s] Level 1:colcon.colcon_core.package_identification:_identify(src/ROS-TCP-Connector/com.unity.robotics.ros-tcp-connector/Runtime/Messages/Trajectory/msg) by extension 'ros'
[0.234s] Level 1:colcon.colcon_core.package_identification:_identify(src/ROS-TCP-Connector/com.unity.robotics.ros-tcp-connector/Runtime/Messages/Trajectory/msg) by extensions ['cmake', 'python']
[0.234s] Level 1:colcon.colcon_core.package_identification:_identify(src/ROS-TCP-Connector/com.unity.robotics.ros-tcp-connector/Runtime/Messages/Trajectory/msg) by extension 'cmake'
[0.234s] Level 1:colcon.colcon_core.package_identification:_identify(src/ROS-TCP-Connector/com.unity.robotics.ros-tcp-connector/Runtime/Messages/Trajectory/msg) by extension 'python'
[0.234s] Level 1:colcon.colcon_core.package_identification:_identify(src/ROS-TCP-Connector/com.unity.robotics.ros-tcp-connector/Runtime/Messages/Trajectory/msg) by extensions ['python_setup_py']
[0.234s] Level 1:colcon.colcon_core.package_identification:_identify(src/ROS-TCP-Connector/com.unity.robotics.ros-tcp-connector/Runtime/Messages/Trajectory/msg) by extension 'python_setup_py'
[0.234s] Level 1:colcon.colcon_core.package_identification:_identify(src/ROS-TCP-Connector/com.unity.robotics.ros-tcp-connector/Runtime/Messages/Visualization) by extensions ['ignore', 'ignore_ament_install']
[0.234s] Level 1:colcon.colcon_core.package_identification:_identify(src/ROS-TCP-Connector/com.unity.robotics.ros-tcp-connector/Runtime/Messages/Visualization) by extension 'ignore'
[0.234s] Level 1:colcon.colcon_core.package_identification:_identify(src/ROS-TCP-Connector/com.unity.robotics.ros-tcp-connector/Runtime/Messages/Visualization) by extension 'ignore_ament_install'
[0.234s] Level 1:colcon.colcon_core.package_identification:_identify(src/ROS-TCP-Connector/com.unity.robotics.ros-tcp-connector/Runtime/Messages/Visualization) by extensions ['colcon_pkg']
[0.234s] Level 1:colcon.colcon_core.package_identification:_identify(src/ROS-TCP-Connector/com.unity.robotics.ros-tcp-connector/Runtime/Messages/Visualization) by extension 'colcon_pkg'
[0.234s] Level 1:colcon.colcon_core.package_identification:_identify(src/ROS-TCP-Connector/com.unity.robotics.ros-tcp-connector/Runtime/Messages/Visualization) by extensions ['colcon_meta']
[0.234s] Level 1:colcon.colcon_core.package_identification:_identify(src/ROS-TCP-Connector/com.unity.robotics.ros-tcp-connector/Runtime/Messages/Visualization) by extension 'colcon_meta'
[0.234s] Level 1:colcon.colcon_core.package_identification:_identify(src/ROS-TCP-Connector/com.unity.robotics.ros-tcp-connector/Runtime/Messages/Visualization) by extensions ['ros']
[0.234s] Level 1:colcon.colcon_core.package_identification:_identify(src/ROS-TCP-Connector/com.unity.robotics.ros-tcp-connector/Runtime/Messages/Visualization) by extension 'ros'
[0.234s] Level 1:colcon.colcon_core.package_identification:_identify(src/ROS-TCP-Connector/com.unity.robotics.ros-tcp-connector/Runtime/Messages/Visualization) by extensions ['cmake', 'python']
[0.234s] Level 1:colcon.colcon_core.package_identification:_identify(src/ROS-TCP-Connector/com.unity.robotics.ros-tcp-connector/Runtime/Messages/Visualization) by extension 'cmake'
[0.234s] Level 1:colcon.colcon_core.package_identification:_identify(src/ROS-TCP-Connector/com.unity.robotics.ros-tcp-connector/Runtime/Messages/Visualization) by extension 'python'
[0.234s] Level 1:colcon.colcon_core.package_identification:_identify(src/ROS-TCP-Connector/com.unity.robotics.ros-tcp-connector/Runtime/Messages/Visualization) by extensions ['python_setup_py']
[0.234s] Level 1:colcon.colcon_core.package_identification:_identify(src/ROS-TCP-Connector/com.unity.robotics.ros-tcp-connector/Runtime/Messages/Visualization) by extension 'python_setup_py'
[0.234s] Level 1:colcon.colcon_core.package_identification:_identify(src/ROS-TCP-Connector/com.unity.robotics.ros-tcp-connector/Runtime/Messages/Visualization/msg) by extensions ['ignore', 'ignore_ament_install']
[0.235s] Level 1:colcon.colcon_core.package_identification:_identify(src/ROS-TCP-Connector/com.unity.robotics.ros-tcp-connector/Runtime/Messages/Visualization/msg) by extension 'ignore'
[0.235s] Level 1:colcon.colcon_core.package_identification:_identify(src/ROS-TCP-Connector/com.unity.robotics.ros-tcp-connector/Runtime/Messages/Visualization/msg) by extension 'ignore_ament_install'
[0.235s] Level 1:colcon.colcon_core.package_identification:_identify(src/ROS-TCP-Connector/com.unity.robotics.ros-tcp-connector/Runtime/Messages/Visualization/msg) by extensions ['colcon_pkg']
[0.235s] Level 1:colcon.colcon_core.package_identification:_identify(src/ROS-TCP-Connector/com.unity.robotics.ros-tcp-connector/Runtime/Messages/Visualization/msg) by extension 'colcon_pkg'
[0.235s] Level 1:colcon.colcon_core.package_identification:_identify(src/ROS-TCP-Connector/com.unity.robotics.ros-tcp-connector/Runtime/Messages/Visualization/msg) by extensions ['colcon_meta']
[0.235s] Level 1:colcon.colcon_core.package_identification:_identify(src/ROS-TCP-Connector/com.unity.robotics.ros-tcp-connector/Runtime/Messages/Visualization/msg) by extension 'colcon_meta'
[0.235s] Level 1:colcon.colcon_core.package_identification:_identify(src/ROS-TCP-Connector/com.unity.robotics.ros-tcp-connector/Runtime/Messages/Visualization/msg) by extensions ['ros']
[0.235s] Level 1:colcon.colcon_core.package_identification:_identify(src/ROS-TCP-Connector/com.unity.robotics.ros-tcp-connector/Runtime/Messages/Visualization/msg) by extension 'ros'
[0.235s] Level 1:colcon.colcon_core.package_identification:_identify(src/ROS-TCP-Connector/com.unity.robotics.ros-tcp-connector/Runtime/Messages/Visualization/msg) by extensions ['cmake', 'python']
[0.235s] Level 1:colcon.colcon_core.package_identification:_identify(src/ROS-TCP-Connector/com.unity.robotics.ros-tcp-connector/Runtime/Messages/Visualization/msg) by extension 'cmake'
[0.235s] Level 1:colcon.colcon_core.package_identification:_identify(src/ROS-TCP-Connector/com.unity.robotics.ros-tcp-connector/Runtime/Messages/Visualization/msg) by extension 'python'
[0.235s] Level 1:colcon.colcon_core.package_identification:_identify(src/ROS-TCP-Connector/com.unity.robotics.ros-tcp-connector/Runtime/Messages/Visualization/msg) by extensions ['python_setup_py']
[0.235s] Level 1:colcon.colcon_core.package_identification:_identify(src/ROS-TCP-Connector/com.unity.robotics.ros-tcp-connector/Runtime/Messages/Visualization/msg) by extension 'python_setup_py'
[0.235s] Level 1:colcon.colcon_core.package_identification:_identify(src/ROS-TCP-Connector/com.unity.robotics.ros-tcp-connector/Runtime/Messages/Visualization/srv) by extensions ['ignore', 'ignore_ament_install']
[0.235s] Level 1:colcon.colcon_core.package_identification:_identify(src/ROS-TCP-Connector/com.unity.robotics.ros-tcp-connector/Runtime/Messages/Visualization/srv) by extension 'ignore'
[0.235s] Level 1:colcon.colcon_core.package_identification:_identify(src/ROS-TCP-Connector/com.unity.robotics.ros-tcp-connector/Runtime/Messages/Visualization/srv) by extension 'ignore_ament_install'
[0.235s] Level 1:colcon.colcon_core.package_identification:_identify(src/ROS-TCP-Connector/com.unity.robotics.ros-tcp-connector/Runtime/Messages/Visualization/srv) by extensions ['colcon_pkg']
[0.235s] Level 1:colcon.colcon_core.package_identification:_identify(src/ROS-TCP-Connector/com.unity.robotics.ros-tcp-connector/Runtime/Messages/Visualization/srv) by extension 'colcon_pkg'
[0.235s] Level 1:colcon.colcon_core.package_identification:_identify(src/ROS-TCP-Connector/com.unity.robotics.ros-tcp-connector/Runtime/Messages/Visualization/srv) by extensions ['colcon_meta']
[0.235s] Level 1:colcon.colcon_core.package_identification:_identify(src/ROS-TCP-Connector/com.unity.robotics.ros-tcp-connector/Runtime/Messages/Visualization/srv) by extension 'colcon_meta'
[0.235s] Level 1:colcon.colcon_core.package_identification:_identify(src/ROS-TCP-Connector/com.unity.robotics.ros-tcp-connector/Runtime/Messages/Visualization/srv) by extensions ['ros']
[0.235s] Level 1:colcon.colcon_core.package_identification:_identify(src/ROS-TCP-Connector/com.unity.robotics.ros-tcp-connector/Runtime/Messages/Visualization/srv) by extension 'ros'
[0.235s] Level 1:colcon.colcon_core.package_identification:_identify(src/ROS-TCP-Connector/com.unity.robotics.ros-tcp-connector/Runtime/Messages/Visualization/srv) by extensions ['cmake', 'python']
[0.235s] Level 1:colcon.colcon_core.package_identification:_identify(src/ROS-TCP-Connector/com.unity.robotics.ros-tcp-connector/Runtime/Messages/Visualization/srv) by extension 'cmake'
[0.235s] Level 1:colcon.colcon_core.package_identification:_identify(src/ROS-TCP-Connector/com.unity.robotics.ros-tcp-connector/Runtime/Messages/Visualization/srv) by extension 'python'
[0.235s] Level 1:colcon.colcon_core.package_identification:_identify(src/ROS-TCP-Connector/com.unity.robotics.ros-tcp-connector/Runtime/Messages/Visualization/srv) by extensions ['python_setup_py']
[0.235s] Level 1:colcon.colcon_core.package_identification:_identify(src/ROS-TCP-Connector/com.unity.robotics.ros-tcp-connector/Runtime/Messages/Visualization/srv) by extension 'python_setup_py'
[0.235s] Level 1:colcon.colcon_core.package_identification:_identify(src/ROS-TCP-Connector/com.unity.robotics.ros-tcp-connector/Runtime/ROSGeometry) by extensions ['ignore', 'ignore_ament_install']
[0.235s] Level 1:colcon.colcon_core.package_identification:_identify(src/ROS-TCP-Connector/com.unity.robotics.ros-tcp-connector/Runtime/ROSGeometry) by extension 'ignore'
[0.235s] Level 1:colcon.colcon_core.package_identification:_identify(src/ROS-TCP-Connector/com.unity.robotics.ros-tcp-connector/Runtime/ROSGeometry) by extension 'ignore_ament_install'
[0.235s] Level 1:colcon.colcon_core.package_identification:_identify(src/ROS-TCP-Connector/com.unity.robotics.ros-tcp-connector/Runtime/ROSGeometry) by extensions ['colcon_pkg']
[0.235s] Level 1:colcon.colcon_core.package_identification:_identify(src/ROS-TCP-Connector/com.unity.robotics.ros-tcp-connector/Runtime/ROSGeometry) by extension 'colcon_pkg'
[0.235s] Level 1:colcon.colcon_core.package_identification:_identify(src/ROS-TCP-Connector/com.unity.robotics.ros-tcp-connector/Runtime/ROSGeometry) by extensions ['colcon_meta']
[0.235s] Level 1:colcon.colcon_core.package_identification:_identify(src/ROS-TCP-Connector/com.unity.robotics.ros-tcp-connector/Runtime/ROSGeometry) by extension 'colcon_meta'
[0.235s] Level 1:colcon.colcon_core.package_identification:_identify(src/ROS-TCP-Connector/com.unity.robotics.ros-tcp-connector/Runtime/ROSGeometry) by extensions ['ros']
[0.235s] Level 1:colcon.colcon_core.package_identification:_identify(src/ROS-TCP-Connector/com.unity.robotics.ros-tcp-connector/Runtime/ROSGeometry) by extension 'ros'
[0.235s] Level 1:colcon.colcon_core.package_identification:_identify(src/ROS-TCP-Connector/com.unity.robotics.ros-tcp-connector/Runtime/ROSGeometry) by extensions ['cmake', 'python']
[0.235s] Level 1:colcon.colcon_core.package_identification:_identify(src/ROS-TCP-Connector/com.unity.robotics.ros-tcp-connector/Runtime/ROSGeometry) by extension 'cmake'
[0.235s] Level 1:colcon.colcon_core.package_identification:_identify(src/ROS-TCP-Connector/com.unity.robotics.ros-tcp-connector/Runtime/ROSGeometry) by extension 'python'
[0.235s] Level 1:colcon.colcon_core.package_identification:_identify(src/ROS-TCP-Connector/com.unity.robotics.ros-tcp-connector/Runtime/ROSGeometry) by extensions ['python_setup_py']
[0.235s] Level 1:colcon.colcon_core.package_identification:_identify(src/ROS-TCP-Connector/com.unity.robotics.ros-tcp-connector/Runtime/ROSGeometry) by extension 'python_setup_py'
[0.235s] Level 1:colcon.colcon_core.package_identification:_identify(src/ROS-TCP-Connector/com.unity.robotics.ros-tcp-connector/Runtime/TcpConnector) by extensions ['ignore', 'ignore_ament_install']
[0.235s] Level 1:colcon.colcon_core.package_identification:_identify(src/ROS-TCP-Connector/com.unity.robotics.ros-tcp-connector/Runtime/TcpConnector) by extension 'ignore'
[0.235s] Level 1:colcon.colcon_core.package_identification:_identify(src/ROS-TCP-Connector/com.unity.robotics.ros-tcp-connector/Runtime/TcpConnector) by extension 'ignore_ament_install'
[0.235s] Level 1:colcon.colcon_core.package_identification:_identify(src/ROS-TCP-Connector/com.unity.robotics.ros-tcp-connector/Runtime/TcpConnector) by extensions ['colcon_pkg']
[0.235s] Level 1:colcon.colcon_core.package_identification:_identify(src/ROS-TCP-Connector/com.unity.robotics.ros-tcp-connector/Runtime/TcpConnector) by extension 'colcon_pkg'
[0.235s] Level 1:colcon.colcon_core.package_identification:_identify(src/ROS-TCP-Connector/com.unity.robotics.ros-tcp-connector/Runtime/TcpConnector) by extensions ['colcon_meta']
[0.235s] Level 1:colcon.colcon_core.package_identification:_identify(src/ROS-TCP-Connector/com.unity.robotics.ros-tcp-connector/Runtime/TcpConnector) by extension 'colcon_meta'
[0.235s] Level 1:colcon.colcon_core.package_identification:_identify(src/ROS-TCP-Connector/com.unity.robotics.ros-tcp-connector/Runtime/TcpConnector) by extensions ['ros']
[0.235s] Level 1:colcon.colcon_core.package_identification:_identify(src/ROS-TCP-Connector/com.unity.robotics.ros-tcp-connector/Runtime/TcpConnector) by extension 'ros'
[0.236s] Level 1:colcon.colcon_core.package_identification:_identify(src/ROS-TCP-Connector/com.unity.robotics.ros-tcp-connector/Runtime/TcpConnector) by extensions ['cmake', 'python']
[0.236s] Level 1:colcon.colcon_core.package_identification:_identify(src/ROS-TCP-Connector/com.unity.robotics.ros-tcp-connector/Runtime/TcpConnector) by extension 'cmake'
[0.236s] Level 1:colcon.colcon_core.package_identification:_identify(src/ROS-TCP-Connector/com.unity.robotics.ros-tcp-connector/Runtime/TcpConnector) by extension 'python'
[0.236s] Level 1:colcon.colcon_core.package_identification:_identify(src/ROS-TCP-Connector/com.unity.robotics.ros-tcp-connector/Runtime/TcpConnector) by extensions ['python_setup_py']
[0.236s] Level 1:colcon.colcon_core.package_identification:_identify(src/ROS-TCP-Connector/com.unity.robotics.ros-tcp-connector/Runtime/TcpConnector) by extension 'python_setup_py'
[0.236s] Level 1:colcon.colcon_core.package_identification:_identify(src/ROS-TCP-Connector/com.unity.robotics.ros-tcp-connector/Tests) by extensions ['ignore', 'ignore_ament_install']
[0.236s] Level 1:colcon.colcon_core.package_identification:_identify(src/ROS-TCP-Connector/com.unity.robotics.ros-tcp-connector/Tests) by extension 'ignore'
[0.236s] Level 1:colcon.colcon_core.package_identification:_identify(src/ROS-TCP-Connector/com.unity.robotics.ros-tcp-connector/Tests) by extension 'ignore_ament_install'
[0.236s] Level 1:colcon.colcon_core.package_identification:_identify(src/ROS-TCP-Connector/com.unity.robotics.ros-tcp-connector/Tests) by extensions ['colcon_pkg']
[0.236s] Level 1:colcon.colcon_core.package_identification:_identify(src/ROS-TCP-Connector/com.unity.robotics.ros-tcp-connector/Tests) by extension 'colcon_pkg'
[0.236s] Level 1:colcon.colcon_core.package_identification:_identify(src/ROS-TCP-Connector/com.unity.robotics.ros-tcp-connector/Tests) by extensions ['colcon_meta']
[0.236s] Level 1:colcon.colcon_core.package_identification:_identify(src/ROS-TCP-Connector/com.unity.robotics.ros-tcp-connector/Tests) by extension 'colcon_meta'
[0.236s] Level 1:colcon.colcon_core.package_identification:_identify(src/ROS-TCP-Connector/com.unity.robotics.ros-tcp-connector/Tests) by extensions ['ros']
[0.236s] Level 1:colcon.colcon_core.package_identification:_identify(src/ROS-TCP-Connector/com.unity.robotics.ros-tcp-connector/Tests) by extension 'ros'
[0.236s] Level 1:colcon.colcon_core.package_identification:_identify(src/ROS-TCP-Connector/com.unity.robotics.ros-tcp-connector/Tests) by extensions ['cmake', 'python']
[0.236s] Level 1:colcon.colcon_core.package_identification:_identify(src/ROS-TCP-Connector/com.unity.robotics.ros-tcp-connector/Tests) by extension 'cmake'
[0.236s] Level 1:colcon.colcon_core.package_identification:_identify(src/ROS-TCP-Connector/com.unity.robotics.ros-tcp-connector/Tests) by extension 'python'
[0.236s] Level 1:colcon.colcon_core.package_identification:_identify(src/ROS-TCP-Connector/com.unity.robotics.ros-tcp-connector/Tests) by extensions ['python_setup_py']
[0.236s] Level 1:colcon.colcon_core.package_identification:_identify(src/ROS-TCP-Connector/com.unity.robotics.ros-tcp-connector/Tests) by extension 'python_setup_py'
[0.236s] Level 1:colcon.colcon_core.package_identification:_identify(src/ROS-TCP-Connector/com.unity.robotics.ros-tcp-connector/Tests/Editor) by extensions ['ignore', 'ignore_ament_install']
[0.236s] Level 1:colcon.colcon_core.package_identification:_identify(src/ROS-TCP-Connector/com.unity.robotics.ros-tcp-connector/Tests/Editor) by extension 'ignore'
[0.236s] Level 1:colcon.colcon_core.package_identification:_identify(src/ROS-TCP-Connector/com.unity.robotics.ros-tcp-connector/Tests/Editor) by extension 'ignore_ament_install'
[0.236s] Level 1:colcon.colcon_core.package_identification:_identify(src/ROS-TCP-Connector/com.unity.robotics.ros-tcp-connector/Tests/Editor) by extensions ['colcon_pkg']
[0.236s] Level 1:colcon.colcon_core.package_identification:_identify(src/ROS-TCP-Connector/com.unity.robotics.ros-tcp-connector/Tests/Editor) by extension 'colcon_pkg'
[0.236s] Level 1:colcon.colcon_core.package_identification:_identify(src/ROS-TCP-Connector/com.unity.robotics.ros-tcp-connector/Tests/Editor) by extensions ['colcon_meta']
[0.236s] Level 1:colcon.colcon_core.package_identification:_identify(src/ROS-TCP-Connector/com.unity.robotics.ros-tcp-connector/Tests/Editor) by extension 'colcon_meta'
[0.236s] Level 1:colcon.colcon_core.package_identification:_identify(src/ROS-TCP-Connector/com.unity.robotics.ros-tcp-connector/Tests/Editor) by extensions ['ros']
[0.236s] Level 1:colcon.colcon_core.package_identification:_identify(src/ROS-TCP-Connector/com.unity.robotics.ros-tcp-connector/Tests/Editor) by extension 'ros'
[0.236s] Level 1:colcon.colcon_core.package_identification:_identify(src/ROS-TCP-Connector/com.unity.robotics.ros-tcp-connector/Tests/Editor) by extensions ['cmake', 'python']
[0.236s] Level 1:colcon.colcon_core.package_identification:_identify(src/ROS-TCP-Connector/com.unity.robotics.ros-tcp-connector/Tests/Editor) by extension 'cmake'
[0.236s] Level 1:colcon.colcon_core.package_identification:_identify(src/ROS-TCP-Connector/com.unity.robotics.ros-tcp-connector/Tests/Editor) by extension 'python'
[0.236s] Level 1:colcon.colcon_core.package_identification:_identify(src/ROS-TCP-Connector/com.unity.robotics.ros-tcp-connector/Tests/Editor) by extensions ['python_setup_py']
[0.236s] Level 1:colcon.colcon_core.package_identification:_identify(src/ROS-TCP-Connector/com.unity.robotics.ros-tcp-connector/Tests/Editor) by extension 'python_setup_py'
[0.236s] Level 1:colcon.colcon_core.package_identification:_identify(src/ROS-TCP-Connector/com.unity.robotics.ros-tcp-connector/Tests/Runtime) by extensions ['ignore', 'ignore_ament_install']
[0.236s] Level 1:colcon.colcon_core.package_identification:_identify(src/ROS-TCP-Connector/com.unity.robotics.ros-tcp-connector/Tests/Runtime) by extension 'ignore'
[0.236s] Level 1:colcon.colcon_core.package_identification:_identify(src/ROS-TCP-Connector/com.unity.robotics.ros-tcp-connector/Tests/Runtime) by extension 'ignore_ament_install'
[0.236s] Level 1:colcon.colcon_core.package_identification:_identify(src/ROS-TCP-Connector/com.unity.robotics.ros-tcp-connector/Tests/Runtime) by extensions ['colcon_pkg']
[0.236s] Level 1:colcon.colcon_core.package_identification:_identify(src/ROS-TCP-Connector/com.unity.robotics.ros-tcp-connector/Tests/Runtime) by extension 'colcon_pkg'
[0.236s] Level 1:colcon.colcon_core.package_identification:_identify(src/ROS-TCP-Connector/com.unity.robotics.ros-tcp-connector/Tests/Runtime) by extensions ['colcon_meta']
[0.236s] Level 1:colcon.colcon_core.package_identification:_identify(src/ROS-TCP-Connector/com.unity.robotics.ros-tcp-connector/Tests/Runtime) by extension 'colcon_meta'
[0.236s] Level 1:colcon.colcon_core.package_identification:_identify(src/ROS-TCP-Connector/com.unity.robotics.ros-tcp-connector/Tests/Runtime) by extensions ['ros']
[0.236s] Level 1:colcon.colcon_core.package_identification:_identify(src/ROS-TCP-Connector/com.unity.robotics.ros-tcp-connector/Tests/Runtime) by extension 'ros'
[0.236s] Level 1:colcon.colcon_core.package_identification:_identify(src/ROS-TCP-Connector/com.unity.robotics.ros-tcp-connector/Tests/Runtime) by extensions ['cmake', 'python']
[0.236s] Level 1:colcon.colcon_core.package_identification:_identify(src/ROS-TCP-Connector/com.unity.robotics.ros-tcp-connector/Tests/Runtime) by extension 'cmake'
[0.236s] Level 1:colcon.colcon_core.package_identification:_identify(src/ROS-TCP-Connector/com.unity.robotics.ros-tcp-connector/Tests/Runtime) by extension 'python'
[0.236s] Level 1:colcon.colcon_core.package_identification:_identify(src/ROS-TCP-Connector/com.unity.robotics.ros-tcp-connector/Tests/Runtime) by extensions ['python_setup_py']
[0.236s] Level 1:colcon.colcon_core.package_identification:_identify(src/ROS-TCP-Connector/com.unity.robotics.ros-tcp-connector/Tests/Runtime) by extension 'python_setup_py'
[0.236s] Level 1:colcon.colcon_core.package_identification:_identify(src/ROS-TCP-Connector/com.unity.robotics.visualizations) by extensions ['ignore', 'ignore_ament_install']
[0.236s] Level 1:colcon.colcon_core.package_identification:_identify(src/ROS-TCP-Connector/com.unity.robotics.visualizations) by extension 'ignore'
[0.236s] Level 1:colcon.colcon_core.package_identification:_identify(src/ROS-TCP-Connector/com.unity.robotics.visualizations) by extension 'ignore_ament_install'
[0.236s] Level 1:colcon.colcon_core.package_identification:_identify(src/ROS-TCP-Connector/com.unity.robotics.visualizations) by extensions ['colcon_pkg']
[0.236s] Level 1:colcon.colcon_core.package_identification:_identify(src/ROS-TCP-Connector/com.unity.robotics.visualizations) by extension 'colcon_pkg'
[0.236s] Level 1:colcon.colcon_core.package_identification:_identify(src/ROS-TCP-Connector/com.unity.robotics.visualizations) by extensions ['colcon_meta']
[0.236s] Level 1:colcon.colcon_core.package_identification:_identify(src/ROS-TCP-Connector/com.unity.robotics.visualizations) by extension 'colcon_meta'
[0.236s] Level 1:colcon.colcon_core.package_identification:_identify(src/ROS-TCP-Connector/com.unity.robotics.visualizations) by extensions ['ros']
[0.236s] Level 1:colcon.colcon_core.package_identification:_identify(src/ROS-TCP-Connector/com.unity.robotics.visualizations) by extension 'ros'
[0.237s] Level 1:colcon.colcon_core.package_identification:_identify(src/ROS-TCP-Connector/com.unity.robotics.visualizations) by extensions ['cmake', 'python']
[0.237s] Level 1:colcon.colcon_core.package_identification:_identify(src/ROS-TCP-Connector/com.unity.robotics.visualizations) by extension 'cmake'
[0.237s] Level 1:colcon.colcon_core.package_identification:_identify(src/ROS-TCP-Connector/com.unity.robotics.visualizations) by extension 'python'
[0.237s] Level 1:colcon.colcon_core.package_identification:_identify(src/ROS-TCP-Connector/com.unity.robotics.visualizations) by extensions ['python_setup_py']
[0.237s] Level 1:colcon.colcon_core.package_identification:_identify(src/ROS-TCP-Connector/com.unity.robotics.visualizations) by extension 'python_setup_py'
[0.237s] Level 1:colcon.colcon_core.package_identification:_identify(src/ROS-TCP-Connector/com.unity.robotics.visualizations/Documentation~) by extensions ['ignore', 'ignore_ament_install']
[0.237s] Level 1:colcon.colcon_core.package_identification:_identify(src/ROS-TCP-Connector/com.unity.robotics.visualizations/Documentation~) by extension 'ignore'
[0.237s] Level 1:colcon.colcon_core.package_identification:_identify(src/ROS-TCP-Connector/com.unity.robotics.visualizations/Documentation~) by extension 'ignore_ament_install'
[0.237s] Level 1:colcon.colcon_core.package_identification:_identify(src/ROS-TCP-Connector/com.unity.robotics.visualizations/Documentation~) by extensions ['colcon_pkg']
[0.237s] Level 1:colcon.colcon_core.package_identification:_identify(src/ROS-TCP-Connector/com.unity.robotics.visualizations/Documentation~) by extension 'colcon_pkg'
[0.237s] Level 1:colcon.colcon_core.package_identification:_identify(src/ROS-TCP-Connector/com.unity.robotics.visualizations/Documentation~) by extensions ['colcon_meta']
[0.237s] Level 1:colcon.colcon_core.package_identification:_identify(src/ROS-TCP-Connector/com.unity.robotics.visualizations/Documentation~) by extension 'colcon_meta'
[0.237s] Level 1:colcon.colcon_core.package_identification:_identify(src/ROS-TCP-Connector/com.unity.robotics.visualizations/Documentation~) by extensions ['ros']
[0.237s] Level 1:colcon.colcon_core.package_identification:_identify(src/ROS-TCP-Connector/com.unity.robotics.visualizations/Documentation~) by extension 'ros'
[0.237s] Level 1:colcon.colcon_core.package_identification:_identify(src/ROS-TCP-Connector/com.unity.robotics.visualizations/Documentation~) by extensions ['cmake', 'python']
[0.237s] Level 1:colcon.colcon_core.package_identification:_identify(src/ROS-TCP-Connector/com.unity.robotics.visualizations/Documentation~) by extension 'cmake'
[0.237s] Level 1:colcon.colcon_core.package_identification:_identify(src/ROS-TCP-Connector/com.unity.robotics.visualizations/Documentation~) by extension 'python'
[0.237s] Level 1:colcon.colcon_core.package_identification:_identify(src/ROS-TCP-Connector/com.unity.robotics.visualizations/Documentation~) by extensions ['python_setup_py']
[0.237s] Level 1:colcon.colcon_core.package_identification:_identify(src/ROS-TCP-Connector/com.unity.robotics.visualizations/Documentation~) by extension 'python_setup_py'
[0.237s] Level 1:colcon.colcon_core.package_identification:_identify(src/ROS-TCP-Connector/com.unity.robotics.visualizations/Editor) by extensions ['ignore', 'ignore_ament_install']
[0.237s] Level 1:colcon.colcon_core.package_identification:_identify(src/ROS-TCP-Connector/com.unity.robotics.visualizations/Editor) by extension 'ignore'
[0.237s] Level 1:colcon.colcon_core.package_identification:_identify(src/ROS-TCP-Connector/com.unity.robotics.visualizations/Editor) by extension 'ignore_ament_install'
[0.237s] Level 1:colcon.colcon_core.package_identification:_identify(src/ROS-TCP-Connector/com.unity.robotics.visualizations/Editor) by extensions ['colcon_pkg']
[0.237s] Level 1:colcon.colcon_core.package_identification:_identify(src/ROS-TCP-Connector/com.unity.robotics.visualizations/Editor) by extension 'colcon_pkg'
[0.237s] Level 1:colcon.colcon_core.package_identification:_identify(src/ROS-TCP-Connector/com.unity.robotics.visualizations/Editor) by extensions ['colcon_meta']
[0.237s] Level 1:colcon.colcon_core.package_identification:_identify(src/ROS-TCP-Connector/com.unity.robotics.visualizations/Editor) by extension 'colcon_meta'
[0.237s] Level 1:colcon.colcon_core.package_identification:_identify(src/ROS-TCP-Connector/com.unity.robotics.visualizations/Editor) by extensions ['ros']
[0.237s] Level 1:colcon.colcon_core.package_identification:_identify(src/ROS-TCP-Connector/com.unity.robotics.visualizations/Editor) by extension 'ros'
[0.237s] Level 1:colcon.colcon_core.package_identification:_identify(src/ROS-TCP-Connector/com.unity.robotics.visualizations/Editor) by extensions ['cmake', 'python']
[0.237s] Level 1:colcon.colcon_core.package_identification:_identify(src/ROS-TCP-Connector/com.unity.robotics.visualizations/Editor) by extension 'cmake'
[0.237s] Level 1:colcon.colcon_core.package_identification:_identify(src/ROS-TCP-Connector/com.unity.robotics.visualizations/Editor) by extension 'python'
[0.237s] Level 1:colcon.colcon_core.package_identification:_identify(src/ROS-TCP-Connector/com.unity.robotics.visualizations/Editor) by extensions ['python_setup_py']
[0.237s] Level 1:colcon.colcon_core.package_identification:_identify(src/ROS-TCP-Connector/com.unity.robotics.visualizations/Editor) by extension 'python_setup_py'
[0.237s] Level 1:colcon.colcon_core.package_identification:_identify(src/ROS-TCP-Connector/com.unity.robotics.visualizations/Resources) by extensions ['ignore', 'ignore_ament_install']
[0.237s] Level 1:colcon.colcon_core.package_identification:_identify(src/ROS-TCP-Connector/com.unity.robotics.visualizations/Resources) by extension 'ignore'
[0.237s] Level 1:colcon.colcon_core.package_identification:_identify(src/ROS-TCP-Connector/com.unity.robotics.visualizations/Resources) by extension 'ignore_ament_install'
[0.237s] Level 1:colcon.colcon_core.package_identification:_identify(src/ROS-TCP-Connector/com.unity.robotics.visualizations/Resources) by extensions ['colcon_pkg']
[0.237s] Level 1:colcon.colcon_core.package_identification:_identify(src/ROS-TCP-Connector/com.unity.robotics.visualizations/Resources) by extension 'colcon_pkg'
[0.237s] Level 1:colcon.colcon_core.package_identification:_identify(src/ROS-TCP-Connector/com.unity.robotics.visualizations/Resources) by extensions ['colcon_meta']
[0.237s] Level 1:colcon.colcon_core.package_identification:_identify(src/ROS-TCP-Connector/com.unity.robotics.visualizations/Resources) by extension 'colcon_meta'
[0.237s] Level 1:colcon.colcon_core.package_identification:_identify(src/ROS-TCP-Connector/com.unity.robotics.visualizations/Resources) by extensions ['ros']
[0.237s] Level 1:colcon.colcon_core.package_identification:_identify(src/ROS-TCP-Connector/com.unity.robotics.visualizations/Resources) by extension 'ros'
[0.237s] Level 1:colcon.colcon_core.package_identification:_identify(src/ROS-TCP-Connector/com.unity.robotics.visualizations/Resources) by extensions ['cmake', 'python']
[0.237s] Level 1:colcon.colcon_core.package_identification:_identify(src/ROS-TCP-Connector/com.unity.robotics.visualizations/Resources) by extension 'cmake'
[0.237s] Level 1:colcon.colcon_core.package_identification:_identify(src/ROS-TCP-Connector/com.unity.robotics.visualizations/Resources) by extension 'python'
[0.237s] Level 1:colcon.colcon_core.package_identification:_identify(src/ROS-TCP-Connector/com.unity.robotics.visualizations/Resources) by extensions ['python_setup_py']
[0.237s] Level 1:colcon.colcon_core.package_identification:_identify(src/ROS-TCP-Connector/com.unity.robotics.visualizations/Resources) by extension 'python_setup_py'
[0.237s] Level 1:colcon.colcon_core.package_identification:_identify(src/ROS-TCP-Connector/com.unity.robotics.visualizations/Resources/VisualizerSettings) by extensions ['ignore', 'ignore_ament_install']
[0.237s] Level 1:colcon.colcon_core.package_identification:_identify(src/ROS-TCP-Connector/com.unity.robotics.visualizations/Resources/VisualizerSettings) by extension 'ignore'
[0.237s] Level 1:colcon.colcon_core.package_identification:_identify(src/ROS-TCP-Connector/com.unity.robotics.visualizations/Resources/VisualizerSettings) by extension 'ignore_ament_install'
[0.237s] Level 1:colcon.colcon_core.package_identification:_identify(src/ROS-TCP-Connector/com.unity.robotics.visualizations/Resources/VisualizerSettings) by extensions ['colcon_pkg']
[0.237s] Level 1:colcon.colcon_core.package_identification:_identify(src/ROS-TCP-Connector/com.unity.robotics.visualizations/Resources/VisualizerSettings) by extension 'colcon_pkg'
[0.237s] Level 1:colcon.colcon_core.package_identification:_identify(src/ROS-TCP-Connector/com.unity.robotics.visualizations/Resources/VisualizerSettings) by extensions ['colcon_meta']
[0.237s] Level 1:colcon.colcon_core.package_identification:_identify(src/ROS-TCP-Connector/com.unity.robotics.visualizations/Resources/VisualizerSettings) by extension 'colcon_meta'
[0.237s] Level 1:colcon.colcon_core.package_identification:_identify(src/ROS-TCP-Connector/com.unity.robotics.visualizations/Resources/VisualizerSettings) by extensions ['ros']
[0.237s] Level 1:colcon.colcon_core.package_identification:_identify(src/ROS-TCP-Connector/com.unity.robotics.visualizations/Resources/VisualizerSettings) by extension 'ros'
[0.238s] Level 1:colcon.colcon_core.package_identification:_identify(src/ROS-TCP-Connector/com.unity.robotics.visualizations/Resources/VisualizerSettings) by extensions ['cmake', 'python']
[0.238s] Level 1:colcon.colcon_core.package_identification:_identify(src/ROS-TCP-Connector/com.unity.robotics.visualizations/Resources/VisualizerSettings) by extension 'cmake'
[0.238s] Level 1:colcon.colcon_core.package_identification:_identify(src/ROS-TCP-Connector/com.unity.robotics.visualizations/Resources/VisualizerSettings) by extension 'python'
[0.238s] Level 1:colcon.colcon_core.package_identification:_identify(src/ROS-TCP-Connector/com.unity.robotics.visualizations/Resources/VisualizerSettings) by extensions ['python_setup_py']
[0.238s] Level 1:colcon.colcon_core.package_identification:_identify(src/ROS-TCP-Connector/com.unity.robotics.visualizations/Resources/VisualizerSettings) by extension 'python_setup_py'
[0.238s] Level 1:colcon.colcon_core.package_identification:_identify(src/ROS-TCP-Connector/com.unity.robotics.visualizations/Runtime) by extensions ['ignore', 'ignore_ament_install']
[0.238s] Level 1:colcon.colcon_core.package_identification:_identify(src/ROS-TCP-Connector/com.unity.robotics.visualizations/Runtime) by extension 'ignore'
[0.238s] Level 1:colcon.colcon_core.package_identification:_identify(src/ROS-TCP-Connector/com.unity.robotics.visualizations/Runtime) by extension 'ignore_ament_install'
[0.238s] Level 1:colcon.colcon_core.package_identification:_identify(src/ROS-TCP-Connector/com.unity.robotics.visualizations/Runtime) by extensions ['colcon_pkg']
[0.238s] Level 1:colcon.colcon_core.package_identification:_identify(src/ROS-TCP-Connector/com.unity.robotics.visualizations/Runtime) by extension 'colcon_pkg'
[0.238s] Level 1:colcon.colcon_core.package_identification:_identify(src/ROS-TCP-Connector/com.unity.robotics.visualizations/Runtime) by extensions ['colcon_meta']
[0.238s] Level 1:colcon.colcon_core.package_identification:_identify(src/ROS-TCP-Connector/com.unity.robotics.visualizations/Runtime) by extension 'colcon_meta'
[0.238s] Level 1:colcon.colcon_core.package_identification:_identify(src/ROS-TCP-Connector/com.unity.robotics.visualizations/Runtime) by extensions ['ros']
[0.238s] Level 1:colcon.colcon_core.package_identification:_identify(src/ROS-TCP-Connector/com.unity.robotics.visualizations/Runtime) by extension 'ros'
[0.238s] Level 1:colcon.colcon_core.package_identification:_identify(src/ROS-TCP-Connector/com.unity.robotics.visualizations/Runtime) by extensions ['cmake', 'python']
[0.238s] Level 1:colcon.colcon_core.package_identification:_identify(src/ROS-TCP-Connector/com.unity.robotics.visualizations/Runtime) by extension 'cmake'
[0.238s] Level 1:colcon.colcon_core.package_identification:_identify(src/ROS-TCP-Connector/com.unity.robotics.visualizations/Runtime) by extension 'python'
[0.238s] Level 1:colcon.colcon_core.package_identification:_identify(src/ROS-TCP-Connector/com.unity.robotics.visualizations/Runtime) by extensions ['python_setup_py']
[0.238s] Level 1:colcon.colcon_core.package_identification:_identify(src/ROS-TCP-Connector/com.unity.robotics.visualizations/Runtime) by extension 'python_setup_py'
[0.238s] Level 1:colcon.colcon_core.package_identification:_identify(src/ROS-TCP-Connector/com.unity.robotics.visualizations/Runtime/DefaultVisualizers) by extensions ['ignore', 'ignore_ament_install']
[0.238s] Level 1:colcon.colcon_core.package_identification:_identify(src/ROS-TCP-Connector/com.unity.robotics.visualizations/Runtime/DefaultVisualizers) by extension 'ignore'
[0.238s] Level 1:colcon.colcon_core.package_identification:_identify(src/ROS-TCP-Connector/com.unity.robotics.visualizations/Runtime/DefaultVisualizers) by extension 'ignore_ament_install'
[0.238s] Level 1:colcon.colcon_core.package_identification:_identify(src/ROS-TCP-Connector/com.unity.robotics.visualizations/Runtime/DefaultVisualizers) by extensions ['colcon_pkg']
[0.238s] Level 1:colcon.colcon_core.package_identification:_identify(src/ROS-TCP-Connector/com.unity.robotics.visualizations/Runtime/DefaultVisualizers) by extension 'colcon_pkg'
[0.238s] Level 1:colcon.colcon_core.package_identification:_identify(src/ROS-TCP-Connector/com.unity.robotics.visualizations/Runtime/DefaultVisualizers) by extensions ['colcon_meta']
[0.238s] Level 1:colcon.colcon_core.package_identification:_identify(src/ROS-TCP-Connector/com.unity.robotics.visualizations/Runtime/DefaultVisualizers) by extension 'colcon_meta'
[0.238s] Level 1:colcon.colcon_core.package_identification:_identify(src/ROS-TCP-Connector/com.unity.robotics.visualizations/Runtime/DefaultVisualizers) by extensions ['ros']
[0.238s] Level 1:colcon.colcon_core.package_identification:_identify(src/ROS-TCP-Connector/com.unity.robotics.visualizations/Runtime/DefaultVisualizers) by extension 'ros'
[0.238s] Level 1:colcon.colcon_core.package_identification:_identify(src/ROS-TCP-Connector/com.unity.robotics.visualizations/Runtime/DefaultVisualizers) by extensions ['cmake', 'python']
[0.238s] Level 1:colcon.colcon_core.package_identification:_identify(src/ROS-TCP-Connector/com.unity.robotics.visualizations/Runtime/DefaultVisualizers) by extension 'cmake'
[0.238s] Level 1:colcon.colcon_core.package_identification:_identify(src/ROS-TCP-Connector/com.unity.robotics.visualizations/Runtime/DefaultVisualizers) by extension 'python'
[0.238s] Level 1:colcon.colcon_core.package_identification:_identify(src/ROS-TCP-Connector/com.unity.robotics.visualizations/Runtime/DefaultVisualizers) by extensions ['python_setup_py']
[0.238s] Level 1:colcon.colcon_core.package_identification:_identify(src/ROS-TCP-Connector/com.unity.robotics.visualizations/Runtime/DefaultVisualizers) by extension 'python_setup_py'
[0.238s] Level 1:colcon.colcon_core.package_identification:_identify(src/ROS-TCP-Connector/com.unity.robotics.visualizations/Runtime/DefaultVisualizers/Actionlib) by extensions ['ignore', 'ignore_ament_install']
[0.238s] Level 1:colcon.colcon_core.package_identification:_identify(src/ROS-TCP-Connector/com.unity.robotics.visualizations/Runtime/DefaultVisualizers/Actionlib) by extension 'ignore'
[0.238s] Level 1:colcon.colcon_core.package_identification:_identify(src/ROS-TCP-Connector/com.unity.robotics.visualizations/Runtime/DefaultVisualizers/Actionlib) by extension 'ignore_ament_install'
[0.238s] Level 1:colcon.colcon_core.package_identification:_identify(src/ROS-TCP-Connector/com.unity.robotics.visualizations/Runtime/DefaultVisualizers/Actionlib) by extensions ['colcon_pkg']
[0.238s] Level 1:colcon.colcon_core.package_identification:_identify(src/ROS-TCP-Connector/com.unity.robotics.visualizations/Runtime/DefaultVisualizers/Actionlib) by extension 'colcon_pkg'
[0.238s] Level 1:colcon.colcon_core.package_identification:_identify(src/ROS-TCP-Connector/com.unity.robotics.visualizations/Runtime/DefaultVisualizers/Actionlib) by extensions ['colcon_meta']
[0.238s] Level 1:colcon.colcon_core.package_identification:_identify(src/ROS-TCP-Connector/com.unity.robotics.visualizations/Runtime/DefaultVisualizers/Actionlib) by extension 'colcon_meta'
[0.238s] Level 1:colcon.colcon_core.package_identification:_identify(src/ROS-TCP-Connector/com.unity.robotics.visualizations/Runtime/DefaultVisualizers/Actionlib) by extensions ['ros']
[0.238s] Level 1:colcon.colcon_core.package_identification:_identify(src/ROS-TCP-Connector/com.unity.robotics.visualizations/Runtime/DefaultVisualizers/Actionlib) by extension 'ros'
[0.238s] Level 1:colcon.colcon_core.package_identification:_identify(src/ROS-TCP-Connector/com.unity.robotics.visualizations/Runtime/DefaultVisualizers/Actionlib) by extensions ['cmake', 'python']
[0.238s] Level 1:colcon.colcon_core.package_identification:_identify(src/ROS-TCP-Connector/com.unity.robotics.visualizations/Runtime/DefaultVisualizers/Actionlib) by extension 'cmake'
[0.238s] Level 1:colcon.colcon_core.package_identification:_identify(src/ROS-TCP-Connector/com.unity.robotics.visualizations/Runtime/DefaultVisualizers/Actionlib) by extension 'python'
[0.238s] Level 1:colcon.colcon_core.package_identification:_identify(src/ROS-TCP-Connector/com.unity.robotics.visualizations/Runtime/DefaultVisualizers/Actionlib) by extensions ['python_setup_py']
[0.238s] Level 1:colcon.colcon_core.package_identification:_identify(src/ROS-TCP-Connector/com.unity.robotics.visualizations/Runtime/DefaultVisualizers/Actionlib) by extension 'python_setup_py'
[0.238s] Level 1:colcon.colcon_core.package_identification:_identify(src/ROS-TCP-Connector/com.unity.robotics.visualizations/Runtime/DefaultVisualizers/Diagnostic) by extensions ['ignore', 'ignore_ament_install']
[0.238s] Level 1:colcon.colcon_core.package_identification:_identify(src/ROS-TCP-Connector/com.unity.robotics.visualizations/Runtime/DefaultVisualizers/Diagnostic) by extension 'ignore'
[0.238s] Level 1:colcon.colcon_core.package_identification:_identify(src/ROS-TCP-Connector/com.unity.robotics.visualizations/Runtime/DefaultVisualizers/Diagnostic) by extension 'ignore_ament_install'
[0.238s] Level 1:colcon.colcon_core.package_identification:_identify(src/ROS-TCP-Connector/com.unity.robotics.visualizations/Runtime/DefaultVisualizers/Diagnostic) by extensions ['colcon_pkg']
[0.238s] Level 1:colcon.colcon_core.package_identification:_identify(src/ROS-TCP-Connector/com.unity.robotics.visualizations/Runtime/DefaultVisualizers/Diagnostic) by extension 'colcon_pkg'
[0.238s] Level 1:colcon.colcon_core.package_identification:_identify(src/ROS-TCP-Connector/com.unity.robotics.visualizations/Runtime/DefaultVisualizers/Diagnostic) by extensions ['colcon_meta']
[0.238s] Level 1:colcon.colcon_core.package_identification:_identify(src/ROS-TCP-Connector/com.unity.robotics.visualizations/Runtime/DefaultVisualizers/Diagnostic) by extension 'colcon_meta'
[0.238s] Level 1:colcon.colcon_core.package_identification:_identify(src/ROS-TCP-Connector/com.unity.robotics.visualizations/Runtime/DefaultVisualizers/Diagnostic) by extensions ['ros']
[0.238s] Level 1:colcon.colcon_core.package_identification:_identify(src/ROS-TCP-Connector/com.unity.robotics.visualizations/Runtime/DefaultVisualizers/Diagnostic) by extension 'ros'
[0.238s] Level 1:colcon.colcon_core.package_identification:_identify(src/ROS-TCP-Connector/com.unity.robotics.visualizations/Runtime/DefaultVisualizers/Diagnostic) by extensions ['cmake', 'python']
[0.239s] Level 1:colcon.colcon_core.package_identification:_identify(src/ROS-TCP-Connector/com.unity.robotics.visualizations/Runtime/DefaultVisualizers/Diagnostic) by extension 'cmake'
[0.239s] Level 1:colcon.colcon_core.package_identification:_identify(src/ROS-TCP-Connector/com.unity.robotics.visualizations/Runtime/DefaultVisualizers/Diagnostic) by extension 'python'
[0.239s] Level 1:colcon.colcon_core.package_identification:_identify(src/ROS-TCP-Connector/com.unity.robotics.visualizations/Runtime/DefaultVisualizers/Diagnostic) by extensions ['python_setup_py']
[0.239s] Level 1:colcon.colcon_core.package_identification:_identify(src/ROS-TCP-Connector/com.unity.robotics.visualizations/Runtime/DefaultVisualizers/Diagnostic) by extension 'python_setup_py'
[0.239s] Level 1:colcon.colcon_core.package_identification:_identify(src/ROS-TCP-Connector/com.unity.robotics.visualizations/Runtime/DefaultVisualizers/Geometry) by extensions ['ignore', 'ignore_ament_install']
[0.239s] Level 1:colcon.colcon_core.package_identification:_identify(src/ROS-TCP-Connector/com.unity.robotics.visualizations/Runtime/DefaultVisualizers/Geometry) by extension 'ignore'
[0.239s] Level 1:colcon.colcon_core.package_identification:_identify(src/ROS-TCP-Connector/com.unity.robotics.visualizations/Runtime/DefaultVisualizers/Geometry) by extension 'ignore_ament_install'
[0.239s] Level 1:colcon.colcon_core.package_identification:_identify(src/ROS-TCP-Connector/com.unity.robotics.visualizations/Runtime/DefaultVisualizers/Geometry) by extensions ['colcon_pkg']
[0.239s] Level 1:colcon.colcon_core.package_identification:_identify(src/ROS-TCP-Connector/com.unity.robotics.visualizations/Runtime/DefaultVisualizers/Geometry) by extension 'colcon_pkg'
[0.239s] Level 1:colcon.colcon_core.package_identification:_identify(src/ROS-TCP-Connector/com.unity.robotics.visualizations/Runtime/DefaultVisualizers/Geometry) by extensions ['colcon_meta']
[0.239s] Level 1:colcon.colcon_core.package_identification:_identify(src/ROS-TCP-Connector/com.unity.robotics.visualizations/Runtime/DefaultVisualizers/Geometry) by extension 'colcon_meta'
[0.239s] Level 1:colcon.colcon_core.package_identification:_identify(src/ROS-TCP-Connector/com.unity.robotics.visualizations/Runtime/DefaultVisualizers/Geometry) by extensions ['ros']
[0.239s] Level 1:colcon.colcon_core.package_identification:_identify(src/ROS-TCP-Connector/com.unity.robotics.visualizations/Runtime/DefaultVisualizers/Geometry) by extension 'ros'
[0.239s] Level 1:colcon.colcon_core.package_identification:_identify(src/ROS-TCP-Connector/com.unity.robotics.visualizations/Runtime/DefaultVisualizers/Geometry) by extensions ['cmake', 'python']
[0.239s] Level 1:colcon.colcon_core.package_identification:_identify(src/ROS-TCP-Connector/com.unity.robotics.visualizations/Runtime/DefaultVisualizers/Geometry) by extension 'cmake'
[0.239s] Level 1:colcon.colcon_core.package_identification:_identify(src/ROS-TCP-Connector/com.unity.robotics.visualizations/Runtime/DefaultVisualizers/Geometry) by extension 'python'
[0.239s] Level 1:colcon.colcon_core.package_identification:_identify(src/ROS-TCP-Connector/com.unity.robotics.visualizations/Runtime/DefaultVisualizers/Geometry) by extensions ['python_setup_py']
[0.239s] Level 1:colcon.colcon_core.package_identification:_identify(src/ROS-TCP-Connector/com.unity.robotics.visualizations/Runtime/DefaultVisualizers/Geometry) by extension 'python_setup_py'
[0.239s] Level 1:colcon.colcon_core.package_identification:_identify(src/ROS-TCP-Connector/com.unity.robotics.visualizations/Runtime/DefaultVisualizers/Nav) by extensions ['ignore', 'ignore_ament_install']
[0.239s] Level 1:colcon.colcon_core.package_identification:_identify(src/ROS-TCP-Connector/com.unity.robotics.visualizations/Runtime/DefaultVisualizers/Nav) by extension 'ignore'
[0.239s] Level 1:colcon.colcon_core.package_identification:_identify(src/ROS-TCP-Connector/com.unity.robotics.visualizations/Runtime/DefaultVisualizers/Nav) by extension 'ignore_ament_install'
[0.239s] Level 1:colcon.colcon_core.package_identification:_identify(src/ROS-TCP-Connector/com.unity.robotics.visualizations/Runtime/DefaultVisualizers/Nav) by extensions ['colcon_pkg']
[0.239s] Level 1:colcon.colcon_core.package_identification:_identify(src/ROS-TCP-Connector/com.unity.robotics.visualizations/Runtime/DefaultVisualizers/Nav) by extension 'colcon_pkg'
[0.239s] Level 1:colcon.colcon_core.package_identification:_identify(src/ROS-TCP-Connector/com.unity.robotics.visualizations/Runtime/DefaultVisualizers/Nav) by extensions ['colcon_meta']
[0.239s] Level 1:colcon.colcon_core.package_identification:_identify(src/ROS-TCP-Connector/com.unity.robotics.visualizations/Runtime/DefaultVisualizers/Nav) by extension 'colcon_meta'
[0.239s] Level 1:colcon.colcon_core.package_identification:_identify(src/ROS-TCP-Connector/com.unity.robotics.visualizations/Runtime/DefaultVisualizers/Nav) by extensions ['ros']
[0.239s] Level 1:colcon.colcon_core.package_identification:_identify(src/ROS-TCP-Connector/com.unity.robotics.visualizations/Runtime/DefaultVisualizers/Nav) by extension 'ros'
[0.239s] Level 1:colcon.colcon_core.package_identification:_identify(src/ROS-TCP-Connector/com.unity.robotics.visualizations/Runtime/DefaultVisualizers/Nav) by extensions ['cmake', 'python']
[0.239s] Level 1:colcon.colcon_core.package_identification:_identify(src/ROS-TCP-Connector/com.unity.robotics.visualizations/Runtime/DefaultVisualizers/Nav) by extension 'cmake'
[0.239s] Level 1:colcon.colcon_core.package_identification:_identify(src/ROS-TCP-Connector/com.unity.robotics.visualizations/Runtime/DefaultVisualizers/Nav) by extension 'python'
[0.239s] Level 1:colcon.colcon_core.package_identification:_identify(src/ROS-TCP-Connector/com.unity.robotics.visualizations/Runtime/DefaultVisualizers/Nav) by extensions ['python_setup_py']
[0.239s] Level 1:colcon.colcon_core.package_identification:_identify(src/ROS-TCP-Connector/com.unity.robotics.visualizations/Runtime/DefaultVisualizers/Nav) by extension 'python_setup_py'
[0.239s] Level 1:colcon.colcon_core.package_identification:_identify(src/ROS-TCP-Connector/com.unity.robotics.visualizations/Runtime/DefaultVisualizers/Sensor) by extensions ['ignore', 'ignore_ament_install']
[0.239s] Level 1:colcon.colcon_core.package_identification:_identify(src/ROS-TCP-Connector/com.unity.robotics.visualizations/Runtime/DefaultVisualizers/Sensor) by extension 'ignore'
[0.239s] Level 1:colcon.colcon_core.package_identification:_identify(src/ROS-TCP-Connector/com.unity.robotics.visualizations/Runtime/DefaultVisualizers/Sensor) by extension 'ignore_ament_install'
[0.239s] Level 1:colcon.colcon_core.package_identification:_identify(src/ROS-TCP-Connector/com.unity.robotics.visualizations/Runtime/DefaultVisualizers/Sensor) by extensions ['colcon_pkg']
[0.239s] Level 1:colcon.colcon_core.package_identification:_identify(src/ROS-TCP-Connector/com.unity.robotics.visualizations/Runtime/DefaultVisualizers/Sensor) by extension 'colcon_pkg'
[0.239s] Level 1:colcon.colcon_core.package_identification:_identify(src/ROS-TCP-Connector/com.unity.robotics.visualizations/Runtime/DefaultVisualizers/Sensor) by extensions ['colcon_meta']
[0.239s] Level 1:colcon.colcon_core.package_identification:_identify(src/ROS-TCP-Connector/com.unity.robotics.visualizations/Runtime/DefaultVisualizers/Sensor) by extension 'colcon_meta'
[0.239s] Level 1:colcon.colcon_core.package_identification:_identify(src/ROS-TCP-Connector/com.unity.robotics.visualizations/Runtime/DefaultVisualizers/Sensor) by extensions ['ros']
[0.239s] Level 1:colcon.colcon_core.package_identification:_identify(src/ROS-TCP-Connector/com.unity.robotics.visualizations/Runtime/DefaultVisualizers/Sensor) by extension 'ros'
[0.239s] Level 1:colcon.colcon_core.package_identification:_identify(src/ROS-TCP-Connector/com.unity.robotics.visualizations/Runtime/DefaultVisualizers/Sensor) by extensions ['cmake', 'python']
[0.239s] Level 1:colcon.colcon_core.package_identification:_identify(src/ROS-TCP-Connector/com.unity.robotics.visualizations/Runtime/DefaultVisualizers/Sensor) by extension 'cmake'
[0.239s] Level 1:colcon.colcon_core.package_identification:_identify(src/ROS-TCP-Connector/com.unity.robotics.visualizations/Runtime/DefaultVisualizers/Sensor) by extension 'python'
[0.239s] Level 1:colcon.colcon_core.package_identification:_identify(src/ROS-TCP-Connector/com.unity.robotics.visualizations/Runtime/DefaultVisualizers/Sensor) by extensions ['python_setup_py']
[0.239s] Level 1:colcon.colcon_core.package_identification:_identify(src/ROS-TCP-Connector/com.unity.robotics.visualizations/Runtime/DefaultVisualizers/Sensor) by extension 'python_setup_py'
[0.239s] Level 1:colcon.colcon_core.package_identification:_identify(src/ROS-TCP-Connector/com.unity.robotics.visualizations/Runtime/DefaultVisualizers/Sensor/ScriptableObjects) by extensions ['ignore', 'ignore_ament_install']
[0.239s] Level 1:colcon.colcon_core.package_identification:_identify(src/ROS-TCP-Connector/com.unity.robotics.visualizations/Runtime/DefaultVisualizers/Sensor/ScriptableObjects) by extension 'ignore'
[0.239s] Level 1:colcon.colcon_core.package_identification:_identify(src/ROS-TCP-Connector/com.unity.robotics.visualizations/Runtime/DefaultVisualizers/Sensor/ScriptableObjects) by extension 'ignore_ament_install'
[0.239s] Level 1:colcon.colcon_core.package_identification:_identify(src/ROS-TCP-Connector/com.unity.robotics.visualizations/Runtime/DefaultVisualizers/Sensor/ScriptableObjects) by extensions ['colcon_pkg']
[0.239s] Level 1:colcon.colcon_core.package_identification:_identify(src/ROS-TCP-Connector/com.unity.robotics.visualizations/Runtime/DefaultVisualizers/Sensor/ScriptableObjects) by extension 'colcon_pkg'
[0.239s] Level 1:colcon.colcon_core.package_identification:_identify(src/ROS-TCP-Connector/com.unity.robotics.visualizations/Runtime/DefaultVisualizers/Sensor/ScriptableObjects) by extensions ['colcon_meta']
[0.239s] Level 1:colcon.colcon_core.package_identification:_identify(src/ROS-TCP-Connector/com.unity.robotics.visualizations/Runtime/DefaultVisualizers/Sensor/ScriptableObjects) by extension 'colcon_meta'
[0.240s] Level 1:colcon.colcon_core.package_identification:_identify(src/ROS-TCP-Connector/com.unity.robotics.visualizations/Runtime/DefaultVisualizers/Sensor/ScriptableObjects) by extensions ['ros']
[0.240s] Level 1:colcon.colcon_core.package_identification:_identify(src/ROS-TCP-Connector/com.unity.robotics.visualizations/Runtime/DefaultVisualizers/Sensor/ScriptableObjects) by extension 'ros'
[0.240s] Level 1:colcon.colcon_core.package_identification:_identify(src/ROS-TCP-Connector/com.unity.robotics.visualizations/Runtime/DefaultVisualizers/Sensor/ScriptableObjects) by extensions ['cmake', 'python']
[0.240s] Level 1:colcon.colcon_core.package_identification:_identify(src/ROS-TCP-Connector/com.unity.robotics.visualizations/Runtime/DefaultVisualizers/Sensor/ScriptableObjects) by extension 'cmake'
[0.240s] Level 1:colcon.colcon_core.package_identification:_identify(src/ROS-TCP-Connector/com.unity.robotics.visualizations/Runtime/DefaultVisualizers/Sensor/ScriptableObjects) by extension 'python'
[0.240s] Level 1:colcon.colcon_core.package_identification:_identify(src/ROS-TCP-Connector/com.unity.robotics.visualizations/Runtime/DefaultVisualizers/Sensor/ScriptableObjects) by extensions ['python_setup_py']
[0.240s] Level 1:colcon.colcon_core.package_identification:_identify(src/ROS-TCP-Connector/com.unity.robotics.visualizations/Runtime/DefaultVisualizers/Sensor/ScriptableObjects) by extension 'python_setup_py'
[0.240s] Level 1:colcon.colcon_core.package_identification:_identify(src/ROS-TCP-Connector/com.unity.robotics.visualizations/Runtime/DefaultVisualizers/Shape) by extensions ['ignore', 'ignore_ament_install']
[0.240s] Level 1:colcon.colcon_core.package_identification:_identify(src/ROS-TCP-Connector/com.unity.robotics.visualizations/Runtime/DefaultVisualizers/Shape) by extension 'ignore'
[0.240s] Level 1:colcon.colcon_core.package_identification:_identify(src/ROS-TCP-Connector/com.unity.robotics.visualizations/Runtime/DefaultVisualizers/Shape) by extension 'ignore_ament_install'
[0.240s] Level 1:colcon.colcon_core.package_identification:_identify(src/ROS-TCP-Connector/com.unity.robotics.visualizations/Runtime/DefaultVisualizers/Shape) by extensions ['colcon_pkg']
[0.240s] Level 1:colcon.colcon_core.package_identification:_identify(src/ROS-TCP-Connector/com.unity.robotics.visualizations/Runtime/DefaultVisualizers/Shape) by extension 'colcon_pkg'
[0.240s] Level 1:colcon.colcon_core.package_identification:_identify(src/ROS-TCP-Connector/com.unity.robotics.visualizations/Runtime/DefaultVisualizers/Shape) by extensions ['colcon_meta']
[0.240s] Level 1:colcon.colcon_core.package_identification:_identify(src/ROS-TCP-Connector/com.unity.robotics.visualizations/Runtime/DefaultVisualizers/Shape) by extension 'colcon_meta'
[0.240s] Level 1:colcon.colcon_core.package_identification:_identify(src/ROS-TCP-Connector/com.unity.robotics.visualizations/Runtime/DefaultVisualizers/Shape) by extensions ['ros']
[0.240s] Level 1:colcon.colcon_core.package_identification:_identify(src/ROS-TCP-Connector/com.unity.robotics.visualizations/Runtime/DefaultVisualizers/Shape) by extension 'ros'
[0.240s] Level 1:colcon.colcon_core.package_identification:_identify(src/ROS-TCP-Connector/com.unity.robotics.visualizations/Runtime/DefaultVisualizers/Shape) by extensions ['cmake', 'python']
[0.240s] Level 1:colcon.colcon_core.package_identification:_identify(src/ROS-TCP-Connector/com.unity.robotics.visualizations/Runtime/DefaultVisualizers/Shape) by extension 'cmake'
[0.240s] Level 1:colcon.colcon_core.package_identification:_identify(src/ROS-TCP-Connector/com.unity.robotics.visualizations/Runtime/DefaultVisualizers/Shape) by extension 'python'
[0.240s] Level 1:colcon.colcon_core.package_identification:_identify(src/ROS-TCP-Connector/com.unity.robotics.visualizations/Runtime/DefaultVisualizers/Shape) by extensions ['python_setup_py']
[0.240s] Level 1:colcon.colcon_core.package_identification:_identify(src/ROS-TCP-Connector/com.unity.robotics.visualizations/Runtime/DefaultVisualizers/Shape) by extension 'python_setup_py'
[0.240s] Level 1:colcon.colcon_core.package_identification:_identify(src/ROS-TCP-Connector/com.unity.robotics.visualizations/Runtime/DefaultVisualizers/Std) by extensions ['ignore', 'ignore_ament_install']
[0.240s] Level 1:colcon.colcon_core.package_identification:_identify(src/ROS-TCP-Connector/com.unity.robotics.visualizations/Runtime/DefaultVisualizers/Std) by extension 'ignore'
[0.240s] Level 1:colcon.colcon_core.package_identification:_identify(src/ROS-TCP-Connector/com.unity.robotics.visualizations/Runtime/DefaultVisualizers/Std) by extension 'ignore_ament_install'
[0.240s] Level 1:colcon.colcon_core.package_identification:_identify(src/ROS-TCP-Connector/com.unity.robotics.visualizations/Runtime/DefaultVisualizers/Std) by extensions ['colcon_pkg']
[0.240s] Level 1:colcon.colcon_core.package_identification:_identify(src/ROS-TCP-Connector/com.unity.robotics.visualizations/Runtime/DefaultVisualizers/Std) by extension 'colcon_pkg'
[0.240s] Level 1:colcon.colcon_core.package_identification:_identify(src/ROS-TCP-Connector/com.unity.robotics.visualizations/Runtime/DefaultVisualizers/Std) by extensions ['colcon_meta']
[0.240s] Level 1:colcon.colcon_core.package_identification:_identify(src/ROS-TCP-Connector/com.unity.robotics.visualizations/Runtime/DefaultVisualizers/Std) by extension 'colcon_meta'
[0.240s] Level 1:colcon.colcon_core.package_identification:_identify(src/ROS-TCP-Connector/com.unity.robotics.visualizations/Runtime/DefaultVisualizers/Std) by extensions ['ros']
[0.240s] Level 1:colcon.colcon_core.package_identification:_identify(src/ROS-TCP-Connector/com.unity.robotics.visualizations/Runtime/DefaultVisualizers/Std) by extension 'ros'
[0.240s] Level 1:colcon.colcon_core.package_identification:_identify(src/ROS-TCP-Connector/com.unity.robotics.visualizations/Runtime/DefaultVisualizers/Std) by extensions ['cmake', 'python']
[0.240s] Level 1:colcon.colcon_core.package_identification:_identify(src/ROS-TCP-Connector/com.unity.robotics.visualizations/Runtime/DefaultVisualizers/Std) by extension 'cmake'
[0.240s] Level 1:colcon.colcon_core.package_identification:_identify(src/ROS-TCP-Connector/com.unity.robotics.visualizations/Runtime/DefaultVisualizers/Std) by extension 'python'
[0.240s] Level 1:colcon.colcon_core.package_identification:_identify(src/ROS-TCP-Connector/com.unity.robotics.visualizations/Runtime/DefaultVisualizers/Std) by extensions ['python_setup_py']
[0.240s] Level 1:colcon.colcon_core.package_identification:_identify(src/ROS-TCP-Connector/com.unity.robotics.visualizations/Runtime/DefaultVisualizers/Std) by extension 'python_setup_py'
[0.240s] Level 1:colcon.colcon_core.package_identification:_identify(src/ROS-TCP-Connector/com.unity.robotics.visualizations/Runtime/DefaultVisualizers/Stereo) by extensions ['ignore', 'ignore_ament_install']
[0.240s] Level 1:colcon.colcon_core.package_identification:_identify(src/ROS-TCP-Connector/com.unity.robotics.visualizations/Runtime/DefaultVisualizers/Stereo) by extension 'ignore'
[0.240s] Level 1:colcon.colcon_core.package_identification:_identify(src/ROS-TCP-Connector/com.unity.robotics.visualizations/Runtime/DefaultVisualizers/Stereo) by extension 'ignore_ament_install'
[0.240s] Level 1:colcon.colcon_core.package_identification:_identify(src/ROS-TCP-Connector/com.unity.robotics.visualizations/Runtime/DefaultVisualizers/Stereo) by extensions ['colcon_pkg']
[0.240s] Level 1:colcon.colcon_core.package_identification:_identify(src/ROS-TCP-Connector/com.unity.robotics.visualizations/Runtime/DefaultVisualizers/Stereo) by extension 'colcon_pkg'
[0.240s] Level 1:colcon.colcon_core.package_identification:_identify(src/ROS-TCP-Connector/com.unity.robotics.visualizations/Runtime/DefaultVisualizers/Stereo) by extensions ['colcon_meta']
[0.240s] Level 1:colcon.colcon_core.package_identification:_identify(src/ROS-TCP-Connector/com.unity.robotics.visualizations/Runtime/DefaultVisualizers/Stereo) by extension 'colcon_meta'
[0.240s] Level 1:colcon.colcon_core.package_identification:_identify(src/ROS-TCP-Connector/com.unity.robotics.visualizations/Runtime/DefaultVisualizers/Stereo) by extensions ['ros']
[0.240s] Level 1:colcon.colcon_core.package_identification:_identify(src/ROS-TCP-Connector/com.unity.robotics.visualizations/Runtime/DefaultVisualizers/Stereo) by extension 'ros'
[0.240s] Level 1:colcon.colcon_core.package_identification:_identify(src/ROS-TCP-Connector/com.unity.robotics.visualizations/Runtime/DefaultVisualizers/Stereo) by extensions ['cmake', 'python']
[0.240s] Level 1:colcon.colcon_core.package_identification:_identify(src/ROS-TCP-Connector/com.unity.robotics.visualizations/Runtime/DefaultVisualizers/Stereo) by extension 'cmake'
[0.240s] Level 1:colcon.colcon_core.package_identification:_identify(src/ROS-TCP-Connector/com.unity.robotics.visualizations/Runtime/DefaultVisualizers/Stereo) by extension 'python'
[0.240s] Level 1:colcon.colcon_core.package_identification:_identify(src/ROS-TCP-Connector/com.unity.robotics.visualizations/Runtime/DefaultVisualizers/Stereo) by extensions ['python_setup_py']
[0.240s] Level 1:colcon.colcon_core.package_identification:_identify(src/ROS-TCP-Connector/com.unity.robotics.visualizations/Runtime/DefaultVisualizers/Stereo) by extension 'python_setup_py'
[0.240s] Level 1:colcon.colcon_core.package_identification:_identify(src/ROS-TCP-Connector/com.unity.robotics.visualizations/Runtime/DefaultVisualizers/Trajectory) by extensions ['ignore', 'ignore_ament_install']
[0.240s] Level 1:colcon.colcon_core.package_identification:_identify(src/ROS-TCP-Connector/com.unity.robotics.visualizations/Runtime/DefaultVisualizers/Trajectory) by extension 'ignore'
[0.240s] Level 1:colcon.colcon_core.package_identification:_identify(src/ROS-TCP-Connector/com.unity.robotics.visualizations/Runtime/DefaultVisualizers/Trajectory) by extension 'ignore_ament_install'
[0.240s] Level 1:colcon.colcon_core.package_identification:_identify(src/ROS-TCP-Connector/com.unity.robotics.visualizations/Runtime/DefaultVisualizers/Trajectory) by extensions ['colcon_pkg']
[0.240s] Level 1:colcon.colcon_core.package_identification:_identify(src/ROS-TCP-Connector/com.unity.robotics.visualizations/Runtime/DefaultVisualizers/Trajectory) by extension 'colcon_pkg'
[0.240s] Level 1:colcon.colcon_core.package_identification:_identify(src/ROS-TCP-Connector/com.unity.robotics.visualizations/Runtime/DefaultVisualizers/Trajectory) by extensions ['colcon_meta']
[0.240s] Level 1:colcon.colcon_core.package_identification:_identify(src/ROS-TCP-Connector/com.unity.robotics.visualizations/Runtime/DefaultVisualizers/Trajectory) by extension 'colcon_meta'
[0.240s] Level 1:colcon.colcon_core.package_identification:_identify(src/ROS-TCP-Connector/com.unity.robotics.visualizations/Runtime/DefaultVisualizers/Trajectory) by extensions ['ros']
[0.240s] Level 1:colcon.colcon_core.package_identification:_identify(src/ROS-TCP-Connector/com.unity.robotics.visualizations/Runtime/DefaultVisualizers/Trajectory) by extension 'ros'
[0.241s] Level 1:colcon.colcon_core.package_identification:_identify(src/ROS-TCP-Connector/com.unity.robotics.visualizations/Runtime/DefaultVisualizers/Trajectory) by extensions ['cmake', 'python']
[0.241s] Level 1:colcon.colcon_core.package_identification:_identify(src/ROS-TCP-Connector/com.unity.robotics.visualizations/Runtime/DefaultVisualizers/Trajectory) by extension 'cmake'
[0.241s] Level 1:colcon.colcon_core.package_identification:_identify(src/ROS-TCP-Connector/com.unity.robotics.visualizations/Runtime/DefaultVisualizers/Trajectory) by extension 'python'
[0.241s] Level 1:colcon.colcon_core.package_identification:_identify(src/ROS-TCP-Connector/com.unity.robotics.visualizations/Runtime/DefaultVisualizers/Trajectory) by extensions ['python_setup_py']
[0.241s] Level 1:colcon.colcon_core.package_identification:_identify(src/ROS-TCP-Connector/com.unity.robotics.visualizations/Runtime/DefaultVisualizers/Trajectory) by extension 'python_setup_py'
[0.241s] Level 1:colcon.colcon_core.package_identification:_identify(src/ROS-TCP-Connector/com.unity.robotics.visualizations/Runtime/DefaultVisualizers/Visualization) by extensions ['ignore', 'ignore_ament_install']
[0.241s] Level 1:colcon.colcon_core.package_identification:_identify(src/ROS-TCP-Connector/com.unity.robotics.visualizations/Runtime/DefaultVisualizers/Visualization) by extension 'ignore'
[0.241s] Level 1:colcon.colcon_core.package_identification:_identify(src/ROS-TCP-Connector/com.unity.robotics.visualizations/Runtime/DefaultVisualizers/Visualization) by extension 'ignore_ament_install'
[0.241s] Level 1:colcon.colcon_core.package_identification:_identify(src/ROS-TCP-Connector/com.unity.robotics.visualizations/Runtime/DefaultVisualizers/Visualization) by extensions ['colcon_pkg']
[0.241s] Level 1:colcon.colcon_core.package_identification:_identify(src/ROS-TCP-Connector/com.unity.robotics.visualizations/Runtime/DefaultVisualizers/Visualization) by extension 'colcon_pkg'
[0.241s] Level 1:colcon.colcon_core.package_identification:_identify(src/ROS-TCP-Connector/com.unity.robotics.visualizations/Runtime/DefaultVisualizers/Visualization) by extensions ['colcon_meta']
[0.241s] Level 1:colcon.colcon_core.package_identification:_identify(src/ROS-TCP-Connector/com.unity.robotics.visualizations/Runtime/DefaultVisualizers/Visualization) by extension 'colcon_meta'
[0.241s] Level 1:colcon.colcon_core.package_identification:_identify(src/ROS-TCP-Connector/com.unity.robotics.visualizations/Runtime/DefaultVisualizers/Visualization) by extensions ['ros']
[0.241s] Level 1:colcon.colcon_core.package_identification:_identify(src/ROS-TCP-Connector/com.unity.robotics.visualizations/Runtime/DefaultVisualizers/Visualization) by extension 'ros'
[0.241s] Level 1:colcon.colcon_core.package_identification:_identify(src/ROS-TCP-Connector/com.unity.robotics.visualizations/Runtime/DefaultVisualizers/Visualization) by extensions ['cmake', 'python']
[0.241s] Level 1:colcon.colcon_core.package_identification:_identify(src/ROS-TCP-Connector/com.unity.robotics.visualizations/Runtime/DefaultVisualizers/Visualization) by extension 'cmake'
[0.241s] Level 1:colcon.colcon_core.package_identification:_identify(src/ROS-TCP-Connector/com.unity.robotics.visualizations/Runtime/DefaultVisualizers/Visualization) by extension 'python'
[0.241s] Level 1:colcon.colcon_core.package_identification:_identify(src/ROS-TCP-Connector/com.unity.robotics.visualizations/Runtime/DefaultVisualizers/Visualization) by extensions ['python_setup_py']
[0.241s] Level 1:colcon.colcon_core.package_identification:_identify(src/ROS-TCP-Connector/com.unity.robotics.visualizations/Runtime/DefaultVisualizers/Visualization) by extension 'python_setup_py'
[0.241s] Level 1:colcon.colcon_core.package_identification:_identify(src/ROS-TCP-Connector/com.unity.robotics.visualizations/Runtime/Drawing3d) by extensions ['ignore', 'ignore_ament_install']
[0.241s] Level 1:colcon.colcon_core.package_identification:_identify(src/ROS-TCP-Connector/com.unity.robotics.visualizations/Runtime/Drawing3d) by extension 'ignore'
[0.241s] Level 1:colcon.colcon_core.package_identification:_identify(src/ROS-TCP-Connector/com.unity.robotics.visualizations/Runtime/Drawing3d) by extension 'ignore_ament_install'
[0.241s] Level 1:colcon.colcon_core.package_identification:_identify(src/ROS-TCP-Connector/com.unity.robotics.visualizations/Runtime/Drawing3d) by extensions ['colcon_pkg']
[0.241s] Level 1:colcon.colcon_core.package_identification:_identify(src/ROS-TCP-Connector/com.unity.robotics.visualizations/Runtime/Drawing3d) by extension 'colcon_pkg'
[0.241s] Level 1:colcon.colcon_core.package_identification:_identify(src/ROS-TCP-Connector/com.unity.robotics.visualizations/Runtime/Drawing3d) by extensions ['colcon_meta']
[0.241s] Level 1:colcon.colcon_core.package_identification:_identify(src/ROS-TCP-Connector/com.unity.robotics.visualizations/Runtime/Drawing3d) by extension 'colcon_meta'
[0.241s] Level 1:colcon.colcon_core.package_identification:_identify(src/ROS-TCP-Connector/com.unity.robotics.visualizations/Runtime/Drawing3d) by extensions ['ros']
[0.241s] Level 1:colcon.colcon_core.package_identification:_identify(src/ROS-TCP-Connector/com.unity.robotics.visualizations/Runtime/Drawing3d) by extension 'ros'
[0.241s] Level 1:colcon.colcon_core.package_identification:_identify(src/ROS-TCP-Connector/com.unity.robotics.visualizations/Runtime/Drawing3d) by extensions ['cmake', 'python']
[0.241s] Level 1:colcon.colcon_core.package_identification:_identify(src/ROS-TCP-Connector/com.unity.robotics.visualizations/Runtime/Drawing3d) by extension 'cmake'
[0.241s] Level 1:colcon.colcon_core.package_identification:_identify(src/ROS-TCP-Connector/com.unity.robotics.visualizations/Runtime/Drawing3d) by extension 'python'
[0.241s] Level 1:colcon.colcon_core.package_identification:_identify(src/ROS-TCP-Connector/com.unity.robotics.visualizations/Runtime/Drawing3d) by extensions ['python_setup_py']
[0.241s] Level 1:colcon.colcon_core.package_identification:_identify(src/ROS-TCP-Connector/com.unity.robotics.visualizations/Runtime/Drawing3d) by extension 'python_setup_py'
[0.241s] Level 1:colcon.colcon_core.package_identification:_identify(src/ROS-TCP-Connector/com.unity.robotics.visualizations/Runtime/Drawing3d/Materials) by extensions ['ignore', 'ignore_ament_install']
[0.241s] Level 1:colcon.colcon_core.package_identification:_identify(src/ROS-TCP-Connector/com.unity.robotics.visualizations/Runtime/Drawing3d/Materials) by extension 'ignore'
[0.241s] Level 1:colcon.colcon_core.package_identification:_identify(src/ROS-TCP-Connector/com.unity.robotics.visualizations/Runtime/Drawing3d/Materials) by extension 'ignore_ament_install'
[0.241s] Level 1:colcon.colcon_core.package_identification:_identify(src/ROS-TCP-Connector/com.unity.robotics.visualizations/Runtime/Drawing3d/Materials) by extensions ['colcon_pkg']
[0.241s] Level 1:colcon.colcon_core.package_identification:_identify(src/ROS-TCP-Connector/com.unity.robotics.visualizations/Runtime/Drawing3d/Materials) by extension 'colcon_pkg'
[0.241s] Level 1:colcon.colcon_core.package_identification:_identify(src/ROS-TCP-Connector/com.unity.robotics.visualizations/Runtime/Drawing3d/Materials) by extensions ['colcon_meta']
[0.241s] Level 1:colcon.colcon_core.package_identification:_identify(src/ROS-TCP-Connector/com.unity.robotics.visualizations/Runtime/Drawing3d/Materials) by extension 'colcon_meta'
[0.241s] Level 1:colcon.colcon_core.package_identification:_identify(src/ROS-TCP-Connector/com.unity.robotics.visualizations/Runtime/Drawing3d/Materials) by extensions ['ros']
[0.241s] Level 1:colcon.colcon_core.package_identification:_identify(src/ROS-TCP-Connector/com.unity.robotics.visualizations/Runtime/Drawing3d/Materials) by extension 'ros'
[0.241s] Level 1:colcon.colcon_core.package_identification:_identify(src/ROS-TCP-Connector/com.unity.robotics.visualizations/Runtime/Drawing3d/Materials) by extensions ['cmake', 'python']
[0.241s] Level 1:colcon.colcon_core.package_identification:_identify(src/ROS-TCP-Connector/com.unity.robotics.visualizations/Runtime/Drawing3d/Materials) by extension 'cmake'
[0.241s] Level 1:colcon.colcon_core.package_identification:_identify(src/ROS-TCP-Connector/com.unity.robotics.visualizations/Runtime/Drawing3d/Materials) by extension 'python'
[0.241s] Level 1:colcon.colcon_core.package_identification:_identify(src/ROS-TCP-Connector/com.unity.robotics.visualizations/Runtime/Drawing3d/Materials) by extensions ['python_setup_py']
[0.241s] Level 1:colcon.colcon_core.package_identification:_identify(src/ROS-TCP-Connector/com.unity.robotics.visualizations/Runtime/Drawing3d/Materials) by extension 'python_setup_py'
[0.241s] Level 1:colcon.colcon_core.package_identification:_identify(src/ROS-TCP-Connector/com.unity.robotics.visualizations/Runtime/Drawing3d/Scripts) by extensions ['ignore', 'ignore_ament_install']
[0.241s] Level 1:colcon.colcon_core.package_identification:_identify(src/ROS-TCP-Connector/com.unity.robotics.visualizations/Runtime/Drawing3d/Scripts) by extension 'ignore'
[0.241s] Level 1:colcon.colcon_core.package_identification:_identify(src/ROS-TCP-Connector/com.unity.robotics.visualizations/Runtime/Drawing3d/Scripts) by extension 'ignore_ament_install'
[0.241s] Level 1:colcon.colcon_core.package_identification:_identify(src/ROS-TCP-Connector/com.unity.robotics.visualizations/Runtime/Drawing3d/Scripts) by extensions ['colcon_pkg']
[0.241s] Level 1:colcon.colcon_core.package_identification:_identify(src/ROS-TCP-Connector/com.unity.robotics.visualizations/Runtime/Drawing3d/Scripts) by extension 'colcon_pkg'
[0.241s] Level 1:colcon.colcon_core.package_identification:_identify(src/ROS-TCP-Connector/com.unity.robotics.visualizations/Runtime/Drawing3d/Scripts) by extensions ['colcon_meta']
[0.241s] Level 1:colcon.colcon_core.package_identification:_identify(src/ROS-TCP-Connector/com.unity.robotics.visualizations/Runtime/Drawing3d/Scripts) by extension 'colcon_meta'
[0.241s] Level 1:colcon.colcon_core.package_identification:_identify(src/ROS-TCP-Connector/com.unity.robotics.visualizations/Runtime/Drawing3d/Scripts) by extensions ['ros']
[0.241s] Level 1:colcon.colcon_core.package_identification:_identify(src/ROS-TCP-Connector/com.unity.robotics.visualizations/Runtime/Drawing3d/Scripts) by extension 'ros'
[0.241s] Level 1:colcon.colcon_core.package_identification:_identify(src/ROS-TCP-Connector/com.unity.robotics.visualizations/Runtime/Drawing3d/Scripts) by extensions ['cmake', 'python']
[0.241s] Level 1:colcon.colcon_core.package_identification:_identify(src/ROS-TCP-Connector/com.unity.robotics.visualizations/Runtime/Drawing3d/Scripts) by extension 'cmake'
[0.241s] Level 1:colcon.colcon_core.package_identification:_identify(src/ROS-TCP-Connector/com.unity.robotics.visualizations/Runtime/Drawing3d/Scripts) by extension 'python'
[0.242s] Level 1:colcon.colcon_core.package_identification:_identify(src/ROS-TCP-Connector/com.unity.robotics.visualizations/Runtime/Drawing3d/Scripts) by extensions ['python_setup_py']
[0.242s] Level 1:colcon.colcon_core.package_identification:_identify(src/ROS-TCP-Connector/com.unity.robotics.visualizations/Runtime/Drawing3d/Scripts) by extension 'python_setup_py'
[0.242s] Level 1:colcon.colcon_core.package_identification:_identify(src/ROS-TCP-Connector/com.unity.robotics.visualizations/Runtime/Drawing3d/Shaders) by extensions ['ignore', 'ignore_ament_install']
[0.242s] Level 1:colcon.colcon_core.package_identification:_identify(src/ROS-TCP-Connector/com.unity.robotics.visualizations/Runtime/Drawing3d/Shaders) by extension 'ignore'
[0.242s] Level 1:colcon.colcon_core.package_identification:_identify(src/ROS-TCP-Connector/com.unity.robotics.visualizations/Runtime/Drawing3d/Shaders) by extension 'ignore_ament_install'
[0.242s] Level 1:colcon.colcon_core.package_identification:_identify(src/ROS-TCP-Connector/com.unity.robotics.visualizations/Runtime/Drawing3d/Shaders) by extensions ['colcon_pkg']
[0.242s] Level 1:colcon.colcon_core.package_identification:_identify(src/ROS-TCP-Connector/com.unity.robotics.visualizations/Runtime/Drawing3d/Shaders) by extension 'colcon_pkg'
[0.242s] Level 1:colcon.colcon_core.package_identification:_identify(src/ROS-TCP-Connector/com.unity.robotics.visualizations/Runtime/Drawing3d/Shaders) by extensions ['colcon_meta']
[0.242s] Level 1:colcon.colcon_core.package_identification:_identify(src/ROS-TCP-Connector/com.unity.robotics.visualizations/Runtime/Drawing3d/Shaders) by extension 'colcon_meta'
[0.242s] Level 1:colcon.colcon_core.package_identification:_identify(src/ROS-TCP-Connector/com.unity.robotics.visualizations/Runtime/Drawing3d/Shaders) by extensions ['ros']
[0.242s] Level 1:colcon.colcon_core.package_identification:_identify(src/ROS-TCP-Connector/com.unity.robotics.visualizations/Runtime/Drawing3d/Shaders) by extension 'ros'
[0.242s] Level 1:colcon.colcon_core.package_identification:_identify(src/ROS-TCP-Connector/com.unity.robotics.visualizations/Runtime/Drawing3d/Shaders) by extensions ['cmake', 'python']
[0.242s] Level 1:colcon.colcon_core.package_identification:_identify(src/ROS-TCP-Connector/com.unity.robotics.visualizations/Runtime/Drawing3d/Shaders) by extension 'cmake'
[0.242s] Level 1:colcon.colcon_core.package_identification:_identify(src/ROS-TCP-Connector/com.unity.robotics.visualizations/Runtime/Drawing3d/Shaders) by extension 'python'
[0.242s] Level 1:colcon.colcon_core.package_identification:_identify(src/ROS-TCP-Connector/com.unity.robotics.visualizations/Runtime/Drawing3d/Shaders) by extensions ['python_setup_py']
[0.242s] Level 1:colcon.colcon_core.package_identification:_identify(src/ROS-TCP-Connector/com.unity.robotics.visualizations/Runtime/Drawing3d/Shaders) by extension 'python_setup_py'
[0.242s] Level 1:colcon.colcon_core.package_identification:_identify(src/ROS-TCP-Connector/com.unity.robotics.visualizations/Runtime/Drawing3d/Textures) by extensions ['ignore', 'ignore_ament_install']
[0.242s] Level 1:colcon.colcon_core.package_identification:_identify(src/ROS-TCP-Connector/com.unity.robotics.visualizations/Runtime/Drawing3d/Textures) by extension 'ignore'
[0.242s] Level 1:colcon.colcon_core.package_identification:_identify(src/ROS-TCP-Connector/com.unity.robotics.visualizations/Runtime/Drawing3d/Textures) by extension 'ignore_ament_install'
[0.242s] Level 1:colcon.colcon_core.package_identification:_identify(src/ROS-TCP-Connector/com.unity.robotics.visualizations/Runtime/Drawing3d/Textures) by extensions ['colcon_pkg']
[0.242s] Level 1:colcon.colcon_core.package_identification:_identify(src/ROS-TCP-Connector/com.unity.robotics.visualizations/Runtime/Drawing3d/Textures) by extension 'colcon_pkg'
[0.242s] Level 1:colcon.colcon_core.package_identification:_identify(src/ROS-TCP-Connector/com.unity.robotics.visualizations/Runtime/Drawing3d/Textures) by extensions ['colcon_meta']
[0.242s] Level 1:colcon.colcon_core.package_identification:_identify(src/ROS-TCP-Connector/com.unity.robotics.visualizations/Runtime/Drawing3d/Textures) by extension 'colcon_meta'
[0.242s] Level 1:colcon.colcon_core.package_identification:_identify(src/ROS-TCP-Connector/com.unity.robotics.visualizations/Runtime/Drawing3d/Textures) by extensions ['ros']
[0.242s] Level 1:colcon.colcon_core.package_identification:_identify(src/ROS-TCP-Connector/com.unity.robotics.visualizations/Runtime/Drawing3d/Textures) by extension 'ros'
[0.242s] Level 1:colcon.colcon_core.package_identification:_identify(src/ROS-TCP-Connector/com.unity.robotics.visualizations/Runtime/Drawing3d/Textures) by extensions ['cmake', 'python']
[0.242s] Level 1:colcon.colcon_core.package_identification:_identify(src/ROS-TCP-Connector/com.unity.robotics.visualizations/Runtime/Drawing3d/Textures) by extension 'cmake'
[0.242s] Level 1:colcon.colcon_core.package_identification:_identify(src/ROS-TCP-Connector/com.unity.robotics.visualizations/Runtime/Drawing3d/Textures) by extension 'python'
[0.242s] Level 1:colcon.colcon_core.package_identification:_identify(src/ROS-TCP-Connector/com.unity.robotics.visualizations/Runtime/Drawing3d/Textures) by extensions ['python_setup_py']
[0.242s] Level 1:colcon.colcon_core.package_identification:_identify(src/ROS-TCP-Connector/com.unity.robotics.visualizations/Runtime/Drawing3d/Textures) by extension 'python_setup_py'
[0.242s] Level 1:colcon.colcon_core.package_identification:_identify(src/ROS-TCP-Connector/com.unity.robotics.visualizations/Runtime/ExampleVisualizers) by extensions ['ignore', 'ignore_ament_install']
[0.242s] Level 1:colcon.colcon_core.package_identification:_identify(src/ROS-TCP-Connector/com.unity.robotics.visualizations/Runtime/ExampleVisualizers) by extension 'ignore'
[0.242s] Level 1:colcon.colcon_core.package_identification:_identify(src/ROS-TCP-Connector/com.unity.robotics.visualizations/Runtime/ExampleVisualizers) by extension 'ignore_ament_install'
[0.242s] Level 1:colcon.colcon_core.package_identification:_identify(src/ROS-TCP-Connector/com.unity.robotics.visualizations/Runtime/ExampleVisualizers) by extensions ['colcon_pkg']
[0.242s] Level 1:colcon.colcon_core.package_identification:_identify(src/ROS-TCP-Connector/com.unity.robotics.visualizations/Runtime/ExampleVisualizers) by extension 'colcon_pkg'
[0.242s] Level 1:colcon.colcon_core.package_identification:_identify(src/ROS-TCP-Connector/com.unity.robotics.visualizations/Runtime/ExampleVisualizers) by extensions ['colcon_meta']
[0.242s] Level 1:colcon.colcon_core.package_identification:_identify(src/ROS-TCP-Connector/com.unity.robotics.visualizations/Runtime/ExampleVisualizers) by extension 'colcon_meta'
[0.242s] Level 1:colcon.colcon_core.package_identification:_identify(src/ROS-TCP-Connector/com.unity.robotics.visualizations/Runtime/ExampleVisualizers) by extensions ['ros']
[0.242s] Level 1:colcon.colcon_core.package_identification:_identify(src/ROS-TCP-Connector/com.unity.robotics.visualizations/Runtime/ExampleVisualizers) by extension 'ros'
[0.242s] Level 1:colcon.colcon_core.package_identification:_identify(src/ROS-TCP-Connector/com.unity.robotics.visualizations/Runtime/ExampleVisualizers) by extensions ['cmake', 'python']
[0.242s] Level 1:colcon.colcon_core.package_identification:_identify(src/ROS-TCP-Connector/com.unity.robotics.visualizations/Runtime/ExampleVisualizers) by extension 'cmake'
[0.242s] Level 1:colcon.colcon_core.package_identification:_identify(src/ROS-TCP-Connector/com.unity.robotics.visualizations/Runtime/ExampleVisualizers) by extension 'python'
[0.242s] Level 1:colcon.colcon_core.package_identification:_identify(src/ROS-TCP-Connector/com.unity.robotics.visualizations/Runtime/ExampleVisualizers) by extensions ['python_setup_py']
[0.242s] Level 1:colcon.colcon_core.package_identification:_identify(src/ROS-TCP-Connector/com.unity.robotics.visualizations/Runtime/ExampleVisualizers) by extension 'python_setup_py'
[0.242s] Level 1:colcon.colcon_core.package_identification:_identify(src/ROS-TCP-Connector/com.unity.robotics.visualizations/Runtime/Materials) by extensions ['ignore', 'ignore_ament_install']
[0.242s] Level 1:colcon.colcon_core.package_identification:_identify(src/ROS-TCP-Connector/com.unity.robotics.visualizations/Runtime/Materials) by extension 'ignore'
[0.242s] Level 1:colcon.colcon_core.package_identification:_identify(src/ROS-TCP-Connector/com.unity.robotics.visualizations/Runtime/Materials) by extension 'ignore_ament_install'
[0.242s] Level 1:colcon.colcon_core.package_identification:_identify(src/ROS-TCP-Connector/com.unity.robotics.visualizations/Runtime/Materials) by extensions ['colcon_pkg']
[0.242s] Level 1:colcon.colcon_core.package_identification:_identify(src/ROS-TCP-Connector/com.unity.robotics.visualizations/Runtime/Materials) by extension 'colcon_pkg'
[0.242s] Level 1:colcon.colcon_core.package_identification:_identify(src/ROS-TCP-Connector/com.unity.robotics.visualizations/Runtime/Materials) by extensions ['colcon_meta']
[0.242s] Level 1:colcon.colcon_core.package_identification:_identify(src/ROS-TCP-Connector/com.unity.robotics.visualizations/Runtime/Materials) by extension 'colcon_meta'
[0.242s] Level 1:colcon.colcon_core.package_identification:_identify(src/ROS-TCP-Connector/com.unity.robotics.visualizations/Runtime/Materials) by extensions ['ros']
[0.242s] Level 1:colcon.colcon_core.package_identification:_identify(src/ROS-TCP-Connector/com.unity.robotics.visualizations/Runtime/Materials) by extension 'ros'
[0.242s] Level 1:colcon.colcon_core.package_identification:_identify(src/ROS-TCP-Connector/com.unity.robotics.visualizations/Runtime/Materials) by extensions ['cmake', 'python']
[0.242s] Level 1:colcon.colcon_core.package_identification:_identify(src/ROS-TCP-Connector/com.unity.robotics.visualizations/Runtime/Materials) by extension 'cmake'
[0.242s] Level 1:colcon.colcon_core.package_identification:_identify(src/ROS-TCP-Connector/com.unity.robotics.visualizations/Runtime/Materials) by extension 'python'
[0.242s] Level 1:colcon.colcon_core.package_identification:_identify(src/ROS-TCP-Connector/com.unity.robotics.visualizations/Runtime/Materials) by extensions ['python_setup_py']
[0.242s] Level 1:colcon.colcon_core.package_identification:_identify(src/ROS-TCP-Connector/com.unity.robotics.visualizations/Runtime/Materials) by extension 'python_setup_py'
[0.243s] Level 1:colcon.colcon_core.package_identification:_identify(src/ROS-TCP-Connector/com.unity.robotics.visualizations/Runtime/Scripts) by extensions ['ignore', 'ignore_ament_install']
[0.243s] Level 1:colcon.colcon_core.package_identification:_identify(src/ROS-TCP-Connector/com.unity.robotics.visualizations/Runtime/Scripts) by extension 'ignore'
[0.243s] Level 1:colcon.colcon_core.package_identification:_identify(src/ROS-TCP-Connector/com.unity.robotics.visualizations/Runtime/Scripts) by extension 'ignore_ament_install'
[0.243s] Level 1:colcon.colcon_core.package_identification:_identify(src/ROS-TCP-Connector/com.unity.robotics.visualizations/Runtime/Scripts) by extensions ['colcon_pkg']
[0.243s] Level 1:colcon.colcon_core.package_identification:_identify(src/ROS-TCP-Connector/com.unity.robotics.visualizations/Runtime/Scripts) by extension 'colcon_pkg'
[0.243s] Level 1:colcon.colcon_core.package_identification:_identify(src/ROS-TCP-Connector/com.unity.robotics.visualizations/Runtime/Scripts) by extensions ['colcon_meta']
[0.243s] Level 1:colcon.colcon_core.package_identification:_identify(src/ROS-TCP-Connector/com.unity.robotics.visualizations/Runtime/Scripts) by extension 'colcon_meta'
[0.243s] Level 1:colcon.colcon_core.package_identification:_identify(src/ROS-TCP-Connector/com.unity.robotics.visualizations/Runtime/Scripts) by extensions ['ros']
[0.243s] Level 1:colcon.colcon_core.package_identification:_identify(src/ROS-TCP-Connector/com.unity.robotics.visualizations/Runtime/Scripts) by extension 'ros'
[0.243s] Level 1:colcon.colcon_core.package_identification:_identify(src/ROS-TCP-Connector/com.unity.robotics.visualizations/Runtime/Scripts) by extensions ['cmake', 'python']
[0.243s] Level 1:colcon.colcon_core.package_identification:_identify(src/ROS-TCP-Connector/com.unity.robotics.visualizations/Runtime/Scripts) by extension 'cmake'
[0.243s] Level 1:colcon.colcon_core.package_identification:_identify(src/ROS-TCP-Connector/com.unity.robotics.visualizations/Runtime/Scripts) by extension 'python'
[0.243s] Level 1:colcon.colcon_core.package_identification:_identify(src/ROS-TCP-Connector/com.unity.robotics.visualizations/Runtime/Scripts) by extensions ['python_setup_py']
[0.243s] Level 1:colcon.colcon_core.package_identification:_identify(src/ROS-TCP-Connector/com.unity.robotics.visualizations/Runtime/Scripts) by extension 'python_setup_py'
[0.243s] Level 1:colcon.colcon_core.package_identification:_identify(src/ROS-TCP-Connector/com.unity.robotics.visualizations/Runtime/Shaders) by extensions ['ignore', 'ignore_ament_install']
[0.243s] Level 1:colcon.colcon_core.package_identification:_identify(src/ROS-TCP-Connector/com.unity.robotics.visualizations/Runtime/Shaders) by extension 'ignore'
[0.243s] Level 1:colcon.colcon_core.package_identification:_identify(src/ROS-TCP-Connector/com.unity.robotics.visualizations/Runtime/Shaders) by extension 'ignore_ament_install'
[0.243s] Level 1:colcon.colcon_core.package_identification:_identify(src/ROS-TCP-Connector/com.unity.robotics.visualizations/Runtime/Shaders) by extensions ['colcon_pkg']
[0.243s] Level 1:colcon.colcon_core.package_identification:_identify(src/ROS-TCP-Connector/com.unity.robotics.visualizations/Runtime/Shaders) by extension 'colcon_pkg'
[0.243s] Level 1:colcon.colcon_core.package_identification:_identify(src/ROS-TCP-Connector/com.unity.robotics.visualizations/Runtime/Shaders) by extensions ['colcon_meta']
[0.243s] Level 1:colcon.colcon_core.package_identification:_identify(src/ROS-TCP-Connector/com.unity.robotics.visualizations/Runtime/Shaders) by extension 'colcon_meta'
[0.243s] Level 1:colcon.colcon_core.package_identification:_identify(src/ROS-TCP-Connector/com.unity.robotics.visualizations/Runtime/Shaders) by extensions ['ros']
[0.243s] Level 1:colcon.colcon_core.package_identification:_identify(src/ROS-TCP-Connector/com.unity.robotics.visualizations/Runtime/Shaders) by extension 'ros'
[0.243s] Level 1:colcon.colcon_core.package_identification:_identify(src/ROS-TCP-Connector/com.unity.robotics.visualizations/Runtime/Shaders) by extensions ['cmake', 'python']
[0.243s] Level 1:colcon.colcon_core.package_identification:_identify(src/ROS-TCP-Connector/com.unity.robotics.visualizations/Runtime/Shaders) by extension 'cmake'
[0.243s] Level 1:colcon.colcon_core.package_identification:_identify(src/ROS-TCP-Connector/com.unity.robotics.visualizations/Runtime/Shaders) by extension 'python'
[0.243s] Level 1:colcon.colcon_core.package_identification:_identify(src/ROS-TCP-Connector/com.unity.robotics.visualizations/Runtime/Shaders) by extensions ['python_setup_py']
[0.243s] Level 1:colcon.colcon_core.package_identification:_identify(src/ROS-TCP-Connector/com.unity.robotics.visualizations/Runtime/Shaders) by extension 'python_setup_py'
[0.243s] Level 1:colcon.colcon_core.package_identification:_identify(src/ROS-TCP-Connector/com.unity.robotics.visualizations/images~) by extensions ['ignore', 'ignore_ament_install']
[0.243s] Level 1:colcon.colcon_core.package_identification:_identify(src/ROS-TCP-Connector/com.unity.robotics.visualizations/images~) by extension 'ignore'
[0.243s] Level 1:colcon.colcon_core.package_identification:_identify(src/ROS-TCP-Connector/com.unity.robotics.visualizations/images~) by extension 'ignore_ament_install'
[0.243s] Level 1:colcon.colcon_core.package_identification:_identify(src/ROS-TCP-Connector/com.unity.robotics.visualizations/images~) by extensions ['colcon_pkg']
[0.243s] Level 1:colcon.colcon_core.package_identification:_identify(src/ROS-TCP-Connector/com.unity.robotics.visualizations/images~) by extension 'colcon_pkg'
[0.243s] Level 1:colcon.colcon_core.package_identification:_identify(src/ROS-TCP-Connector/com.unity.robotics.visualizations/images~) by extensions ['colcon_meta']
[0.243s] Level 1:colcon.colcon_core.package_identification:_identify(src/ROS-TCP-Connector/com.unity.robotics.visualizations/images~) by extension 'colcon_meta'
[0.243s] Level 1:colcon.colcon_core.package_identification:_identify(src/ROS-TCP-Connector/com.unity.robotics.visualizations/images~) by extensions ['ros']
[0.243s] Level 1:colcon.colcon_core.package_identification:_identify(src/ROS-TCP-Connector/com.unity.robotics.visualizations/images~) by extension 'ros'
[0.243s] Level 1:colcon.colcon_core.package_identification:_identify(src/ROS-TCP-Connector/com.unity.robotics.visualizations/images~) by extensions ['cmake', 'python']
[0.243s] Level 1:colcon.colcon_core.package_identification:_identify(src/ROS-TCP-Connector/com.unity.robotics.visualizations/images~) by extension 'cmake'
[0.243s] Level 1:colcon.colcon_core.package_identification:_identify(src/ROS-TCP-Connector/com.unity.robotics.visualizations/images~) by extension 'python'
[0.243s] Level 1:colcon.colcon_core.package_identification:_identify(src/ROS-TCP-Connector/com.unity.robotics.visualizations/images~) by extensions ['python_setup_py']
[0.243s] Level 1:colcon.colcon_core.package_identification:_identify(src/ROS-TCP-Connector/com.unity.robotics.visualizations/images~) by extension 'python_setup_py'
[0.243s] Level 1:colcon.colcon_core.package_identification:_identify(src/ROS-TCP-Connector/images~) by extensions ['ignore', 'ignore_ament_install']
[0.243s] Level 1:colcon.colcon_core.package_identification:_identify(src/ROS-TCP-Connector/images~) by extension 'ignore'
[0.243s] Level 1:colcon.colcon_core.package_identification:_identify(src/ROS-TCP-Connector/images~) by extension 'ignore_ament_install'
[0.243s] Level 1:colcon.colcon_core.package_identification:_identify(src/ROS-TCP-Connector/images~) by extensions ['colcon_pkg']
[0.243s] Level 1:colcon.colcon_core.package_identification:_identify(src/ROS-TCP-Connector/images~) by extension 'colcon_pkg'
[0.243s] Level 1:colcon.colcon_core.package_identification:_identify(src/ROS-TCP-Connector/images~) by extensions ['colcon_meta']
[0.243s] Level 1:colcon.colcon_core.package_identification:_identify(src/ROS-TCP-Connector/images~) by extension 'colcon_meta'
[0.243s] Level 1:colcon.colcon_core.package_identification:_identify(src/ROS-TCP-Connector/images~) by extensions ['ros']
[0.243s] Level 1:colcon.colcon_core.package_identification:_identify(src/ROS-TCP-Connector/images~) by extension 'ros'
[0.243s] Level 1:colcon.colcon_core.package_identification:_identify(src/ROS-TCP-Connector/images~) by extensions ['cmake', 'python']
[0.243s] Level 1:colcon.colcon_core.package_identification:_identify(src/ROS-TCP-Connector/images~) by extension 'cmake'
[0.243s] Level 1:colcon.colcon_core.package_identification:_identify(src/ROS-TCP-Connector/images~) by extension 'python'
[0.243s] Level 1:colcon.colcon_core.package_identification:_identify(src/ROS-TCP-Connector/images~) by extensions ['python_setup_py']
[0.243s] Level 1:colcon.colcon_core.package_identification:_identify(src/ROS-TCP-Connector/images~) by extension 'python_setup_py'
[0.243s] Level 1:colcon.colcon_core.package_identification:_identify(src/ROS-TCP-Endpoint-main-ros2) by extensions ['ignore', 'ignore_ament_install']
[0.243s] Level 1:colcon.colcon_core.package_identification:_identify(src/ROS-TCP-Endpoint-main-ros2) by extension 'ignore'
[0.243s] Level 1:colcon.colcon_core.package_identification:_identify(src/ROS-TCP-Endpoint-main-ros2) by extension 'ignore_ament_install'
[0.244s] Level 1:colcon.colcon_core.package_identification:_identify(src/ROS-TCP-Endpoint-main-ros2) by extensions ['colcon_pkg']
[0.244s] Level 1:colcon.colcon_core.package_identification:_identify(src/ROS-TCP-Endpoint-main-ros2) by extension 'colcon_pkg'
[0.244s] Level 1:colcon.colcon_core.package_identification:_identify(src/ROS-TCP-Endpoint-main-ros2) by extensions ['colcon_meta']
[0.244s] Level 1:colcon.colcon_core.package_identification:_identify(src/ROS-TCP-Endpoint-main-ros2) by extension 'colcon_meta'
[0.244s] Level 1:colcon.colcon_core.package_identification:_identify(src/ROS-TCP-Endpoint-main-ros2) by extensions ['ros']
[0.244s] Level 1:colcon.colcon_core.package_identification:_identify(src/ROS-TCP-Endpoint-main-ros2) by extension 'ros'
[0.245s] DEBUG:colcon.colcon_core.package_identification:Package 'src/ROS-TCP-Endpoint-main-ros2' with type 'ros.ament_python' and name 'ros_tcp_endpoint'
[0.245s] Level 1:colcon.colcon_core.package_identification:_identify(src/inmoov_description) by extensions ['ignore', 'ignore_ament_install']
[0.245s] Level 1:colcon.colcon_core.package_identification:_identify(src/inmoov_description) by extension 'ignore'
[0.245s] Level 1:colcon.colcon_core.package_identification:_identify(src/inmoov_description) by extension 'ignore_ament_install'
[0.245s] Level 1:colcon.colcon_core.package_identification:_identify(src/inmoov_description) by extensions ['colcon_pkg']
[0.245s] Level 1:colcon.colcon_core.package_identification:_identify(src/inmoov_description) by extension 'colcon_pkg'
[0.245s] Level 1:colcon.colcon_core.package_identification:_identify(src/inmoov_description) by extensions ['colcon_meta']
[0.245s] Level 1:colcon.colcon_core.package_identification:_identify(src/inmoov_description) by extension 'colcon_meta'
[0.245s] Level 1:colcon.colcon_core.package_identification:_identify(src/inmoov_description) by extensions ['ros']
[0.245s] Level 1:colcon.colcon_core.package_identification:_identify(src/inmoov_description) by extension 'ros'
[0.246s] DEBUG:colcon.colcon_core.package_identification:Package 'src/inmoov_description' with type 'ros.catkin' and name 'inmoov_description'
[0.246s] Level 1:colcon.colcon_core.package_identification:_identify(src/ros_tcp_endpoint) by extensions ['ignore', 'ignore_ament_install']
[0.246s] Level 1:colcon.colcon_core.package_identification:_identify(src/ros_tcp_endpoint) by extension 'ignore'
[0.246s] Level 1:colcon.colcon_core.package_identification:_identify(src/ros_tcp_endpoint) by extension 'ignore_ament_install'
[0.246s] Level 1:colcon.colcon_core.package_identification:_identify(src/ros_tcp_endpoint) by extensions ['colcon_pkg']
[0.246s] Level 1:colcon.colcon_core.package_identification:_identify(src/ros_tcp_endpoint) by extension 'colcon_pkg'
[0.246s] Level 1:colcon.colcon_core.package_identification:_identify(src/ros_tcp_endpoint) by extensions ['colcon_meta']
[0.246s] Level 1:colcon.colcon_core.package_identification:_identify(src/ros_tcp_endpoint) by extension 'colcon_meta'
[0.246s] Level 1:colcon.colcon_core.package_identification:_identify(src/ros_tcp_endpoint) by extensions ['ros']
[0.246s] Level 1:colcon.colcon_core.package_identification:_identify(src/ros_tcp_endpoint) by extension 'ros'
[0.246s] DEBUG:colcon.colcon_core.package_identification:Package 'src/ros_tcp_endpoint' with type 'ros.ament_python' and name 'ros_tcp_endpoint'
[0.246s] Level 1:colcon.colcon_core.package_discovery:discover_packages(recursive) using defaults
[0.246s] Level 1:colcon.colcon_core.package_discovery:discover_packages(ignore) discover
[0.246s] Level 1:colcon.colcon_core.package_discovery:discover_packages(ignore) using defaults
[0.246s] Level 1:colcon.colcon_core.package_discovery:discover_packages(path) discover
[0.246s] Level 1:colcon.colcon_core.package_discovery:discover_packages(path) using defaults
[0.263s] INFO:colcon.colcon_core.package_selection:Skipping not selected package 'inmoov_description' in 'src/inmoov_description'
[0.264s] Level 1:colcon.colcon_core.package_discovery:discover_packages(prefix_path) check parameters
[0.264s] Level 1:colcon.colcon_core.package_discovery:discover_packages(prefix_path) discover
[0.265s] DEBUG:colcon.colcon_installed_package_information.package_discovery:Found 3 installed packages in /home/guyi/ros2_ws/install
[0.265s] DEBUG:colcon.colcon_installed_package_information.package_discovery:Found 6 installed packages in /home/guyi/inmoov_ros2/install
[0.266s] DEBUG:colcon.colcon_installed_package_information.package_discovery:Found 360 installed packages in /opt/ros/humble
[0.267s] Level 1:colcon.colcon_core.package_discovery:discover_packages(prefix_path) using defaults
[0.290s] ERROR:colcon:colcon build: Duplicate package names not supported:
- ros_tcp_endpoint:
  - src/ROS-TCP-Endpoint-main-ros2
  - src/ros_tcp_endpoint
