[0.076s] DEBUG:colcon:Command line arguments: ['/usr/bin/colcon', 'build']
[0.076s] DEBUG:colcon:Parsed command line arguments: Namespace(log_base=None, log_level=None, verb_name='build', build_base='build', install_base='install', merge_install=False, symlink_install=False, test_result_base=None, continue_on_error=False, executor='parallel', parallel_workers=16, event_handlers=None, ignore_user_meta=False, metas=['./colcon.meta'], base_paths=['.'], packages_ignore=None, packages_ignore_regex=None, paths=None, packages_up_to=None, packages_up_to_regex=None, packages_above=None, packages_above_and_dependencies=None, packages_above_depth=None, packages_select_by_dep=None, packages_skip_by_dep=None, packages_skip_up_to=None, packages_select_build_failed=False, packages_skip_build_finished=False, packages_select_test_failures=False, packages_skip_test_passed=False, packages_select=None, packages_skip=None, packages_select_regex=None, packages_skip_regex=None, packages_start=None, packages_end=None, allow_overriding=[], cmake_args=None, cmake_target=None, cmake_target_skip_unavailable=False, cmake_clean_cache=False, cmake_clean_first=False, cmake_force_configure=False, ament_cmake_args=None, catkin_cmake_args=None, catkin_skip_building_tests=False, verb_parser=<colcon_defaults.argument_parser.defaults.DefaultArgumentsDecorator object at 0x713d7da50eb0>, verb_extension=<colcon_core.verb.build.BuildVerb object at 0x713d7da509a0>, main=<bound method BuildVerb.main of <colcon_core.verb.build.BuildVerb object at 0x713d7da509a0>>)
[0.169s] Level 1:colcon.colcon_core.package_discovery:discover_packages(colcon_meta) check parameters
[0.169s] Level 1:colcon.colcon_core.package_discovery:discover_packages(recursive) check parameters
[0.169s] Level 1:colcon.colcon_core.package_discovery:discover_packages(ignore) check parameters
[0.169s] Level 1:colcon.colcon_core.package_discovery:discover_packages(path) check parameters
[0.169s] Level 1:colcon.colcon_core.package_discovery:discover_packages(colcon_meta) discover
[0.169s] Level 1:colcon.colcon_core.package_discovery:discover_packages(recursive) discover
[0.169s] INFO:colcon.colcon_core.package_discovery:Crawling recursively for packages in '/home/guyi/ros2_ws'
[0.169s] Level 1:colcon.colcon_core.package_identification:_identify(.) by extensions ['ignore', 'ignore_ament_install']
[0.169s] Level 1:colcon.colcon_core.package_identification:_identify(.) by extension 'ignore'
[0.169s] Level 1:colcon.colcon_core.package_identification:_identify(.) by extension 'ignore_ament_install'
[0.169s] Level 1:colcon.colcon_core.package_identification:_identify(.) by extensions ['colcon_pkg']
[0.169s] Level 1:colcon.colcon_core.package_identification:_identify(.) by extension 'colcon_pkg'
[0.169s] Level 1:colcon.colcon_core.package_identification:_identify(.) by extensions ['colcon_meta']
[0.169s] Level 1:colcon.colcon_core.package_identification:_identify(.) by extension 'colcon_meta'
[0.169s] Level 1:colcon.colcon_core.package_identification:_identify(.) by extensions ['ros']
[0.169s] Level 1:colcon.colcon_core.package_identification:_identify(.) by extension 'ros'
[0.175s] Level 1:colcon.colcon_core.package_identification:_identify(.) by extensions ['cmake', 'python']
[0.175s] Level 1:colcon.colcon_core.package_identification:_identify(.) by extension 'cmake'
[0.175s] Level 1:colcon.colcon_core.package_identification:_identify(.) by extension 'python'
[0.175s] Level 1:colcon.colcon_core.package_identification:_identify(.) by extensions ['python_setup_py']
[0.175s] Level 1:colcon.colcon_core.package_identification:_identify(.) by extension 'python_setup_py'
[0.175s] Level 1:colcon.colcon_core.package_identification:_identify(build) by extensions ['ignore', 'ignore_ament_install']
[0.175s] Level 1:colcon.colcon_core.package_identification:_identify(build) by extension 'ignore'
[0.175s] Level 1:colcon.colcon_core.package_identification:_identify(build) ignored
[0.175s] Level 1:colcon.colcon_core.package_identification:_identify(install) by extensions ['ignore', 'ignore_ament_install']
[0.175s] Level 1:colcon.colcon_core.package_identification:_identify(install) by extension 'ignore'
[0.175s] Level 1:colcon.colcon_core.package_identification:_identify(install) ignored
[0.175s] Level 1:colcon.colcon_core.package_identification:_identify(log) by extensions ['ignore', 'ignore_ament_install']
[0.175s] Level 1:colcon.colcon_core.package_identification:_identify(log) by extension 'ignore'
[0.175s] Level 1:colcon.colcon_core.package_identification:_identify(log) ignored
[0.175s] Level 1:colcon.colcon_core.package_identification:_identify(src) by extensions ['ignore', 'ignore_ament_install']
[0.175s] Level 1:colcon.colcon_core.package_identification:_identify(src) by extension 'ignore'
[0.175s] Level 1:colcon.colcon_core.package_identification:_identify(src) by extension 'ignore_ament_install'
[0.175s] Level 1:colcon.colcon_core.package_identification:_identify(src) by extensions ['colcon_pkg']
[0.175s] Level 1:colcon.colcon_core.package_identification:_identify(src) by extension 'colcon_pkg'
[0.175s] Level 1:colcon.colcon_core.package_identification:_identify(src) by extensions ['colcon_meta']
[0.175s] Level 1:colcon.colcon_core.package_identification:_identify(src) by extension 'colcon_meta'
[0.175s] Level 1:colcon.colcon_core.package_identification:_identify(src) by extensions ['ros']
[0.175s] Level 1:colcon.colcon_core.package_identification:_identify(src) by extension 'ros'
[0.175s] Level 1:colcon.colcon_core.package_identification:_identify(src) by extensions ['cmake', 'python']
[0.176s] Level 1:colcon.colcon_core.package_identification:_identify(src) by extension 'cmake'
[0.176s] Level 1:colcon.colcon_core.package_identification:_identify(src) by extension 'python'
[0.176s] Level 1:colcon.colcon_core.package_identification:_identify(src) by extensions ['python_setup_py']
[0.176s] Level 1:colcon.colcon_core.package_identification:_identify(src) by extension 'python_setup_py'
[0.176s] Level 1:colcon.colcon_core.package_identification:_identify(src/ROS-TCP-Connector) by extensions ['ignore', 'ignore_ament_install']
[0.176s] Level 1:colcon.colcon_core.package_identification:_identify(src/ROS-TCP-Connector) by extension 'ignore'
[0.176s] Level 1:colcon.colcon_core.package_identification:_identify(src/ROS-TCP-Connector) by extension 'ignore_ament_install'
[0.176s] Level 1:colcon.colcon_core.package_identification:_identify(src/ROS-TCP-Connector) by extensions ['colcon_pkg']
[0.176s] Level 1:colcon.colcon_core.package_identification:_identify(src/ROS-TCP-Connector) by extension 'colcon_pkg'
[0.176s] Level 1:colcon.colcon_core.package_identification:_identify(src/ROS-TCP-Connector) by extensions ['colcon_meta']
[0.176s] Level 1:colcon.colcon_core.package_identification:_identify(src/ROS-TCP-Connector) by extension 'colcon_meta'
[0.176s] Level 1:colcon.colcon_core.package_identification:_identify(src/ROS-TCP-Connector) by extensions ['ros']
[0.176s] Level 1:colcon.colcon_core.package_identification:_identify(src/ROS-TCP-Connector) by extension 'ros'
[0.176s] Level 1:colcon.colcon_core.package_identification:_identify(src/ROS-TCP-Connector) by extensions ['cmake', 'python']
[0.176s] Level 1:colcon.colcon_core.package_identification:_identify(src/ROS-TCP-Connector) by extension 'cmake'
[0.176s] Level 1:colcon.colcon_core.package_identification:_identify(src/ROS-TCP-Connector) by extension 'python'
[0.176s] Level 1:colcon.colcon_core.package_identification:_identify(src/ROS-TCP-Connector) by extensions ['python_setup_py']
[0.176s] Level 1:colcon.colcon_core.package_identification:_identify(src/ROS-TCP-Connector) by extension 'python_setup_py'
[0.176s] Level 1:colcon.colcon_core.package_identification:_identify(src/ROS-TCP-Connector/TestRosTcpConnector) by extensions ['ignore', 'ignore_ament_install']
[0.176s] Level 1:colcon.colcon_core.package_identification:_identify(src/ROS-TCP-Connector/TestRosTcpConnector) by extension 'ignore'
[0.176s] Level 1:colcon.colcon_core.package_identification:_identify(src/ROS-TCP-Connector/TestRosTcpConnector) by extension 'ignore_ament_install'
[0.176s] Level 1:colcon.colcon_core.package_identification:_identify(src/ROS-TCP-Connector/TestRosTcpConnector) by extensions ['colcon_pkg']
[0.176s] Level 1:colcon.colcon_core.package_identification:_identify(src/ROS-TCP-Connector/TestRosTcpConnector) by extension 'colcon_pkg'
[0.176s] Level 1:colcon.colcon_core.package_identification:_identify(src/ROS-TCP-Connector/TestRosTcpConnector) by extensions ['colcon_meta']
[0.176s] Level 1:colcon.colcon_core.package_identification:_identify(src/ROS-TCP-Connector/TestRosTcpConnector) by extension 'colcon_meta'
[0.176s] Level 1:colcon.colcon_core.package_identification:_identify(src/ROS-TCP-Connector/TestRosTcpConnector) by extensions ['ros']
[0.176s] Level 1:colcon.colcon_core.package_identification:_identify(src/ROS-TCP-Connector/TestRosTcpConnector) by extension 'ros'
[0.176s] Level 1:colcon.colcon_core.package_identification:_identify(src/ROS-TCP-Connector/TestRosTcpConnector) by extensions ['cmake', 'python']
[0.176s] Level 1:colcon.colcon_core.package_identification:_identify(src/ROS-TCP-Connector/TestRosTcpConnector) by extension 'cmake'
[0.176s] Level 1:colcon.colcon_core.package_identification:_identify(src/ROS-TCP-Connector/TestRosTcpConnector) by extension 'python'
[0.176s] Level 1:colcon.colcon_core.package_identification:_identify(src/ROS-TCP-Connector/TestRosTcpConnector) by extensions ['python_setup_py']
[0.176s] Level 1:colcon.colcon_core.package_identification:_identify(src/ROS-TCP-Connector/TestRosTcpConnector) by extension 'python_setup_py'
[0.176s] Level 1:colcon.colcon_core.package_identification:_identify(src/ROS-TCP-Connector/TestRosTcpConnector/Assets) by extensions ['ignore', 'ignore_ament_install']
[0.176s] Level 1:colcon.colcon_core.package_identification:_identify(src/ROS-TCP-Connector/TestRosTcpConnector/Assets) by extension 'ignore'
[0.176s] Level 1:colcon.colcon_core.package_identification:_identify(src/ROS-TCP-Connector/TestRosTcpConnector/Assets) by extension 'ignore_ament_install'
[0.176s] Level 1:colcon.colcon_core.package_identification:_identify(src/ROS-TCP-Connector/TestRosTcpConnector/Assets) by extensions ['colcon_pkg']
[0.176s] Level 1:colcon.colcon_core.package_identification:_identify(src/ROS-TCP-Connector/TestRosTcpConnector/Assets) by extension 'colcon_pkg'
[0.176s] Level 1:colcon.colcon_core.package_identification:_identify(src/ROS-TCP-Connector/TestRosTcpConnector/Assets) by extensions ['colcon_meta']
[0.176s] Level 1:colcon.colcon_core.package_identification:_identify(src/ROS-TCP-Connector/TestRosTcpConnector/Assets) by extension 'colcon_meta'
[0.176s] Level 1:colcon.colcon_core.package_identification:_identify(src/ROS-TCP-Connector/TestRosTcpConnector/Assets) by extensions ['ros']
[0.176s] Level 1:colcon.colcon_core.package_identification:_identify(src/ROS-TCP-Connector/TestRosTcpConnector/Assets) by extension 'ros'
[0.176s] Level 1:colcon.colcon_core.package_identification:_identify(src/ROS-TCP-Connector/TestRosTcpConnector/Assets) by extensions ['cmake', 'python']
[0.176s] Level 1:colcon.colcon_core.package_identification:_identify(src/ROS-TCP-Connector/TestRosTcpConnector/Assets) by extension 'cmake'
[0.176s] Level 1:colcon.colcon_core.package_identification:_identify(src/ROS-TCP-Connector/TestRosTcpConnector/Assets) by extension 'python'
[0.176s] Level 1:colcon.colcon_core.package_identification:_identify(src/ROS-TCP-Connector/TestRosTcpConnector/Assets) by extensions ['python_setup_py']
[0.176s] Level 1:colcon.colcon_core.package_identification:_identify(src/ROS-TCP-Connector/TestRosTcpConnector/Assets) by extension 'python_setup_py'
[0.176s] Level 1:colcon.colcon_core.package_identification:_identify(src/ROS-TCP-Connector/TestRosTcpConnector/Assets/Materials) by extensions ['ignore', 'ignore_ament_install']
[0.177s] Level 1:colcon.colcon_core.package_identification:_identify(src/ROS-TCP-Connector/TestRosTcpConnector/Assets/Materials) by extension 'ignore'
[0.177s] Level 1:colcon.colcon_core.package_identification:_identify(src/ROS-TCP-Connector/TestRosTcpConnector/Assets/Materials) by extension 'ignore_ament_install'
[0.177s] Level 1:colcon.colcon_core.package_identification:_identify(src/ROS-TCP-Connector/TestRosTcpConnector/Assets/Materials) by extensions ['colcon_pkg']
[0.177s] Level 1:colcon.colcon_core.package_identification:_identify(src/ROS-TCP-Connector/TestRosTcpConnector/Assets/Materials) by extension 'colcon_pkg'
[0.177s] Level 1:colcon.colcon_core.package_identification:_identify(src/ROS-TCP-Connector/TestRosTcpConnector/Assets/Materials) by extensions ['colcon_meta']
[0.177s] Level 1:colcon.colcon_core.package_identification:_identify(src/ROS-TCP-Connector/TestRosTcpConnector/Assets/Materials) by extension 'colcon_meta'
[0.177s] Level 1:colcon.colcon_core.package_identification:_identify(src/ROS-TCP-Connector/TestRosTcpConnector/Assets/Materials) by extensions ['ros']
[0.177s] Level 1:colcon.colcon_core.package_identification:_identify(src/ROS-TCP-Connector/TestRosTcpConnector/Assets/Materials) by extension 'ros'
[0.177s] Level 1:colcon.colcon_core.package_identification:_identify(src/ROS-TCP-Connector/TestRosTcpConnector/Assets/Materials) by extensions ['cmake', 'python']
[0.177s] Level 1:colcon.colcon_core.package_identification:_identify(src/ROS-TCP-Connector/TestRosTcpConnector/Assets/Materials) by extension 'cmake'
[0.177s] Level 1:colcon.colcon_core.package_identification:_identify(src/ROS-TCP-Connector/TestRosTcpConnector/Assets/Materials) by extension 'python'
[0.177s] Level 1:colcon.colcon_core.package_identification:_identify(src/ROS-TCP-Connector/TestRosTcpConnector/Assets/Materials) by extensions ['python_setup_py']
[0.177s] Level 1:colcon.colcon_core.package_identification:_identify(src/ROS-TCP-Connector/TestRosTcpConnector/Assets/Materials) by extension 'python_setup_py'
[0.177s] Level 1:colcon.colcon_core.package_identification:_identify(src/ROS-TCP-Connector/TestRosTcpConnector/Assets/Presets) by extensions ['ignore', 'ignore_ament_install']
[0.177s] Level 1:colcon.colcon_core.package_identification:_identify(src/ROS-TCP-Connector/TestRosTcpConnector/Assets/Presets) by extension 'ignore'
[0.177s] Level 1:colcon.colcon_core.package_identification:_identify(src/ROS-TCP-Connector/TestRosTcpConnector/Assets/Presets) by extension 'ignore_ament_install'
[0.177s] Level 1:colcon.colcon_core.package_identification:_identify(src/ROS-TCP-Connector/TestRosTcpConnector/Assets/Presets) by extensions ['colcon_pkg']
[0.177s] Level 1:colcon.colcon_core.package_identification:_identify(src/ROS-TCP-Connector/TestRosTcpConnector/Assets/Presets) by extension 'colcon_pkg'
[0.177s] Level 1:colcon.colcon_core.package_identification:_identify(src/ROS-TCP-Connector/TestRosTcpConnector/Assets/Presets) by extensions ['colcon_meta']
[0.177s] Level 1:colcon.colcon_core.package_identification:_identify(src/ROS-TCP-Connector/TestRosTcpConnector/Assets/Presets) by extension 'colcon_meta'
[0.177s] Level 1:colcon.colcon_core.package_identification:_identify(src/ROS-TCP-Connector/TestRosTcpConnector/Assets/Presets) by extensions ['ros']
[0.177s] Level 1:colcon.colcon_core.package_identification:_identify(src/ROS-TCP-Connector/TestRosTcpConnector/Assets/Presets) by extension 'ros'
[0.177s] Level 1:colcon.colcon_core.package_identification:_identify(src/ROS-TCP-Connector/TestRosTcpConnector/Assets/Presets) by extensions ['cmake', 'python']
[0.177s] Level 1:colcon.colcon_core.package_identification:_identify(src/ROS-TCP-Connector/TestRosTcpConnector/Assets/Presets) by extension 'cmake'
[0.177s] Level 1:colcon.colcon_core.package_identification:_identify(src/ROS-TCP-Connector/TestRosTcpConnector/Assets/Presets) by extension 'python'
[0.177s] Level 1:colcon.colcon_core.package_identification:_identify(src/ROS-TCP-Connector/TestRosTcpConnector/Assets/Presets) by extensions ['python_setup_py']
[0.177s] Level 1:colcon.colcon_core.package_identification:_identify(src/ROS-TCP-Connector/TestRosTcpConnector/Assets/Presets) by extension 'python_setup_py'
[0.177s] Level 1:colcon.colcon_core.package_identification:_identify(src/ROS-TCP-Connector/TestRosTcpConnector/Assets/Presets/Defaults) by extensions ['ignore', 'ignore_ament_install']
[0.177s] Level 1:colcon.colcon_core.package_identification:_identify(src/ROS-TCP-Connector/TestRosTcpConnector/Assets/Presets/Defaults) by extension 'ignore'
[0.177s] Level 1:colcon.colcon_core.package_identification:_identify(src/ROS-TCP-Connector/TestRosTcpConnector/Assets/Presets/Defaults) by extension 'ignore_ament_install'
[0.177s] Level 1:colcon.colcon_core.package_identification:_identify(src/ROS-TCP-Connector/TestRosTcpConnector/Assets/Presets/Defaults) by extensions ['colcon_pkg']
[0.177s] Level 1:colcon.colcon_core.package_identification:_identify(src/ROS-TCP-Connector/TestRosTcpConnector/Assets/Presets/Defaults) by extension 'colcon_pkg'
[0.177s] Level 1:colcon.colcon_core.package_identification:_identify(src/ROS-TCP-Connector/TestRosTcpConnector/Assets/Presets/Defaults) by extensions ['colcon_meta']
[0.177s] Level 1:colcon.colcon_core.package_identification:_identify(src/ROS-TCP-Connector/TestRosTcpConnector/Assets/Presets/Defaults) by extension 'colcon_meta'
[0.177s] Level 1:colcon.colcon_core.package_identification:_identify(src/ROS-TCP-Connector/TestRosTcpConnector/Assets/Presets/Defaults) by extensions ['ros']
[0.177s] Level 1:colcon.colcon_core.package_identification:_identify(src/ROS-TCP-Connector/TestRosTcpConnector/Assets/Presets/Defaults) by extension 'ros'
[0.177s] Level 1:colcon.colcon_core.package_identification:_identify(src/ROS-TCP-Connector/TestRosTcpConnector/Assets/Presets/Defaults) by extensions ['cmake', 'python']
[0.177s] Level 1:colcon.colcon_core.package_identification:_identify(src/ROS-TCP-Connector/TestRosTcpConnector/Assets/Presets/Defaults) by extension 'cmake'
[0.177s] Level 1:colcon.colcon_core.package_identification:_identify(src/ROS-TCP-Connector/TestRosTcpConnector/Assets/Presets/Defaults) by extension 'python'
[0.177s] Level 1:colcon.colcon_core.package_identification:_identify(src/ROS-TCP-Connector/TestRosTcpConnector/Assets/Presets/Defaults) by extensions ['python_setup_py']
[0.177s] Level 1:colcon.colcon_core.package_identification:_identify(src/ROS-TCP-Connector/TestRosTcpConnector/Assets/Presets/Defaults) by extension 'python_setup_py'
[0.177s] Level 1:colcon.colcon_core.package_identification:_identify(src/ROS-TCP-Connector/TestRosTcpConnector/Assets/Resources) by extensions ['ignore', 'ignore_ament_install']
[0.177s] Level 1:colcon.colcon_core.package_identification:_identify(src/ROS-TCP-Connector/TestRosTcpConnector/Assets/Resources) by extension 'ignore'
[0.177s] Level 1:colcon.colcon_core.package_identification:_identify(src/ROS-TCP-Connector/TestRosTcpConnector/Assets/Resources) by extension 'ignore_ament_install'
[0.178s] Level 1:colcon.colcon_core.package_identification:_identify(src/ROS-TCP-Connector/TestRosTcpConnector/Assets/Resources) by extensions ['colcon_pkg']
[0.178s] Level 1:colcon.colcon_core.package_identification:_identify(src/ROS-TCP-Connector/TestRosTcpConnector/Assets/Resources) by extension 'colcon_pkg'
[0.178s] Level 1:colcon.colcon_core.package_identification:_identify(src/ROS-TCP-Connector/TestRosTcpConnector/Assets/Resources) by extensions ['colcon_meta']
[0.178s] Level 1:colcon.colcon_core.package_identification:_identify(src/ROS-TCP-Connector/TestRosTcpConnector/Assets/Resources) by extension 'colcon_meta'
[0.178s] Level 1:colcon.colcon_core.package_identification:_identify(src/ROS-TCP-Connector/TestRosTcpConnector/Assets/Resources) by extensions ['ros']
[0.178s] Level 1:colcon.colcon_core.package_identification:_identify(src/ROS-TCP-Connector/TestRosTcpConnector/Assets/Resources) by extension 'ros'
[0.178s] Level 1:colcon.colcon_core.package_identification:_identify(src/ROS-TCP-Connector/TestRosTcpConnector/Assets/Resources) by extensions ['cmake', 'python']
[0.178s] Level 1:colcon.colcon_core.package_identification:_identify(src/ROS-TCP-Connector/TestRosTcpConnector/Assets/Resources) by extension 'cmake'
[0.178s] Level 1:colcon.colcon_core.package_identification:_identify(src/ROS-TCP-Connector/TestRosTcpConnector/Assets/Resources) by extension 'python'
[0.178s] Level 1:colcon.colcon_core.package_identification:_identify(src/ROS-TCP-Connector/TestRosTcpConnector/Assets/Resources) by extensions ['python_setup_py']
[0.178s] Level 1:colcon.colcon_core.package_identification:_identify(src/ROS-TCP-Connector/TestRosTcpConnector/Assets/Resources) by extension 'python_setup_py'
[0.178s] Level 1:colcon.colcon_core.package_identification:_identify(src/ROS-TCP-Connector/TestRosTcpConnector/Assets/Scenes) by extensions ['ignore', 'ignore_ament_install']
[0.178s] Level 1:colcon.colcon_core.package_identification:_identify(src/ROS-TCP-Connector/TestRosTcpConnector/Assets/Scenes) by extension 'ignore'
[0.178s] Level 1:colcon.colcon_core.package_identification:_identify(src/ROS-TCP-Connector/TestRosTcpConnector/Assets/Scenes) by extension 'ignore_ament_install'
[0.178s] Level 1:colcon.colcon_core.package_identification:_identify(src/ROS-TCP-Connector/TestRosTcpConnector/Assets/Scenes) by extensions ['colcon_pkg']
[0.178s] Level 1:colcon.colcon_core.package_identification:_identify(src/ROS-TCP-Connector/TestRosTcpConnector/Assets/Scenes) by extension 'colcon_pkg'
[0.178s] Level 1:colcon.colcon_core.package_identification:_identify(src/ROS-TCP-Connector/TestRosTcpConnector/Assets/Scenes) by extensions ['colcon_meta']
[0.178s] Level 1:colcon.colcon_core.package_identification:_identify(src/ROS-TCP-Connector/TestRosTcpConnector/Assets/Scenes) by extension 'colcon_meta'
[0.178s] Level 1:colcon.colcon_core.package_identification:_identify(src/ROS-TCP-Connector/TestRosTcpConnector/Assets/Scenes) by extensions ['ros']
[0.178s] Level 1:colcon.colcon_core.package_identification:_identify(src/ROS-TCP-Connector/TestRosTcpConnector/Assets/Scenes) by extension 'ros'
[0.178s] Level 1:colcon.colcon_core.package_identification:_identify(src/ROS-TCP-Connector/TestRosTcpConnector/Assets/Scenes) by extensions ['cmake', 'python']
[0.178s] Level 1:colcon.colcon_core.package_identification:_identify(src/ROS-TCP-Connector/TestRosTcpConnector/Assets/Scenes) by extension 'cmake'
[0.178s] Level 1:colcon.colcon_core.package_identification:_identify(src/ROS-TCP-Connector/TestRosTcpConnector/Assets/Scenes) by extension 'python'
[0.178s] Level 1:colcon.colcon_core.package_identification:_identify(src/ROS-TCP-Connector/TestRosTcpConnector/Assets/Scenes) by extensions ['python_setup_py']
[0.178s] Level 1:colcon.colcon_core.package_identification:_identify(src/ROS-TCP-Connector/TestRosTcpConnector/Assets/Scenes) by extension 'python_setup_py'
[0.178s] Level 1:colcon.colcon_core.package_identification:_identify(src/ROS-TCP-Connector/TestRosTcpConnector/Assets/Settings) by extensions ['ignore', 'ignore_ament_install']
[0.178s] Level 1:colcon.colcon_core.package_identification:_identify(src/ROS-TCP-Connector/TestRosTcpConnector/Assets/Settings) by extension 'ignore'
[0.178s] Level 1:colcon.colcon_core.package_identification:_identify(src/ROS-TCP-Connector/TestRosTcpConnector/Assets/Settings) by extension 'ignore_ament_install'
[0.178s] Level 1:colcon.colcon_core.package_identification:_identify(src/ROS-TCP-Connector/TestRosTcpConnector/Assets/Settings) by extensions ['colcon_pkg']
[0.178s] Level 1:colcon.colcon_core.package_identification:_identify(src/ROS-TCP-Connector/TestRosTcpConnector/Assets/Settings) by extension 'colcon_pkg'
[0.178s] Level 1:colcon.colcon_core.package_identification:_identify(src/ROS-TCP-Connector/TestRosTcpConnector/Assets/Settings) by extensions ['colcon_meta']
[0.178s] Level 1:colcon.colcon_core.package_identification:_identify(src/ROS-TCP-Connector/TestRosTcpConnector/Assets/Settings) by extension 'colcon_meta'
[0.178s] Level 1:colcon.colcon_core.package_identification:_identify(src/ROS-TCP-Connector/TestRosTcpConnector/Assets/Settings) by extensions ['ros']
[0.178s] Level 1:colcon.colcon_core.package_identification:_identify(src/ROS-TCP-Connector/TestRosTcpConnector/Assets/Settings) by extension 'ros'
[0.178s] Level 1:colcon.colcon_core.package_identification:_identify(src/ROS-TCP-Connector/TestRosTcpConnector/Assets/Settings) by extensions ['cmake', 'python']
[0.178s] Level 1:colcon.colcon_core.package_identification:_identify(src/ROS-TCP-Connector/TestRosTcpConnector/Assets/Settings) by extension 'cmake'
[0.178s] Level 1:colcon.colcon_core.package_identification:_identify(src/ROS-TCP-Connector/TestRosTcpConnector/Assets/Settings) by extension 'python'
[0.178s] Level 1:colcon.colcon_core.package_identification:_identify(src/ROS-TCP-Connector/TestRosTcpConnector/Assets/Settings) by extensions ['python_setup_py']
[0.178s] Level 1:colcon.colcon_core.package_identification:_identify(src/ROS-TCP-Connector/TestRosTcpConnector/Assets/Settings) by extension 'python_setup_py'
[0.178s] Level 1:colcon.colcon_core.package_identification:_identify(src/ROS-TCP-Connector/TestRosTcpConnector/Packages) by extensions ['ignore', 'ignore_ament_install']
[0.178s] Level 1:colcon.colcon_core.package_identification:_identify(src/ROS-TCP-Connector/TestRosTcpConnector/Packages) by extension 'ignore'
[0.178s] Level 1:colcon.colcon_core.package_identification:_identify(src/ROS-TCP-Connector/TestRosTcpConnector/Packages) by extension 'ignore_ament_install'
[0.178s] Level 1:colcon.colcon_core.package_identification:_identify(src/ROS-TCP-Connector/TestRosTcpConnector/Packages) by extensions ['colcon_pkg']
[0.178s] Level 1:colcon.colcon_core.package_identification:_identify(src/ROS-TCP-Connector/TestRosTcpConnector/Packages) by extension 'colcon_pkg'
[0.179s] Level 1:colcon.colcon_core.package_identification:_identify(src/ROS-TCP-Connector/TestRosTcpConnector/Packages) by extensions ['colcon_meta']
[0.179s] Level 1:colcon.colcon_core.package_identification:_identify(src/ROS-TCP-Connector/TestRosTcpConnector/Packages) by extension 'colcon_meta'
[0.179s] Level 1:colcon.colcon_core.package_identification:_identify(src/ROS-TCP-Connector/TestRosTcpConnector/Packages) by extensions ['ros']
[0.179s] Level 1:colcon.colcon_core.package_identification:_identify(src/ROS-TCP-Connector/TestRosTcpConnector/Packages) by extension 'ros'
[0.179s] Level 1:colcon.colcon_core.package_identification:_identify(src/ROS-TCP-Connector/TestRosTcpConnector/Packages) by extensions ['cmake', 'python']
[0.179s] Level 1:colcon.colcon_core.package_identification:_identify(src/ROS-TCP-Connector/TestRosTcpConnector/Packages) by extension 'cmake'
[0.179s] Level 1:colcon.colcon_core.package_identification:_identify(src/ROS-TCP-Connector/TestRosTcpConnector/Packages) by extension 'python'
[0.179s] Level 1:colcon.colcon_core.package_identification:_identify(src/ROS-TCP-Connector/TestRosTcpConnector/Packages) by extensions ['python_setup_py']
[0.179s] Level 1:colcon.colcon_core.package_identification:_identify(src/ROS-TCP-Connector/TestRosTcpConnector/Packages) by extension 'python_setup_py'
[0.179s] Level 1:colcon.colcon_core.package_identification:_identify(src/ROS-TCP-Connector/TestRosTcpConnector/ProjectSettings) by extensions ['ignore', 'ignore_ament_install']
[0.179s] Level 1:colcon.colcon_core.package_identification:_identify(src/ROS-TCP-Connector/TestRosTcpConnector/ProjectSettings) by extension 'ignore'
[0.179s] Level 1:colcon.colcon_core.package_identification:_identify(src/ROS-TCP-Connector/TestRosTcpConnector/ProjectSettings) by extension 'ignore_ament_install'
[0.179s] Level 1:colcon.colcon_core.package_identification:_identify(src/ROS-TCP-Connector/TestRosTcpConnector/ProjectSettings) by extensions ['colcon_pkg']
[0.179s] Level 1:colcon.colcon_core.package_identification:_identify(src/ROS-TCP-Connector/TestRosTcpConnector/ProjectSettings) by extension 'colcon_pkg'
[0.179s] Level 1:colcon.colcon_core.package_identification:_identify(src/ROS-TCP-Connector/TestRosTcpConnector/ProjectSettings) by extensions ['colcon_meta']
[0.179s] Level 1:colcon.colcon_core.package_identification:_identify(src/ROS-TCP-Connector/TestRosTcpConnector/ProjectSettings) by extension 'colcon_meta'
[0.179s] Level 1:colcon.colcon_core.package_identification:_identify(src/ROS-TCP-Connector/TestRosTcpConnector/ProjectSettings) by extensions ['ros']
[0.179s] Level 1:colcon.colcon_core.package_identification:_identify(src/ROS-TCP-Connector/TestRosTcpConnector/ProjectSettings) by extension 'ros'
[0.179s] Level 1:colcon.colcon_core.package_identification:_identify(src/ROS-TCP-Connector/TestRosTcpConnector/ProjectSettings) by extensions ['cmake', 'python']
[0.179s] Level 1:colcon.colcon_core.package_identification:_identify(src/ROS-TCP-Connector/TestRosTcpConnector/ProjectSettings) by extension 'cmake'
[0.179s] Level 1:colcon.colcon_core.package_identification:_identify(src/ROS-TCP-Connector/TestRosTcpConnector/ProjectSettings) by extension 'python'
[0.179s] Level 1:colcon.colcon_core.package_identification:_identify(src/ROS-TCP-Connector/TestRosTcpConnector/ProjectSettings) by extensions ['python_setup_py']
[0.179s] Level 1:colcon.colcon_core.package_identification:_identify(src/ROS-TCP-Connector/TestRosTcpConnector/ProjectSettings) by extension 'python_setup_py'
[0.179s] Level 1:colcon.colcon_core.package_identification:_identify(src/ROS-TCP-Connector/TestRosTcpConnector/ProjectSettings/Packages) by extensions ['ignore', 'ignore_ament_install']
[0.179s] Level 1:colcon.colcon_core.package_identification:_identify(src/ROS-TCP-Connector/TestRosTcpConnector/ProjectSettings/Packages) by extension 'ignore'
[0.179s] Level 1:colcon.colcon_core.package_identification:_identify(src/ROS-TCP-Connector/TestRosTcpConnector/ProjectSettings/Packages) by extension 'ignore_ament_install'
[0.179s] Level 1:colcon.colcon_core.package_identification:_identify(src/ROS-TCP-Connector/TestRosTcpConnector/ProjectSettings/Packages) by extensions ['colcon_pkg']
[0.179s] Level 1:colcon.colcon_core.package_identification:_identify(src/ROS-TCP-Connector/TestRosTcpConnector/ProjectSettings/Packages) by extension 'colcon_pkg'
[0.179s] Level 1:colcon.colcon_core.package_identification:_identify(src/ROS-TCP-Connector/TestRosTcpConnector/ProjectSettings/Packages) by extensions ['colcon_meta']
[0.179s] Level 1:colcon.colcon_core.package_identification:_identify(src/ROS-TCP-Connector/TestRosTcpConnector/ProjectSettings/Packages) by extension 'colcon_meta'
[0.179s] Level 1:colcon.colcon_core.package_identification:_identify(src/ROS-TCP-Connector/TestRosTcpConnector/ProjectSettings/Packages) by extensions ['ros']
[0.179s] Level 1:colcon.colcon_core.package_identification:_identify(src/ROS-TCP-Connector/TestRosTcpConnector/ProjectSettings/Packages) by extension 'ros'
[0.179s] Level 1:colcon.colcon_core.package_identification:_identify(src/ROS-TCP-Connector/TestRosTcpConnector/ProjectSettings/Packages) by extensions ['cmake', 'python']
[0.179s] Level 1:colcon.colcon_core.package_identification:_identify(src/ROS-TCP-Connector/TestRosTcpConnector/ProjectSettings/Packages) by extension 'cmake'
[0.179s] Level 1:colcon.colcon_core.package_identification:_identify(src/ROS-TCP-Connector/TestRosTcpConnector/ProjectSettings/Packages) by extension 'python'
[0.179s] Level 1:colcon.colcon_core.package_identification:_identify(src/ROS-TCP-Connector/TestRosTcpConnector/ProjectSettings/Packages) by extensions ['python_setup_py']
[0.179s] Level 1:colcon.colcon_core.package_identification:_identify(src/ROS-TCP-Connector/TestRosTcpConnector/ProjectSettings/Packages) by extension 'python_setup_py'
[0.179s] Level 1:colcon.colcon_core.package_identification:_identify(src/ROS-TCP-Connector/TestRosTcpConnector/ProjectSettings/Packages/com.unity.testtools.codecoverage) by extensions ['ignore', 'ignore_ament_install']
[0.179s] Level 1:colcon.colcon_core.package_identification:_identify(src/ROS-TCP-Connector/TestRosTcpConnector/ProjectSettings/Packages/com.unity.testtools.codecoverage) by extension 'ignore'
[0.179s] Level 1:colcon.colcon_core.package_identification:_identify(src/ROS-TCP-Connector/TestRosTcpConnector/ProjectSettings/Packages/com.unity.testtools.codecoverage) by extension 'ignore_ament_install'
[0.179s] Level 1:colcon.colcon_core.package_identification:_identify(src/ROS-TCP-Connector/TestRosTcpConnector/ProjectSettings/Packages/com.unity.testtools.codecoverage) by extensions ['colcon_pkg']
[0.179s] Level 1:colcon.colcon_core.package_identification:_identify(src/ROS-TCP-Connector/TestRosTcpConnector/ProjectSettings/Packages/com.unity.testtools.codecoverage) by extension 'colcon_pkg'
[0.179s] Level 1:colcon.colcon_core.package_identification:_identify(src/ROS-TCP-Connector/TestRosTcpConnector/ProjectSettings/Packages/com.unity.testtools.codecoverage) by extensions ['colcon_meta']
[0.179s] Level 1:colcon.colcon_core.package_identification:_identify(src/ROS-TCP-Connector/TestRosTcpConnector/ProjectSettings/Packages/com.unity.testtools.codecoverage) by extension 'colcon_meta'
[0.179s] Level 1:colcon.colcon_core.package_identification:_identify(src/ROS-TCP-Connector/TestRosTcpConnector/ProjectSettings/Packages/com.unity.testtools.codecoverage) by extensions ['ros']
[0.179s] Level 1:colcon.colcon_core.package_identification:_identify(src/ROS-TCP-Connector/TestRosTcpConnector/ProjectSettings/Packages/com.unity.testtools.codecoverage) by extension 'ros'
[0.179s] Level 1:colcon.colcon_core.package_identification:_identify(src/ROS-TCP-Connector/TestRosTcpConnector/ProjectSettings/Packages/com.unity.testtools.codecoverage) by extensions ['cmake', 'python']
[0.179s] Level 1:colcon.colcon_core.package_identification:_identify(src/ROS-TCP-Connector/TestRosTcpConnector/ProjectSettings/Packages/com.unity.testtools.codecoverage) by extension 'cmake'
[0.179s] Level 1:colcon.colcon_core.package_identification:_identify(src/ROS-TCP-Connector/TestRosTcpConnector/ProjectSettings/Packages/com.unity.testtools.codecoverage) by extension 'python'
[0.180s] Level 1:colcon.colcon_core.package_identification:_identify(src/ROS-TCP-Connector/TestRosTcpConnector/ProjectSettings/Packages/com.unity.testtools.codecoverage) by extensions ['python_setup_py']
[0.180s] Level 1:colcon.colcon_core.package_identification:_identify(src/ROS-TCP-Connector/TestRosTcpConnector/ProjectSettings/Packages/com.unity.testtools.codecoverage) by extension 'python_setup_py'
[0.180s] Level 1:colcon.colcon_core.package_identification:_identify(src/ROS-TCP-Connector/com.unity.robotics.ros-tcp-connector) by extensions ['ignore', 'ignore_ament_install']
[0.180s] Level 1:colcon.colcon_core.package_identification:_identify(src/ROS-TCP-Connector/com.unity.robotics.ros-tcp-connector) by extension 'ignore'
[0.180s] Level 1:colcon.colcon_core.package_identification:_identify(src/ROS-TCP-Connector/com.unity.robotics.ros-tcp-connector) by extension 'ignore_ament_install'
[0.180s] Level 1:colcon.colcon_core.package_identification:_identify(src/ROS-TCP-Connector/com.unity.robotics.ros-tcp-connector) by extensions ['colcon_pkg']
[0.180s] Level 1:colcon.colcon_core.package_identification:_identify(src/ROS-TCP-Connector/com.unity.robotics.ros-tcp-connector) by extension 'colcon_pkg'
[0.180s] Level 1:colcon.colcon_core.package_identification:_identify(src/ROS-TCP-Connector/com.unity.robotics.ros-tcp-connector) by extensions ['colcon_meta']
[0.180s] Level 1:colcon.colcon_core.package_identification:_identify(src/ROS-TCP-Connector/com.unity.robotics.ros-tcp-connector) by extension 'colcon_meta'
[0.180s] Level 1:colcon.colcon_core.package_identification:_identify(src/ROS-TCP-Connector/com.unity.robotics.ros-tcp-connector) by extensions ['ros']
[0.180s] Level 1:colcon.colcon_core.package_identification:_identify(src/ROS-TCP-Connector/com.unity.robotics.ros-tcp-connector) by extension 'ros'
[0.180s] Level 1:colcon.colcon_core.package_identification:_identify(src/ROS-TCP-Connector/com.unity.robotics.ros-tcp-connector) by extensions ['cmake', 'python']
[0.180s] Level 1:colcon.colcon_core.package_identification:_identify(src/ROS-TCP-Connector/com.unity.robotics.ros-tcp-connector) by extension 'cmake'
[0.180s] Level 1:colcon.colcon_core.package_identification:_identify(src/ROS-TCP-Connector/com.unity.robotics.ros-tcp-connector) by extension 'python'
[0.180s] Level 1:colcon.colcon_core.package_identification:_identify(src/ROS-TCP-Connector/com.unity.robotics.ros-tcp-connector) by extensions ['python_setup_py']
[0.180s] Level 1:colcon.colcon_core.package_identification:_identify(src/ROS-TCP-Connector/com.unity.robotics.ros-tcp-connector) by extension 'python_setup_py'
[0.180s] Level 1:colcon.colcon_core.package_identification:_identify(src/ROS-TCP-Connector/com.unity.robotics.ros-tcp-connector/Editor) by extensions ['ignore', 'ignore_ament_install']
[0.180s] Level 1:colcon.colcon_core.package_identification:_identify(src/ROS-TCP-Connector/com.unity.robotics.ros-tcp-connector/Editor) by extension 'ignore'
[0.180s] Level 1:colcon.colcon_core.package_identification:_identify(src/ROS-TCP-Connector/com.unity.robotics.ros-tcp-connector/Editor) by extension 'ignore_ament_install'
[0.180s] Level 1:colcon.colcon_core.package_identification:_identify(src/ROS-TCP-Connector/com.unity.robotics.ros-tcp-connector/Editor) by extensions ['colcon_pkg']
[0.180s] Level 1:colcon.colcon_core.package_identification:_identify(src/ROS-TCP-Connector/com.unity.robotics.ros-tcp-connector/Editor) by extension 'colcon_pkg'
[0.180s] Level 1:colcon.colcon_core.package_identification:_identify(src/ROS-TCP-Connector/com.unity.robotics.ros-tcp-connector/Editor) by extensions ['colcon_meta']
[0.180s] Level 1:colcon.colcon_core.package_identification:_identify(src/ROS-TCP-Connector/com.unity.robotics.ros-tcp-connector/Editor) by extension 'colcon_meta'
[0.180s] Level 1:colcon.colcon_core.package_identification:_identify(src/ROS-TCP-Connector/com.unity.robotics.ros-tcp-connector/Editor) by extensions ['ros']
[0.180s] Level 1:colcon.colcon_core.package_identification:_identify(src/ROS-TCP-Connector/com.unity.robotics.ros-tcp-connector/Editor) by extension 'ros'
[0.180s] Level 1:colcon.colcon_core.package_identification:_identify(src/ROS-TCP-Connector/com.unity.robotics.ros-tcp-connector/Editor) by extensions ['cmake', 'python']
[0.180s] Level 1:colcon.colcon_core.package_identification:_identify(src/ROS-TCP-Connector/com.unity.robotics.ros-tcp-connector/Editor) by extension 'cmake'
[0.180s] Level 1:colcon.colcon_core.package_identification:_identify(src/ROS-TCP-Connector/com.unity.robotics.ros-tcp-connector/Editor) by extension 'python'
[0.180s] Level 1:colcon.colcon_core.package_identification:_identify(src/ROS-TCP-Connector/com.unity.robotics.ros-tcp-connector/Editor) by extensions ['python_setup_py']
[0.180s] Level 1:colcon.colcon_core.package_identification:_identify(src/ROS-TCP-Connector/com.unity.robotics.ros-tcp-connector/Editor) by extension 'python_setup_py'
[0.180s] Level 1:colcon.colcon_core.package_identification:_identify(src/ROS-TCP-Connector/com.unity.robotics.ros-tcp-connector/Editor/MessageGeneration) by extensions ['ignore', 'ignore_ament_install']
[0.180s] Level 1:colcon.colcon_core.package_identification:_identify(src/ROS-TCP-Connector/com.unity.robotics.ros-tcp-connector/Editor/MessageGeneration) by extension 'ignore'
[0.180s] Level 1:colcon.colcon_core.package_identification:_identify(src/ROS-TCP-Connector/com.unity.robotics.ros-tcp-connector/Editor/MessageGeneration) by extension 'ignore_ament_install'
[0.180s] Level 1:colcon.colcon_core.package_identification:_identify(src/ROS-TCP-Connector/com.unity.robotics.ros-tcp-connector/Editor/MessageGeneration) by extensions ['colcon_pkg']
[0.180s] Level 1:colcon.colcon_core.package_identification:_identify(src/ROS-TCP-Connector/com.unity.robotics.ros-tcp-connector/Editor/MessageGeneration) by extension 'colcon_pkg'
[0.180s] Level 1:colcon.colcon_core.package_identification:_identify(src/ROS-TCP-Connector/com.unity.robotics.ros-tcp-connector/Editor/MessageGeneration) by extensions ['colcon_meta']
[0.180s] Level 1:colcon.colcon_core.package_identification:_identify(src/ROS-TCP-Connector/com.unity.robotics.ros-tcp-connector/Editor/MessageGeneration) by extension 'colcon_meta'
[0.180s] Level 1:colcon.colcon_core.package_identification:_identify(src/ROS-TCP-Connector/com.unity.robotics.ros-tcp-connector/Editor/MessageGeneration) by extensions ['ros']
[0.180s] Level 1:colcon.colcon_core.package_identification:_identify(src/ROS-TCP-Connector/com.unity.robotics.ros-tcp-connector/Editor/MessageGeneration) by extension 'ros'
[0.180s] Level 1:colcon.colcon_core.package_identification:_identify(src/ROS-TCP-Connector/com.unity.robotics.ros-tcp-connector/Editor/MessageGeneration) by extensions ['cmake', 'python']
[0.180s] Level 1:colcon.colcon_core.package_identification:_identify(src/ROS-TCP-Connector/com.unity.robotics.ros-tcp-connector/Editor/MessageGeneration) by extension 'cmake'
[0.180s] Level 1:colcon.colcon_core.package_identification:_identify(src/ROS-TCP-Connector/com.unity.robotics.ros-tcp-connector/Editor/MessageGeneration) by extension 'python'
[0.180s] Level 1:colcon.colcon_core.package_identification:_identify(src/ROS-TCP-Connector/com.unity.robotics.ros-tcp-connector/Editor/MessageGeneration) by extensions ['python_setup_py']
[0.180s] Level 1:colcon.colcon_core.package_identification:_identify(src/ROS-TCP-Connector/com.unity.robotics.ros-tcp-connector/Editor/MessageGeneration) by extension 'python_setup_py'
[0.180s] Level 1:colcon.colcon_core.package_identification:_identify(src/ROS-TCP-Connector/com.unity.robotics.ros-tcp-connector/Runtime) by extensions ['ignore', 'ignore_ament_install']
[0.180s] Level 1:colcon.colcon_core.package_identification:_identify(src/ROS-TCP-Connector/com.unity.robotics.ros-tcp-connector/Runtime) by extension 'ignore'
[0.180s] Level 1:colcon.colcon_core.package_identification:_identify(src/ROS-TCP-Connector/com.unity.robotics.ros-tcp-connector/Runtime) by extension 'ignore_ament_install'
[0.181s] Level 1:colcon.colcon_core.package_identification:_identify(src/ROS-TCP-Connector/com.unity.robotics.ros-tcp-connector/Runtime) by extensions ['colcon_pkg']
[0.181s] Level 1:colcon.colcon_core.package_identification:_identify(src/ROS-TCP-Connector/com.unity.robotics.ros-tcp-connector/Runtime) by extension 'colcon_pkg'
[0.181s] Level 1:colcon.colcon_core.package_identification:_identify(src/ROS-TCP-Connector/com.unity.robotics.ros-tcp-connector/Runtime) by extensions ['colcon_meta']
[0.181s] Level 1:colcon.colcon_core.package_identification:_identify(src/ROS-TCP-Connector/com.unity.robotics.ros-tcp-connector/Runtime) by extension 'colcon_meta'
[0.181s] Level 1:colcon.colcon_core.package_identification:_identify(src/ROS-TCP-Connector/com.unity.robotics.ros-tcp-connector/Runtime) by extensions ['ros']
[0.181s] Level 1:colcon.colcon_core.package_identification:_identify(src/ROS-TCP-Connector/com.unity.robotics.ros-tcp-connector/Runtime) by extension 'ros'
[0.181s] Level 1:colcon.colcon_core.package_identification:_identify(src/ROS-TCP-Connector/com.unity.robotics.ros-tcp-connector/Runtime) by extensions ['cmake', 'python']
[0.181s] Level 1:colcon.colcon_core.package_identification:_identify(src/ROS-TCP-Connector/com.unity.robotics.ros-tcp-connector/Runtime) by extension 'cmake'
[0.181s] Level 1:colcon.colcon_core.package_identification:_identify(src/ROS-TCP-Connector/com.unity.robotics.ros-tcp-connector/Runtime) by extension 'python'
[0.181s] Level 1:colcon.colcon_core.package_identification:_identify(src/ROS-TCP-Connector/com.unity.robotics.ros-tcp-connector/Runtime) by extensions ['python_setup_py']
[0.181s] Level 1:colcon.colcon_core.package_identification:_identify(src/ROS-TCP-Connector/com.unity.robotics.ros-tcp-connector/Runtime) by extension 'python_setup_py'
[0.181s] Level 1:colcon.colcon_core.package_identification:_identify(src/ROS-TCP-Connector/com.unity.robotics.ros-tcp-connector/Runtime/Extensions) by extensions ['ignore', 'ignore_ament_install']
[0.181s] Level 1:colcon.colcon_core.package_identification:_identify(src/ROS-TCP-Connector/com.unity.robotics.ros-tcp-connector/Runtime/Extensions) by extension 'ignore'
[0.181s] Level 1:colcon.colcon_core.package_identification:_identify(src/ROS-TCP-Connector/com.unity.robotics.ros-tcp-connector/Runtime/Extensions) by extension 'ignore_ament_install'
[0.181s] Level 1:colcon.colcon_core.package_identification:_identify(src/ROS-TCP-Connector/com.unity.robotics.ros-tcp-connector/Runtime/Extensions) by extensions ['colcon_pkg']
[0.181s] Level 1:colcon.colcon_core.package_identification:_identify(src/ROS-TCP-Connector/com.unity.robotics.ros-tcp-connector/Runtime/Extensions) by extension 'colcon_pkg'
[0.181s] Level 1:colcon.colcon_core.package_identification:_identify(src/ROS-TCP-Connector/com.unity.robotics.ros-tcp-connector/Runtime/Extensions) by extensions ['colcon_meta']
[0.181s] Level 1:colcon.colcon_core.package_identification:_identify(src/ROS-TCP-Connector/com.unity.robotics.ros-tcp-connector/Runtime/Extensions) by extension 'colcon_meta'
[0.181s] Level 1:colcon.colcon_core.package_identification:_identify(src/ROS-TCP-Connector/com.unity.robotics.ros-tcp-connector/Runtime/Extensions) by extensions ['ros']
[0.181s] Level 1:colcon.colcon_core.package_identification:_identify(src/ROS-TCP-Connector/com.unity.robotics.ros-tcp-connector/Runtime/Extensions) by extension 'ros'
[0.181s] Level 1:colcon.colcon_core.package_identification:_identify(src/ROS-TCP-Connector/com.unity.robotics.ros-tcp-connector/Runtime/Extensions) by extensions ['cmake', 'python']
[0.181s] Level 1:colcon.colcon_core.package_identification:_identify(src/ROS-TCP-Connector/com.unity.robotics.ros-tcp-connector/Runtime/Extensions) by extension 'cmake'
[0.181s] Level 1:colcon.colcon_core.package_identification:_identify(src/ROS-TCP-Connector/com.unity.robotics.ros-tcp-connector/Runtime/Extensions) by extension 'python'
[0.181s] Level 1:colcon.colcon_core.package_identification:_identify(src/ROS-TCP-Connector/com.unity.robotics.ros-tcp-connector/Runtime/Extensions) by extensions ['python_setup_py']
[0.181s] Level 1:colcon.colcon_core.package_identification:_identify(src/ROS-TCP-Connector/com.unity.robotics.ros-tcp-connector/Runtime/Extensions) by extension 'python_setup_py'
[0.181s] Level 1:colcon.colcon_core.package_identification:_identify(src/ROS-TCP-Connector/com.unity.robotics.ros-tcp-connector/Runtime/MessageGeneration) by extensions ['ignore', 'ignore_ament_install']
[0.181s] Level 1:colcon.colcon_core.package_identification:_identify(src/ROS-TCP-Connector/com.unity.robotics.ros-tcp-connector/Runtime/MessageGeneration) by extension 'ignore'
[0.181s] Level 1:colcon.colcon_core.package_identification:_identify(src/ROS-TCP-Connector/com.unity.robotics.ros-tcp-connector/Runtime/MessageGeneration) by extension 'ignore_ament_install'
[0.181s] Level 1:colcon.colcon_core.package_identification:_identify(src/ROS-TCP-Connector/com.unity.robotics.ros-tcp-connector/Runtime/MessageGeneration) by extensions ['colcon_pkg']
[0.181s] Level 1:colcon.colcon_core.package_identification:_identify(src/ROS-TCP-Connector/com.unity.robotics.ros-tcp-connector/Runtime/MessageGeneration) by extension 'colcon_pkg'
[0.181s] Level 1:colcon.colcon_core.package_identification:_identify(src/ROS-TCP-Connector/com.unity.robotics.ros-tcp-connector/Runtime/MessageGeneration) by extensions ['colcon_meta']
[0.181s] Level 1:colcon.colcon_core.package_identification:_identify(src/ROS-TCP-Connector/com.unity.robotics.ros-tcp-connector/Runtime/MessageGeneration) by extension 'colcon_meta'
[0.181s] Level 1:colcon.colcon_core.package_identification:_identify(src/ROS-TCP-Connector/com.unity.robotics.ros-tcp-connector/Runtime/MessageGeneration) by extensions ['ros']
[0.181s] Level 1:colcon.colcon_core.package_identification:_identify(src/ROS-TCP-Connector/com.unity.robotics.ros-tcp-connector/Runtime/MessageGeneration) by extension 'ros'
[0.181s] Level 1:colcon.colcon_core.package_identification:_identify(src/ROS-TCP-Connector/com.unity.robotics.ros-tcp-connector/Runtime/MessageGeneration) by extensions ['cmake', 'python']
[0.181s] Level 1:colcon.colcon_core.package_identification:_identify(src/ROS-TCP-Connector/com.unity.robotics.ros-tcp-connector/Runtime/MessageGeneration) by extension 'cmake'
[0.181s] Level 1:colcon.colcon_core.package_identification:_identify(src/ROS-TCP-Connector/com.unity.robotics.ros-tcp-connector/Runtime/MessageGeneration) by extension 'python'
[0.181s] Level 1:colcon.colcon_core.package_identification:_identify(src/ROS-TCP-Connector/com.unity.robotics.ros-tcp-connector/Runtime/MessageGeneration) by extensions ['python_setup_py']
[0.181s] Level 1:colcon.colcon_core.package_identification:_identify(src/ROS-TCP-Connector/com.unity.robotics.ros-tcp-connector/Runtime/MessageGeneration) by extension 'python_setup_py'
[0.181s] Level 1:colcon.colcon_core.package_identification:_identify(src/ROS-TCP-Connector/com.unity.robotics.ros-tcp-connector/Runtime/Messages) by extensions ['ignore', 'ignore_ament_install']
[0.181s] Level 1:colcon.colcon_core.package_identification:_identify(src/ROS-TCP-Connector/com.unity.robotics.ros-tcp-connector/Runtime/Messages) by extension 'ignore'
[0.181s] Level 1:colcon.colcon_core.package_identification:_identify(src/ROS-TCP-Connector/com.unity.robotics.ros-tcp-connector/Runtime/Messages) by extension 'ignore_ament_install'
[0.181s] Level 1:colcon.colcon_core.package_identification:_identify(src/ROS-TCP-Connector/com.unity.robotics.ros-tcp-connector/Runtime/Messages) by extensions ['colcon_pkg']
[0.181s] Level 1:colcon.colcon_core.package_identification:_identify(src/ROS-TCP-Connector/com.unity.robotics.ros-tcp-connector/Runtime/Messages) by extension 'colcon_pkg'
[0.181s] Level 1:colcon.colcon_core.package_identification:_identify(src/ROS-TCP-Connector/com.unity.robotics.ros-tcp-connector/Runtime/Messages) by extensions ['colcon_meta']
[0.181s] Level 1:colcon.colcon_core.package_identification:_identify(src/ROS-TCP-Connector/com.unity.robotics.ros-tcp-connector/Runtime/Messages) by extension 'colcon_meta'
[0.181s] Level 1:colcon.colcon_core.package_identification:_identify(src/ROS-TCP-Connector/com.unity.robotics.ros-tcp-connector/Runtime/Messages) by extensions ['ros']
[0.181s] Level 1:colcon.colcon_core.package_identification:_identify(src/ROS-TCP-Connector/com.unity.robotics.ros-tcp-connector/Runtime/Messages) by extension 'ros'
[0.182s] Level 1:colcon.colcon_core.package_identification:_identify(src/ROS-TCP-Connector/com.unity.robotics.ros-tcp-connector/Runtime/Messages) by extensions ['cmake', 'python']
[0.182s] Level 1:colcon.colcon_core.package_identification:_identify(src/ROS-TCP-Connector/com.unity.robotics.ros-tcp-connector/Runtime/Messages) by extension 'cmake'
[0.182s] Level 1:colcon.colcon_core.package_identification:_identify(src/ROS-TCP-Connector/com.unity.robotics.ros-tcp-connector/Runtime/Messages) by extension 'python'
[0.182s] Level 1:colcon.colcon_core.package_identification:_identify(src/ROS-TCP-Connector/com.unity.robotics.ros-tcp-connector/Runtime/Messages) by extensions ['python_setup_py']
[0.182s] Level 1:colcon.colcon_core.package_identification:_identify(src/ROS-TCP-Connector/com.unity.robotics.ros-tcp-connector/Runtime/Messages) by extension 'python_setup_py'
[0.182s] Level 1:colcon.colcon_core.package_identification:_identify(src/ROS-TCP-Connector/com.unity.robotics.ros-tcp-connector/Runtime/Messages/Actionlib) by extensions ['ignore', 'ignore_ament_install']
[0.182s] Level 1:colcon.colcon_core.package_identification:_identify(src/ROS-TCP-Connector/com.unity.robotics.ros-tcp-connector/Runtime/Messages/Actionlib) by extension 'ignore'
[0.182s] Level 1:colcon.colcon_core.package_identification:_identify(src/ROS-TCP-Connector/com.unity.robotics.ros-tcp-connector/Runtime/Messages/Actionlib) by extension 'ignore_ament_install'
[0.182s] Level 1:colcon.colcon_core.package_identification:_identify(src/ROS-TCP-Connector/com.unity.robotics.ros-tcp-connector/Runtime/Messages/Actionlib) by extensions ['colcon_pkg']
[0.182s] Level 1:colcon.colcon_core.package_identification:_identify(src/ROS-TCP-Connector/com.unity.robotics.ros-tcp-connector/Runtime/Messages/Actionlib) by extension 'colcon_pkg'
[0.182s] Level 1:colcon.colcon_core.package_identification:_identify(src/ROS-TCP-Connector/com.unity.robotics.ros-tcp-connector/Runtime/Messages/Actionlib) by extensions ['colcon_meta']
[0.182s] Level 1:colcon.colcon_core.package_identification:_identify(src/ROS-TCP-Connector/com.unity.robotics.ros-tcp-connector/Runtime/Messages/Actionlib) by extension 'colcon_meta'
[0.182s] Level 1:colcon.colcon_core.package_identification:_identify(src/ROS-TCP-Connector/com.unity.robotics.ros-tcp-connector/Runtime/Messages/Actionlib) by extensions ['ros']
[0.182s] Level 1:colcon.colcon_core.package_identification:_identify(src/ROS-TCP-Connector/com.unity.robotics.ros-tcp-connector/Runtime/Messages/Actionlib) by extension 'ros'
[0.182s] Level 1:colcon.colcon_core.package_identification:_identify(src/ROS-TCP-Connector/com.unity.robotics.ros-tcp-connector/Runtime/Messages/Actionlib) by extensions ['cmake', 'python']
[0.182s] Level 1:colcon.colcon_core.package_identification:_identify(src/ROS-TCP-Connector/com.unity.robotics.ros-tcp-connector/Runtime/Messages/Actionlib) by extension 'cmake'
[0.182s] Level 1:colcon.colcon_core.package_identification:_identify(src/ROS-TCP-Connector/com.unity.robotics.ros-tcp-connector/Runtime/Messages/Actionlib) by extension 'python'
[0.182s] Level 1:colcon.colcon_core.package_identification:_identify(src/ROS-TCP-Connector/com.unity.robotics.ros-tcp-connector/Runtime/Messages/Actionlib) by extensions ['python_setup_py']
[0.182s] Level 1:colcon.colcon_core.package_identification:_identify(src/ROS-TCP-Connector/com.unity.robotics.ros-tcp-connector/Runtime/Messages/Actionlib) by extension 'python_setup_py'
[0.182s] Level 1:colcon.colcon_core.package_identification:_identify(src/ROS-TCP-Connector/com.unity.robotics.ros-tcp-connector/Runtime/Messages/Actionlib/msg) by extensions ['ignore', 'ignore_ament_install']
[0.182s] Level 1:colcon.colcon_core.package_identification:_identify(src/ROS-TCP-Connector/com.unity.robotics.ros-tcp-connector/Runtime/Messages/Actionlib/msg) by extension 'ignore'
[0.182s] Level 1:colcon.colcon_core.package_identification:_identify(src/ROS-TCP-Connector/com.unity.robotics.ros-tcp-connector/Runtime/Messages/Actionlib/msg) by extension 'ignore_ament_install'
[0.182s] Level 1:colcon.colcon_core.package_identification:_identify(src/ROS-TCP-Connector/com.unity.robotics.ros-tcp-connector/Runtime/Messages/Actionlib/msg) by extensions ['colcon_pkg']
[0.182s] Level 1:colcon.colcon_core.package_identification:_identify(src/ROS-TCP-Connector/com.unity.robotics.ros-tcp-connector/Runtime/Messages/Actionlib/msg) by extension 'colcon_pkg'
[0.182s] Level 1:colcon.colcon_core.package_identification:_identify(src/ROS-TCP-Connector/com.unity.robotics.ros-tcp-connector/Runtime/Messages/Actionlib/msg) by extensions ['colcon_meta']
[0.182s] Level 1:colcon.colcon_core.package_identification:_identify(src/ROS-TCP-Connector/com.unity.robotics.ros-tcp-connector/Runtime/Messages/Actionlib/msg) by extension 'colcon_meta'
[0.182s] Level 1:colcon.colcon_core.package_identification:_identify(src/ROS-TCP-Connector/com.unity.robotics.ros-tcp-connector/Runtime/Messages/Actionlib/msg) by extensions ['ros']
[0.182s] Level 1:colcon.colcon_core.package_identification:_identify(src/ROS-TCP-Connector/com.unity.robotics.ros-tcp-connector/Runtime/Messages/Actionlib/msg) by extension 'ros'
[0.182s] Level 1:colcon.colcon_core.package_identification:_identify(src/ROS-TCP-Connector/com.unity.robotics.ros-tcp-connector/Runtime/Messages/Actionlib/msg) by extensions ['cmake', 'python']
[0.182s] Level 1:colcon.colcon_core.package_identification:_identify(src/ROS-TCP-Connector/com.unity.robotics.ros-tcp-connector/Runtime/Messages/Actionlib/msg) by extension 'cmake'
[0.182s] Level 1:colcon.colcon_core.package_identification:_identify(src/ROS-TCP-Connector/com.unity.robotics.ros-tcp-connector/Runtime/Messages/Actionlib/msg) by extension 'python'
[0.182s] Level 1:colcon.colcon_core.package_identification:_identify(src/ROS-TCP-Connector/com.unity.robotics.ros-tcp-connector/Runtime/Messages/Actionlib/msg) by extensions ['python_setup_py']
[0.182s] Level 1:colcon.colcon_core.package_identification:_identify(src/ROS-TCP-Connector/com.unity.robotics.ros-tcp-connector/Runtime/Messages/Actionlib/msg) by extension 'python_setup_py'
[0.182s] Level 1:colcon.colcon_core.package_identification:_identify(src/ROS-TCP-Connector/com.unity.robotics.ros-tcp-connector/Runtime/Messages/Diagnostic) by extensions ['ignore', 'ignore_ament_install']
[0.182s] Level 1:colcon.colcon_core.package_identification:_identify(src/ROS-TCP-Connector/com.unity.robotics.ros-tcp-connector/Runtime/Messages/Diagnostic) by extension 'ignore'
[0.182s] Level 1:colcon.colcon_core.package_identification:_identify(src/ROS-TCP-Connector/com.unity.robotics.ros-tcp-connector/Runtime/Messages/Diagnostic) by extension 'ignore_ament_install'
[0.182s] Level 1:colcon.colcon_core.package_identification:_identify(src/ROS-TCP-Connector/com.unity.robotics.ros-tcp-connector/Runtime/Messages/Diagnostic) by extensions ['colcon_pkg']
[0.182s] Level 1:colcon.colcon_core.package_identification:_identify(src/ROS-TCP-Connector/com.unity.robotics.ros-tcp-connector/Runtime/Messages/Diagnostic) by extension 'colcon_pkg'
[0.182s] Level 1:colcon.colcon_core.package_identification:_identify(src/ROS-TCP-Connector/com.unity.robotics.ros-tcp-connector/Runtime/Messages/Diagnostic) by extensions ['colcon_meta']
[0.182s] Level 1:colcon.colcon_core.package_identification:_identify(src/ROS-TCP-Connector/com.unity.robotics.ros-tcp-connector/Runtime/Messages/Diagnostic) by extension 'colcon_meta'
[0.182s] Level 1:colcon.colcon_core.package_identification:_identify(src/ROS-TCP-Connector/com.unity.robotics.ros-tcp-connector/Runtime/Messages/Diagnostic) by extensions ['ros']
[0.182s] Level 1:colcon.colcon_core.package_identification:_identify(src/ROS-TCP-Connector/com.unity.robotics.ros-tcp-connector/Runtime/Messages/Diagnostic) by extension 'ros'
[0.182s] Level 1:colcon.colcon_core.package_identification:_identify(src/ROS-TCP-Connector/com.unity.robotics.ros-tcp-connector/Runtime/Messages/Diagnostic) by extensions ['cmake', 'python']
[0.182s] Level 1:colcon.colcon_core.package_identification:_identify(src/ROS-TCP-Connector/com.unity.robotics.ros-tcp-connector/Runtime/Messages/Diagnostic) by extension 'cmake'
[0.182s] Level 1:colcon.colcon_core.package_identification:_identify(src/ROS-TCP-Connector/com.unity.robotics.ros-tcp-connector/Runtime/Messages/Diagnostic) by extension 'python'
[0.182s] Level 1:colcon.colcon_core.package_identification:_identify(src/ROS-TCP-Connector/com.unity.robotics.ros-tcp-connector/Runtime/Messages/Diagnostic) by extensions ['python_setup_py']
[0.182s] Level 1:colcon.colcon_core.package_identification:_identify(src/ROS-TCP-Connector/com.unity.robotics.ros-tcp-connector/Runtime/Messages/Diagnostic) by extension 'python_setup_py'
[0.183s] Level 1:colcon.colcon_core.package_identification:_identify(src/ROS-TCP-Connector/com.unity.robotics.ros-tcp-connector/Runtime/Messages/Diagnostic/msg) by extensions ['ignore', 'ignore_ament_install']
[0.183s] Level 1:colcon.colcon_core.package_identification:_identify(src/ROS-TCP-Connector/com.unity.robotics.ros-tcp-connector/Runtime/Messages/Diagnostic/msg) by extension 'ignore'
[0.183s] Level 1:colcon.colcon_core.package_identification:_identify(src/ROS-TCP-Connector/com.unity.robotics.ros-tcp-connector/Runtime/Messages/Diagnostic/msg) by extension 'ignore_ament_install'
[0.183s] Level 1:colcon.colcon_core.package_identification:_identify(src/ROS-TCP-Connector/com.unity.robotics.ros-tcp-connector/Runtime/Messages/Diagnostic/msg) by extensions ['colcon_pkg']
[0.183s] Level 1:colcon.colcon_core.package_identification:_identify(src/ROS-TCP-Connector/com.unity.robotics.ros-tcp-connector/Runtime/Messages/Diagnostic/msg) by extension 'colcon_pkg'
[0.183s] Level 1:colcon.colcon_core.package_identification:_identify(src/ROS-TCP-Connector/com.unity.robotics.ros-tcp-connector/Runtime/Messages/Diagnostic/msg) by extensions ['colcon_meta']
[0.183s] Level 1:colcon.colcon_core.package_identification:_identify(src/ROS-TCP-Connector/com.unity.robotics.ros-tcp-connector/Runtime/Messages/Diagnostic/msg) by extension 'colcon_meta'
[0.183s] Level 1:colcon.colcon_core.package_identification:_identify(src/ROS-TCP-Connector/com.unity.robotics.ros-tcp-connector/Runtime/Messages/Diagnostic/msg) by extensions ['ros']
[0.183s] Level 1:colcon.colcon_core.package_identification:_identify(src/ROS-TCP-Connector/com.unity.robotics.ros-tcp-connector/Runtime/Messages/Diagnostic/msg) by extension 'ros'
[0.183s] Level 1:colcon.colcon_core.package_identification:_identify(src/ROS-TCP-Connector/com.unity.robotics.ros-tcp-connector/Runtime/Messages/Diagnostic/msg) by extensions ['cmake', 'python']
[0.183s] Level 1:colcon.colcon_core.package_identification:_identify(src/ROS-TCP-Connector/com.unity.robotics.ros-tcp-connector/Runtime/Messages/Diagnostic/msg) by extension 'cmake'
[0.183s] Level 1:colcon.colcon_core.package_identification:_identify(src/ROS-TCP-Connector/com.unity.robotics.ros-tcp-connector/Runtime/Messages/Diagnostic/msg) by extension 'python'
[0.183s] Level 1:colcon.colcon_core.package_identification:_identify(src/ROS-TCP-Connector/com.unity.robotics.ros-tcp-connector/Runtime/Messages/Diagnostic/msg) by extensions ['python_setup_py']
[0.183s] Level 1:colcon.colcon_core.package_identification:_identify(src/ROS-TCP-Connector/com.unity.robotics.ros-tcp-connector/Runtime/Messages/Diagnostic/msg) by extension 'python_setup_py'
[0.183s] Level 1:colcon.colcon_core.package_identification:_identify(src/ROS-TCP-Connector/com.unity.robotics.ros-tcp-connector/Runtime/Messages/Diagnostic/srv) by extensions ['ignore', 'ignore_ament_install']
[0.183s] Level 1:colcon.colcon_core.package_identification:_identify(src/ROS-TCP-Connector/com.unity.robotics.ros-tcp-connector/Runtime/Messages/Diagnostic/srv) by extension 'ignore'
[0.183s] Level 1:colcon.colcon_core.package_identification:_identify(src/ROS-TCP-Connector/com.unity.robotics.ros-tcp-connector/Runtime/Messages/Diagnostic/srv) by extension 'ignore_ament_install'
[0.183s] Level 1:colcon.colcon_core.package_identification:_identify(src/ROS-TCP-Connector/com.unity.robotics.ros-tcp-connector/Runtime/Messages/Diagnostic/srv) by extensions ['colcon_pkg']
[0.183s] Level 1:colcon.colcon_core.package_identification:_identify(src/ROS-TCP-Connector/com.unity.robotics.ros-tcp-connector/Runtime/Messages/Diagnostic/srv) by extension 'colcon_pkg'
[0.183s] Level 1:colcon.colcon_core.package_identification:_identify(src/ROS-TCP-Connector/com.unity.robotics.ros-tcp-connector/Runtime/Messages/Diagnostic/srv) by extensions ['colcon_meta']
[0.183s] Level 1:colcon.colcon_core.package_identification:_identify(src/ROS-TCP-Connector/com.unity.robotics.ros-tcp-connector/Runtime/Messages/Diagnostic/srv) by extension 'colcon_meta'
[0.183s] Level 1:colcon.colcon_core.package_identification:_identify(src/ROS-TCP-Connector/com.unity.robotics.ros-tcp-connector/Runtime/Messages/Diagnostic/srv) by extensions ['ros']
[0.183s] Level 1:colcon.colcon_core.package_identification:_identify(src/ROS-TCP-Connector/com.unity.robotics.ros-tcp-connector/Runtime/Messages/Diagnostic/srv) by extension 'ros'
[0.183s] Level 1:colcon.colcon_core.package_identification:_identify(src/ROS-TCP-Connector/com.unity.robotics.ros-tcp-connector/Runtime/Messages/Diagnostic/srv) by extensions ['cmake', 'python']
[0.183s] Level 1:colcon.colcon_core.package_identification:_identify(src/ROS-TCP-Connector/com.unity.robotics.ros-tcp-connector/Runtime/Messages/Diagnostic/srv) by extension 'cmake'
[0.183s] Level 1:colcon.colcon_core.package_identification:_identify(src/ROS-TCP-Connector/com.unity.robotics.ros-tcp-connector/Runtime/Messages/Diagnostic/srv) by extension 'python'
[0.183s] Level 1:colcon.colcon_core.package_identification:_identify(src/ROS-TCP-Connector/com.unity.robotics.ros-tcp-connector/Runtime/Messages/Diagnostic/srv) by extensions ['python_setup_py']
[0.183s] Level 1:colcon.colcon_core.package_identification:_identify(src/ROS-TCP-Connector/com.unity.robotics.ros-tcp-connector/Runtime/Messages/Diagnostic/srv) by extension 'python_setup_py'
[0.183s] Level 1:colcon.colcon_core.package_identification:_identify(src/ROS-TCP-Connector/com.unity.robotics.ros-tcp-connector/Runtime/Messages/Geometry) by extensions ['ignore', 'ignore_ament_install']
[0.183s] Level 1:colcon.colcon_core.package_identification:_identify(src/ROS-TCP-Connector/com.unity.robotics.ros-tcp-connector/Runtime/Messages/Geometry) by extension 'ignore'
[0.183s] Level 1:colcon.colcon_core.package_identification:_identify(src/ROS-TCP-Connector/com.unity.robotics.ros-tcp-connector/Runtime/Messages/Geometry) by extension 'ignore_ament_install'
[0.183s] Level 1:colcon.colcon_core.package_identification:_identify(src/ROS-TCP-Connector/com.unity.robotics.ros-tcp-connector/Runtime/Messages/Geometry) by extensions ['colcon_pkg']
[0.183s] Level 1:colcon.colcon_core.package_identification:_identify(src/ROS-TCP-Connector/com.unity.robotics.ros-tcp-connector/Runtime/Messages/Geometry) by extension 'colcon_pkg'
[0.183s] Level 1:colcon.colcon_core.package_identification:_identify(src/ROS-TCP-Connector/com.unity.robotics.ros-tcp-connector/Runtime/Messages/Geometry) by extensions ['colcon_meta']
[0.183s] Level 1:colcon.colcon_core.package_identification:_identify(src/ROS-TCP-Connector/com.unity.robotics.ros-tcp-connector/Runtime/Messages/Geometry) by extension 'colcon_meta'
[0.183s] Level 1:colcon.colcon_core.package_identification:_identify(src/ROS-TCP-Connector/com.unity.robotics.ros-tcp-connector/Runtime/Messages/Geometry) by extensions ['ros']
[0.183s] Level 1:colcon.colcon_core.package_identification:_identify(src/ROS-TCP-Connector/com.unity.robotics.ros-tcp-connector/Runtime/Messages/Geometry) by extension 'ros'
[0.183s] Level 1:colcon.colcon_core.package_identification:_identify(src/ROS-TCP-Connector/com.unity.robotics.ros-tcp-connector/Runtime/Messages/Geometry) by extensions ['cmake', 'python']
[0.183s] Level 1:colcon.colcon_core.package_identification:_identify(src/ROS-TCP-Connector/com.unity.robotics.ros-tcp-connector/Runtime/Messages/Geometry) by extension 'cmake'
[0.183s] Level 1:colcon.colcon_core.package_identification:_identify(src/ROS-TCP-Connector/com.unity.robotics.ros-tcp-connector/Runtime/Messages/Geometry) by extension 'python'
[0.183s] Level 1:colcon.colcon_core.package_identification:_identify(src/ROS-TCP-Connector/com.unity.robotics.ros-tcp-connector/Runtime/Messages/Geometry) by extensions ['python_setup_py']
[0.183s] Level 1:colcon.colcon_core.package_identification:_identify(src/ROS-TCP-Connector/com.unity.robotics.ros-tcp-connector/Runtime/Messages/Geometry) by extension 'python_setup_py'
[0.183s] Level 1:colcon.colcon_core.package_identification:_identify(src/ROS-TCP-Connector/com.unity.robotics.ros-tcp-connector/Runtime/Messages/Geometry/msg) by extensions ['ignore', 'ignore_ament_install']
[0.183s] Level 1:colcon.colcon_core.package_identification:_identify(src/ROS-TCP-Connector/com.unity.robotics.ros-tcp-connector/Runtime/Messages/Geometry/msg) by extension 'ignore'
[0.183s] Level 1:colcon.colcon_core.package_identification:_identify(src/ROS-TCP-Connector/com.unity.robotics.ros-tcp-connector/Runtime/Messages/Geometry/msg) by extension 'ignore_ament_install'
[0.183s] Level 1:colcon.colcon_core.package_identification:_identify(src/ROS-TCP-Connector/com.unity.robotics.ros-tcp-connector/Runtime/Messages/Geometry/msg) by extensions ['colcon_pkg']
[0.183s] Level 1:colcon.colcon_core.package_identification:_identify(src/ROS-TCP-Connector/com.unity.robotics.ros-tcp-connector/Runtime/Messages/Geometry/msg) by extension 'colcon_pkg'
[0.183s] Level 1:colcon.colcon_core.package_identification:_identify(src/ROS-TCP-Connector/com.unity.robotics.ros-tcp-connector/Runtime/Messages/Geometry/msg) by extensions ['colcon_meta']
[0.183s] Level 1:colcon.colcon_core.package_identification:_identify(src/ROS-TCP-Connector/com.unity.robotics.ros-tcp-connector/Runtime/Messages/Geometry/msg) by extension 'colcon_meta'
[0.184s] Level 1:colcon.colcon_core.package_identification:_identify(src/ROS-TCP-Connector/com.unity.robotics.ros-tcp-connector/Runtime/Messages/Geometry/msg) by extensions ['ros']
[0.184s] Level 1:colcon.colcon_core.package_identification:_identify(src/ROS-TCP-Connector/com.unity.robotics.ros-tcp-connector/Runtime/Messages/Geometry/msg) by extension 'ros'
[0.184s] Level 1:colcon.colcon_core.package_identification:_identify(src/ROS-TCP-Connector/com.unity.robotics.ros-tcp-connector/Runtime/Messages/Geometry/msg) by extensions ['cmake', 'python']
[0.184s] Level 1:colcon.colcon_core.package_identification:_identify(src/ROS-TCP-Connector/com.unity.robotics.ros-tcp-connector/Runtime/Messages/Geometry/msg) by extension 'cmake'
[0.184s] Level 1:colcon.colcon_core.package_identification:_identify(src/ROS-TCP-Connector/com.unity.robotics.ros-tcp-connector/Runtime/Messages/Geometry/msg) by extension 'python'
[0.184s] Level 1:colcon.colcon_core.package_identification:_identify(src/ROS-TCP-Connector/com.unity.robotics.ros-tcp-connector/Runtime/Messages/Geometry/msg) by extensions ['python_setup_py']
[0.184s] Level 1:colcon.colcon_core.package_identification:_identify(src/ROS-TCP-Connector/com.unity.robotics.ros-tcp-connector/Runtime/Messages/Geometry/msg) by extension 'python_setup_py'
[0.184s] Level 1:colcon.colcon_core.package_identification:_identify(src/ROS-TCP-Connector/com.unity.robotics.ros-tcp-connector/Runtime/Messages/HandwrittenMessages) by extensions ['ignore', 'ignore_ament_install']
[0.184s] Level 1:colcon.colcon_core.package_identification:_identify(src/ROS-TCP-Connector/com.unity.robotics.ros-tcp-connector/Runtime/Messages/HandwrittenMessages) by extension 'ignore'
[0.184s] Level 1:colcon.colcon_core.package_identification:_identify(src/ROS-TCP-Connector/com.unity.robotics.ros-tcp-connector/Runtime/Messages/HandwrittenMessages) by extension 'ignore_ament_install'
[0.184s] Level 1:colcon.colcon_core.package_identification:_identify(src/ROS-TCP-Connector/com.unity.robotics.ros-tcp-connector/Runtime/Messages/HandwrittenMessages) by extensions ['colcon_pkg']
[0.184s] Level 1:colcon.colcon_core.package_identification:_identify(src/ROS-TCP-Connector/com.unity.robotics.ros-tcp-connector/Runtime/Messages/HandwrittenMessages) by extension 'colcon_pkg'
[0.184s] Level 1:colcon.colcon_core.package_identification:_identify(src/ROS-TCP-Connector/com.unity.robotics.ros-tcp-connector/Runtime/Messages/HandwrittenMessages) by extensions ['colcon_meta']
[0.184s] Level 1:colcon.colcon_core.package_identification:_identify(src/ROS-TCP-Connector/com.unity.robotics.ros-tcp-connector/Runtime/Messages/HandwrittenMessages) by extension 'colcon_meta'
[0.184s] Level 1:colcon.colcon_core.package_identification:_identify(src/ROS-TCP-Connector/com.unity.robotics.ros-tcp-connector/Runtime/Messages/HandwrittenMessages) by extensions ['ros']
[0.184s] Level 1:colcon.colcon_core.package_identification:_identify(src/ROS-TCP-Connector/com.unity.robotics.ros-tcp-connector/Runtime/Messages/HandwrittenMessages) by extension 'ros'
[0.184s] Level 1:colcon.colcon_core.package_identification:_identify(src/ROS-TCP-Connector/com.unity.robotics.ros-tcp-connector/Runtime/Messages/HandwrittenMessages) by extensions ['cmake', 'python']
[0.184s] Level 1:colcon.colcon_core.package_identification:_identify(src/ROS-TCP-Connector/com.unity.robotics.ros-tcp-connector/Runtime/Messages/HandwrittenMessages) by extension 'cmake'
[0.184s] Level 1:colcon.colcon_core.package_identification:_identify(src/ROS-TCP-Connector/com.unity.robotics.ros-tcp-connector/Runtime/Messages/HandwrittenMessages) by extension 'python'
[0.184s] Level 1:colcon.colcon_core.package_identification:_identify(src/ROS-TCP-Connector/com.unity.robotics.ros-tcp-connector/Runtime/Messages/HandwrittenMessages) by extensions ['python_setup_py']
[0.184s] Level 1:colcon.colcon_core.package_identification:_identify(src/ROS-TCP-Connector/com.unity.robotics.ros-tcp-connector/Runtime/Messages/HandwrittenMessages) by extension 'python_setup_py'
[0.184s] Level 1:colcon.colcon_core.package_identification:_identify(src/ROS-TCP-Connector/com.unity.robotics.ros-tcp-connector/Runtime/Messages/HandwrittenMessages/action) by extensions ['ignore', 'ignore_ament_install']
[0.184s] Level 1:colcon.colcon_core.package_identification:_identify(src/ROS-TCP-Connector/com.unity.robotics.ros-tcp-connector/Runtime/Messages/HandwrittenMessages/action) by extension 'ignore'
[0.184s] Level 1:colcon.colcon_core.package_identification:_identify(src/ROS-TCP-Connector/com.unity.robotics.ros-tcp-connector/Runtime/Messages/HandwrittenMessages/action) by extension 'ignore_ament_install'
[0.184s] Level 1:colcon.colcon_core.package_identification:_identify(src/ROS-TCP-Connector/com.unity.robotics.ros-tcp-connector/Runtime/Messages/HandwrittenMessages/action) by extensions ['colcon_pkg']
[0.184s] Level 1:colcon.colcon_core.package_identification:_identify(src/ROS-TCP-Connector/com.unity.robotics.ros-tcp-connector/Runtime/Messages/HandwrittenMessages/action) by extension 'colcon_pkg'
[0.184s] Level 1:colcon.colcon_core.package_identification:_identify(src/ROS-TCP-Connector/com.unity.robotics.ros-tcp-connector/Runtime/Messages/HandwrittenMessages/action) by extensions ['colcon_meta']
[0.184s] Level 1:colcon.colcon_core.package_identification:_identify(src/ROS-TCP-Connector/com.unity.robotics.ros-tcp-connector/Runtime/Messages/HandwrittenMessages/action) by extension 'colcon_meta'
[0.184s] Level 1:colcon.colcon_core.package_identification:_identify(src/ROS-TCP-Connector/com.unity.robotics.ros-tcp-connector/Runtime/Messages/HandwrittenMessages/action) by extensions ['ros']
[0.184s] Level 1:colcon.colcon_core.package_identification:_identify(src/ROS-TCP-Connector/com.unity.robotics.ros-tcp-connector/Runtime/Messages/HandwrittenMessages/action) by extension 'ros'
[0.184s] Level 1:colcon.colcon_core.package_identification:_identify(src/ROS-TCP-Connector/com.unity.robotics.ros-tcp-connector/Runtime/Messages/HandwrittenMessages/action) by extensions ['cmake', 'python']
[0.184s] Level 1:colcon.colcon_core.package_identification:_identify(src/ROS-TCP-Connector/com.unity.robotics.ros-tcp-connector/Runtime/Messages/HandwrittenMessages/action) by extension 'cmake'
[0.184s] Level 1:colcon.colcon_core.package_identification:_identify(src/ROS-TCP-Connector/com.unity.robotics.ros-tcp-connector/Runtime/Messages/HandwrittenMessages/action) by extension 'python'
[0.184s] Level 1:colcon.colcon_core.package_identification:_identify(src/ROS-TCP-Connector/com.unity.robotics.ros-tcp-connector/Runtime/Messages/HandwrittenMessages/action) by extensions ['python_setup_py']
[0.184s] Level 1:colcon.colcon_core.package_identification:_identify(src/ROS-TCP-Connector/com.unity.robotics.ros-tcp-connector/Runtime/Messages/HandwrittenMessages/action) by extension 'python_setup_py'
[0.184s] Level 1:colcon.colcon_core.package_identification:_identify(src/ROS-TCP-Connector/com.unity.robotics.ros-tcp-connector/Runtime/Messages/HandwrittenMessages/msg) by extensions ['ignore', 'ignore_ament_install']
[0.184s] Level 1:colcon.colcon_core.package_identification:_identify(src/ROS-TCP-Connector/com.unity.robotics.ros-tcp-connector/Runtime/Messages/HandwrittenMessages/msg) by extension 'ignore'
[0.184s] Level 1:colcon.colcon_core.package_identification:_identify(src/ROS-TCP-Connector/com.unity.robotics.ros-tcp-connector/Runtime/Messages/HandwrittenMessages/msg) by extension 'ignore_ament_install'
[0.184s] Level 1:colcon.colcon_core.package_identification:_identify(src/ROS-TCP-Connector/com.unity.robotics.ros-tcp-connector/Runtime/Messages/HandwrittenMessages/msg) by extensions ['colcon_pkg']
[0.184s] Level 1:colcon.colcon_core.package_identification:_identify(src/ROS-TCP-Connector/com.unity.robotics.ros-tcp-connector/Runtime/Messages/HandwrittenMessages/msg) by extension 'colcon_pkg'
[0.184s] Level 1:colcon.colcon_core.package_identification:_identify(src/ROS-TCP-Connector/com.unity.robotics.ros-tcp-connector/Runtime/Messages/HandwrittenMessages/msg) by extensions ['colcon_meta']
[0.184s] Level 1:colcon.colcon_core.package_identification:_identify(src/ROS-TCP-Connector/com.unity.robotics.ros-tcp-connector/Runtime/Messages/HandwrittenMessages/msg) by extension 'colcon_meta'
[0.184s] Level 1:colcon.colcon_core.package_identification:_identify(src/ROS-TCP-Connector/com.unity.robotics.ros-tcp-connector/Runtime/Messages/HandwrittenMessages/msg) by extensions ['ros']
[0.184s] Level 1:colcon.colcon_core.package_identification:_identify(src/ROS-TCP-Connector/com.unity.robotics.ros-tcp-connector/Runtime/Messages/HandwrittenMessages/msg) by extension 'ros'
[0.184s] Level 1:colcon.colcon_core.package_identification:_identify(src/ROS-TCP-Connector/com.unity.robotics.ros-tcp-connector/Runtime/Messages/HandwrittenMessages/msg) by extensions ['cmake', 'python']
[0.184s] Level 1:colcon.colcon_core.package_identification:_identify(src/ROS-TCP-Connector/com.unity.robotics.ros-tcp-connector/Runtime/Messages/HandwrittenMessages/msg) by extension 'cmake'
[0.184s] Level 1:colcon.colcon_core.package_identification:_identify(src/ROS-TCP-Connector/com.unity.robotics.ros-tcp-connector/Runtime/Messages/HandwrittenMessages/msg) by extension 'python'
[0.184s] Level 1:colcon.colcon_core.package_identification:_identify(src/ROS-TCP-Connector/com.unity.robotics.ros-tcp-connector/Runtime/Messages/HandwrittenMessages/msg) by extensions ['python_setup_py']
[0.184s] Level 1:colcon.colcon_core.package_identification:_identify(src/ROS-TCP-Connector/com.unity.robotics.ros-tcp-connector/Runtime/Messages/HandwrittenMessages/msg) by extension 'python_setup_py'
[0.185s] Level 1:colcon.colcon_core.package_identification:_identify(src/ROS-TCP-Connector/com.unity.robotics.ros-tcp-connector/Runtime/Messages/Nav) by extensions ['ignore', 'ignore_ament_install']
[0.185s] Level 1:colcon.colcon_core.package_identification:_identify(src/ROS-TCP-Connector/com.unity.robotics.ros-tcp-connector/Runtime/Messages/Nav) by extension 'ignore'
[0.185s] Level 1:colcon.colcon_core.package_identification:_identify(src/ROS-TCP-Connector/com.unity.robotics.ros-tcp-connector/Runtime/Messages/Nav) by extension 'ignore_ament_install'
[0.185s] Level 1:colcon.colcon_core.package_identification:_identify(src/ROS-TCP-Connector/com.unity.robotics.ros-tcp-connector/Runtime/Messages/Nav) by extensions ['colcon_pkg']
[0.185s] Level 1:colcon.colcon_core.package_identification:_identify(src/ROS-TCP-Connector/com.unity.robotics.ros-tcp-connector/Runtime/Messages/Nav) by extension 'colcon_pkg'
[0.185s] Level 1:colcon.colcon_core.package_identification:_identify(src/ROS-TCP-Connector/com.unity.robotics.ros-tcp-connector/Runtime/Messages/Nav) by extensions ['colcon_meta']
[0.185s] Level 1:colcon.colcon_core.package_identification:_identify(src/ROS-TCP-Connector/com.unity.robotics.ros-tcp-connector/Runtime/Messages/Nav) by extension 'colcon_meta'
[0.185s] Level 1:colcon.colcon_core.package_identification:_identify(src/ROS-TCP-Connector/com.unity.robotics.ros-tcp-connector/Runtime/Messages/Nav) by extensions ['ros']
[0.185s] Level 1:colcon.colcon_core.package_identification:_identify(src/ROS-TCP-Connector/com.unity.robotics.ros-tcp-connector/Runtime/Messages/Nav) by extension 'ros'
[0.185s] Level 1:colcon.colcon_core.package_identification:_identify(src/ROS-TCP-Connector/com.unity.robotics.ros-tcp-connector/Runtime/Messages/Nav) by extensions ['cmake', 'python']
[0.185s] Level 1:colcon.colcon_core.package_identification:_identify(src/ROS-TCP-Connector/com.unity.robotics.ros-tcp-connector/Runtime/Messages/Nav) by extension 'cmake'
[0.185s] Level 1:colcon.colcon_core.package_identification:_identify(src/ROS-TCP-Connector/com.unity.robotics.ros-tcp-connector/Runtime/Messages/Nav) by extension 'python'
[0.185s] Level 1:colcon.colcon_core.package_identification:_identify(src/ROS-TCP-Connector/com.unity.robotics.ros-tcp-connector/Runtime/Messages/Nav) by extensions ['python_setup_py']
[0.185s] Level 1:colcon.colcon_core.package_identification:_identify(src/ROS-TCP-Connector/com.unity.robotics.ros-tcp-connector/Runtime/Messages/Nav) by extension 'python_setup_py'
[0.185s] Level 1:colcon.colcon_core.package_identification:_identify(src/ROS-TCP-Connector/com.unity.robotics.ros-tcp-connector/Runtime/Messages/Nav/action) by extensions ['ignore', 'ignore_ament_install']
[0.185s] Level 1:colcon.colcon_core.package_identification:_identify(src/ROS-TCP-Connector/com.unity.robotics.ros-tcp-connector/Runtime/Messages/Nav/action) by extension 'ignore'
[0.185s] Level 1:colcon.colcon_core.package_identification:_identify(src/ROS-TCP-Connector/com.unity.robotics.ros-tcp-connector/Runtime/Messages/Nav/action) by extension 'ignore_ament_install'
[0.185s] Level 1:colcon.colcon_core.package_identification:_identify(src/ROS-TCP-Connector/com.unity.robotics.ros-tcp-connector/Runtime/Messages/Nav/action) by extensions ['colcon_pkg']
[0.185s] Level 1:colcon.colcon_core.package_identification:_identify(src/ROS-TCP-Connector/com.unity.robotics.ros-tcp-connector/Runtime/Messages/Nav/action) by extension 'colcon_pkg'
[0.185s] Level 1:colcon.colcon_core.package_identification:_identify(src/ROS-TCP-Connector/com.unity.robotics.ros-tcp-connector/Runtime/Messages/Nav/action) by extensions ['colcon_meta']
[0.185s] Level 1:colcon.colcon_core.package_identification:_identify(src/ROS-TCP-Connector/com.unity.robotics.ros-tcp-connector/Runtime/Messages/Nav/action) by extension 'colcon_meta'
[0.185s] Level 1:colcon.colcon_core.package_identification:_identify(src/ROS-TCP-Connector/com.unity.robotics.ros-tcp-connector/Runtime/Messages/Nav/action) by extensions ['ros']
[0.185s] Level 1:colcon.colcon_core.package_identification:_identify(src/ROS-TCP-Connector/com.unity.robotics.ros-tcp-connector/Runtime/Messages/Nav/action) by extension 'ros'
[0.185s] Level 1:colcon.colcon_core.package_identification:_identify(src/ROS-TCP-Connector/com.unity.robotics.ros-tcp-connector/Runtime/Messages/Nav/action) by extensions ['cmake', 'python']
[0.185s] Level 1:colcon.colcon_core.package_identification:_identify(src/ROS-TCP-Connector/com.unity.robotics.ros-tcp-connector/Runtime/Messages/Nav/action) by extension 'cmake'
[0.185s] Level 1:colcon.colcon_core.package_identification:_identify(src/ROS-TCP-Connector/com.unity.robotics.ros-tcp-connector/Runtime/Messages/Nav/action) by extension 'python'
[0.185s] Level 1:colcon.colcon_core.package_identification:_identify(src/ROS-TCP-Connector/com.unity.robotics.ros-tcp-connector/Runtime/Messages/Nav/action) by extensions ['python_setup_py']
[0.185s] Level 1:colcon.colcon_core.package_identification:_identify(src/ROS-TCP-Connector/com.unity.robotics.ros-tcp-connector/Runtime/Messages/Nav/action) by extension 'python_setup_py'
[0.185s] Level 1:colcon.colcon_core.package_identification:_identify(src/ROS-TCP-Connector/com.unity.robotics.ros-tcp-connector/Runtime/Messages/Nav/msg) by extensions ['ignore', 'ignore_ament_install']
[0.185s] Level 1:colcon.colcon_core.package_identification:_identify(src/ROS-TCP-Connector/com.unity.robotics.ros-tcp-connector/Runtime/Messages/Nav/msg) by extension 'ignore'
[0.185s] Level 1:colcon.colcon_core.package_identification:_identify(src/ROS-TCP-Connector/com.unity.robotics.ros-tcp-connector/Runtime/Messages/Nav/msg) by extension 'ignore_ament_install'
[0.185s] Level 1:colcon.colcon_core.package_identification:_identify(src/ROS-TCP-Connector/com.unity.robotics.ros-tcp-connector/Runtime/Messages/Nav/msg) by extensions ['colcon_pkg']
[0.185s] Level 1:colcon.colcon_core.package_identification:_identify(src/ROS-TCP-Connector/com.unity.robotics.ros-tcp-connector/Runtime/Messages/Nav/msg) by extension 'colcon_pkg'
[0.185s] Level 1:colcon.colcon_core.package_identification:_identify(src/ROS-TCP-Connector/com.unity.robotics.ros-tcp-connector/Runtime/Messages/Nav/msg) by extensions ['colcon_meta']
[0.185s] Level 1:colcon.colcon_core.package_identification:_identify(src/ROS-TCP-Connector/com.unity.robotics.ros-tcp-connector/Runtime/Messages/Nav/msg) by extension 'colcon_meta'
[0.185s] Level 1:colcon.colcon_core.package_identification:_identify(src/ROS-TCP-Connector/com.unity.robotics.ros-tcp-connector/Runtime/Messages/Nav/msg) by extensions ['ros']
[0.185s] Level 1:colcon.colcon_core.package_identification:_identify(src/ROS-TCP-Connector/com.unity.robotics.ros-tcp-connector/Runtime/Messages/Nav/msg) by extension 'ros'
[0.185s] Level 1:colcon.colcon_core.package_identification:_identify(src/ROS-TCP-Connector/com.unity.robotics.ros-tcp-connector/Runtime/Messages/Nav/msg) by extensions ['cmake', 'python']
[0.185s] Level 1:colcon.colcon_core.package_identification:_identify(src/ROS-TCP-Connector/com.unity.robotics.ros-tcp-connector/Runtime/Messages/Nav/msg) by extension 'cmake'
[0.185s] Level 1:colcon.colcon_core.package_identification:_identify(src/ROS-TCP-Connector/com.unity.robotics.ros-tcp-connector/Runtime/Messages/Nav/msg) by extension 'python'
[0.185s] Level 1:colcon.colcon_core.package_identification:_identify(src/ROS-TCP-Connector/com.unity.robotics.ros-tcp-connector/Runtime/Messages/Nav/msg) by extensions ['python_setup_py']
[0.185s] Level 1:colcon.colcon_core.package_identification:_identify(src/ROS-TCP-Connector/com.unity.robotics.ros-tcp-connector/Runtime/Messages/Nav/msg) by extension 'python_setup_py'
[0.185s] Level 1:colcon.colcon_core.package_identification:_identify(src/ROS-TCP-Connector/com.unity.robotics.ros-tcp-connector/Runtime/Messages/Nav/srv) by extensions ['ignore', 'ignore_ament_install']
[0.185s] Level 1:colcon.colcon_core.package_identification:_identify(src/ROS-TCP-Connector/com.unity.robotics.ros-tcp-connector/Runtime/Messages/Nav/srv) by extension 'ignore'
[0.185s] Level 1:colcon.colcon_core.package_identification:_identify(src/ROS-TCP-Connector/com.unity.robotics.ros-tcp-connector/Runtime/Messages/Nav/srv) by extension 'ignore_ament_install'
[0.185s] Level 1:colcon.colcon_core.package_identification:_identify(src/ROS-TCP-Connector/com.unity.robotics.ros-tcp-connector/Runtime/Messages/Nav/srv) by extensions ['colcon_pkg']
[0.185s] Level 1:colcon.colcon_core.package_identification:_identify(src/ROS-TCP-Connector/com.unity.robotics.ros-tcp-connector/Runtime/Messages/Nav/srv) by extension 'colcon_pkg'
[0.185s] Level 1:colcon.colcon_core.package_identification:_identify(src/ROS-TCP-Connector/com.unity.robotics.ros-tcp-connector/Runtime/Messages/Nav/srv) by extensions ['colcon_meta']
[0.185s] Level 1:colcon.colcon_core.package_identification:_identify(src/ROS-TCP-Connector/com.unity.robotics.ros-tcp-connector/Runtime/Messages/Nav/srv) by extension 'colcon_meta'
[0.186s] Level 1:colcon.colcon_core.package_identification:_identify(src/ROS-TCP-Connector/com.unity.robotics.ros-tcp-connector/Runtime/Messages/Nav/srv) by extensions ['ros']
[0.186s] Level 1:colcon.colcon_core.package_identification:_identify(src/ROS-TCP-Connector/com.unity.robotics.ros-tcp-connector/Runtime/Messages/Nav/srv) by extension 'ros'
[0.186s] Level 1:colcon.colcon_core.package_identification:_identify(src/ROS-TCP-Connector/com.unity.robotics.ros-tcp-connector/Runtime/Messages/Nav/srv) by extensions ['cmake', 'python']
[0.186s] Level 1:colcon.colcon_core.package_identification:_identify(src/ROS-TCP-Connector/com.unity.robotics.ros-tcp-connector/Runtime/Messages/Nav/srv) by extension 'cmake'
[0.186s] Level 1:colcon.colcon_core.package_identification:_identify(src/ROS-TCP-Connector/com.unity.robotics.ros-tcp-connector/Runtime/Messages/Nav/srv) by extension 'python'
[0.186s] Level 1:colcon.colcon_core.package_identification:_identify(src/ROS-TCP-Connector/com.unity.robotics.ros-tcp-connector/Runtime/Messages/Nav/srv) by extensions ['python_setup_py']
[0.186s] Level 1:colcon.colcon_core.package_identification:_identify(src/ROS-TCP-Connector/com.unity.robotics.ros-tcp-connector/Runtime/Messages/Nav/srv) by extension 'python_setup_py'
[0.186s] Level 1:colcon.colcon_core.package_identification:_identify(src/ROS-TCP-Connector/com.unity.robotics.ros-tcp-connector/Runtime/Messages/ObjectRecognition) by extensions ['ignore', 'ignore_ament_install']
[0.186s] Level 1:colcon.colcon_core.package_identification:_identify(src/ROS-TCP-Connector/com.unity.robotics.ros-tcp-connector/Runtime/Messages/ObjectRecognition) by extension 'ignore'
[0.186s] Level 1:colcon.colcon_core.package_identification:_identify(src/ROS-TCP-Connector/com.unity.robotics.ros-tcp-connector/Runtime/Messages/ObjectRecognition) by extension 'ignore_ament_install'
[0.186s] Level 1:colcon.colcon_core.package_identification:_identify(src/ROS-TCP-Connector/com.unity.robotics.ros-tcp-connector/Runtime/Messages/ObjectRecognition) by extensions ['colcon_pkg']
[0.186s] Level 1:colcon.colcon_core.package_identification:_identify(src/ROS-TCP-Connector/com.unity.robotics.ros-tcp-connector/Runtime/Messages/ObjectRecognition) by extension 'colcon_pkg'
[0.186s] Level 1:colcon.colcon_core.package_identification:_identify(src/ROS-TCP-Connector/com.unity.robotics.ros-tcp-connector/Runtime/Messages/ObjectRecognition) by extensions ['colcon_meta']
[0.186s] Level 1:colcon.colcon_core.package_identification:_identify(src/ROS-TCP-Connector/com.unity.robotics.ros-tcp-connector/Runtime/Messages/ObjectRecognition) by extension 'colcon_meta'
[0.186s] Level 1:colcon.colcon_core.package_identification:_identify(src/ROS-TCP-Connector/com.unity.robotics.ros-tcp-connector/Runtime/Messages/ObjectRecognition) by extensions ['ros']
[0.186s] Level 1:colcon.colcon_core.package_identification:_identify(src/ROS-TCP-Connector/com.unity.robotics.ros-tcp-connector/Runtime/Messages/ObjectRecognition) by extension 'ros'
[0.186s] Level 1:colcon.colcon_core.package_identification:_identify(src/ROS-TCP-Connector/com.unity.robotics.ros-tcp-connector/Runtime/Messages/ObjectRecognition) by extensions ['cmake', 'python']
[0.186s] Level 1:colcon.colcon_core.package_identification:_identify(src/ROS-TCP-Connector/com.unity.robotics.ros-tcp-connector/Runtime/Messages/ObjectRecognition) by extension 'cmake'
[0.186s] Level 1:colcon.colcon_core.package_identification:_identify(src/ROS-TCP-Connector/com.unity.robotics.ros-tcp-connector/Runtime/Messages/ObjectRecognition) by extension 'python'
[0.186s] Level 1:colcon.colcon_core.package_identification:_identify(src/ROS-TCP-Connector/com.unity.robotics.ros-tcp-connector/Runtime/Messages/ObjectRecognition) by extensions ['python_setup_py']
[0.186s] Level 1:colcon.colcon_core.package_identification:_identify(src/ROS-TCP-Connector/com.unity.robotics.ros-tcp-connector/Runtime/Messages/ObjectRecognition) by extension 'python_setup_py'
[0.186s] Level 1:colcon.colcon_core.package_identification:_identify(src/ROS-TCP-Connector/com.unity.robotics.ros-tcp-connector/Runtime/Messages/ObjectRecognition/action) by extensions ['ignore', 'ignore_ament_install']
[0.186s] Level 1:colcon.colcon_core.package_identification:_identify(src/ROS-TCP-Connector/com.unity.robotics.ros-tcp-connector/Runtime/Messages/ObjectRecognition/action) by extension 'ignore'
[0.186s] Level 1:colcon.colcon_core.package_identification:_identify(src/ROS-TCP-Connector/com.unity.robotics.ros-tcp-connector/Runtime/Messages/ObjectRecognition/action) by extension 'ignore_ament_install'
[0.186s] Level 1:colcon.colcon_core.package_identification:_identify(src/ROS-TCP-Connector/com.unity.robotics.ros-tcp-connector/Runtime/Messages/ObjectRecognition/action) by extensions ['colcon_pkg']
[0.186s] Level 1:colcon.colcon_core.package_identification:_identify(src/ROS-TCP-Connector/com.unity.robotics.ros-tcp-connector/Runtime/Messages/ObjectRecognition/action) by extension 'colcon_pkg'
[0.186s] Level 1:colcon.colcon_core.package_identification:_identify(src/ROS-TCP-Connector/com.unity.robotics.ros-tcp-connector/Runtime/Messages/ObjectRecognition/action) by extensions ['colcon_meta']
[0.186s] Level 1:colcon.colcon_core.package_identification:_identify(src/ROS-TCP-Connector/com.unity.robotics.ros-tcp-connector/Runtime/Messages/ObjectRecognition/action) by extension 'colcon_meta'
[0.186s] Level 1:colcon.colcon_core.package_identification:_identify(src/ROS-TCP-Connector/com.unity.robotics.ros-tcp-connector/Runtime/Messages/ObjectRecognition/action) by extensions ['ros']
[0.186s] Level 1:colcon.colcon_core.package_identification:_identify(src/ROS-TCP-Connector/com.unity.robotics.ros-tcp-connector/Runtime/Messages/ObjectRecognition/action) by extension 'ros'
[0.186s] Level 1:colcon.colcon_core.package_identification:_identify(src/ROS-TCP-Connector/com.unity.robotics.ros-tcp-connector/Runtime/Messages/ObjectRecognition/action) by extensions ['cmake', 'python']
[0.186s] Level 1:colcon.colcon_core.package_identification:_identify(src/ROS-TCP-Connector/com.unity.robotics.ros-tcp-connector/Runtime/Messages/ObjectRecognition/action) by extension 'cmake'
[0.186s] Level 1:colcon.colcon_core.package_identification:_identify(src/ROS-TCP-Connector/com.unity.robotics.ros-tcp-connector/Runtime/Messages/ObjectRecognition/action) by extension 'python'
[0.186s] Level 1:colcon.colcon_core.package_identification:_identify(src/ROS-TCP-Connector/com.unity.robotics.ros-tcp-connector/Runtime/Messages/ObjectRecognition/action) by extensions ['python_setup_py']
[0.186s] Level 1:colcon.colcon_core.package_identification:_identify(src/ROS-TCP-Connector/com.unity.robotics.ros-tcp-connector/Runtime/Messages/ObjectRecognition/action) by extension 'python_setup_py'
[0.186s] Level 1:colcon.colcon_core.package_identification:_identify(src/ROS-TCP-Connector/com.unity.robotics.ros-tcp-connector/Runtime/Messages/ObjectRecognition/msg) by extensions ['ignore', 'ignore_ament_install']
[0.186s] Level 1:colcon.colcon_core.package_identification:_identify(src/ROS-TCP-Connector/com.unity.robotics.ros-tcp-connector/Runtime/Messages/ObjectRecognition/msg) by extension 'ignore'
[0.186s] Level 1:colcon.colcon_core.package_identification:_identify(src/ROS-TCP-Connector/com.unity.robotics.ros-tcp-connector/Runtime/Messages/ObjectRecognition/msg) by extension 'ignore_ament_install'
[0.186s] Level 1:colcon.colcon_core.package_identification:_identify(src/ROS-TCP-Connector/com.unity.robotics.ros-tcp-connector/Runtime/Messages/ObjectRecognition/msg) by extensions ['colcon_pkg']
[0.186s] Level 1:colcon.colcon_core.package_identification:_identify(src/ROS-TCP-Connector/com.unity.robotics.ros-tcp-connector/Runtime/Messages/ObjectRecognition/msg) by extension 'colcon_pkg'
[0.186s] Level 1:colcon.colcon_core.package_identification:_identify(src/ROS-TCP-Connector/com.unity.robotics.ros-tcp-connector/Runtime/Messages/ObjectRecognition/msg) by extensions ['colcon_meta']
[0.186s] Level 1:colcon.colcon_core.package_identification:_identify(src/ROS-TCP-Connector/com.unity.robotics.ros-tcp-connector/Runtime/Messages/ObjectRecognition/msg) by extension 'colcon_meta'
[0.186s] Level 1:colcon.colcon_core.package_identification:_identify(src/ROS-TCP-Connector/com.unity.robotics.ros-tcp-connector/Runtime/Messages/ObjectRecognition/msg) by extensions ['ros']
[0.186s] Level 1:colcon.colcon_core.package_identification:_identify(src/ROS-TCP-Connector/com.unity.robotics.ros-tcp-connector/Runtime/Messages/ObjectRecognition/msg) by extension 'ros'
[0.186s] Level 1:colcon.colcon_core.package_identification:_identify(src/ROS-TCP-Connector/com.unity.robotics.ros-tcp-connector/Runtime/Messages/ObjectRecognition/msg) by extensions ['cmake', 'python']
[0.186s] Level 1:colcon.colcon_core.package_identification:_identify(src/ROS-TCP-Connector/com.unity.robotics.ros-tcp-connector/Runtime/Messages/ObjectRecognition/msg) by extension 'cmake'
[0.186s] Level 1:colcon.colcon_core.package_identification:_identify(src/ROS-TCP-Connector/com.unity.robotics.ros-tcp-connector/Runtime/Messages/ObjectRecognition/msg) by extension 'python'
[0.186s] Level 1:colcon.colcon_core.package_identification:_identify(src/ROS-TCP-Connector/com.unity.robotics.ros-tcp-connector/Runtime/Messages/ObjectRecognition/msg) by extensions ['python_setup_py']
[0.186s] Level 1:colcon.colcon_core.package_identification:_identify(src/ROS-TCP-Connector/com.unity.robotics.ros-tcp-connector/Runtime/Messages/ObjectRecognition/msg) by extension 'python_setup_py'
[0.187s] Level 1:colcon.colcon_core.package_identification:_identify(src/ROS-TCP-Connector/com.unity.robotics.ros-tcp-connector/Runtime/Messages/ObjectRecognition/srv) by extensions ['ignore', 'ignore_ament_install']
[0.187s] Level 1:colcon.colcon_core.package_identification:_identify(src/ROS-TCP-Connector/com.unity.robotics.ros-tcp-connector/Runtime/Messages/ObjectRecognition/srv) by extension 'ignore'
[0.187s] Level 1:colcon.colcon_core.package_identification:_identify(src/ROS-TCP-Connector/com.unity.robotics.ros-tcp-connector/Runtime/Messages/ObjectRecognition/srv) by extension 'ignore_ament_install'
[0.187s] Level 1:colcon.colcon_core.package_identification:_identify(src/ROS-TCP-Connector/com.unity.robotics.ros-tcp-connector/Runtime/Messages/ObjectRecognition/srv) by extensions ['colcon_pkg']
[0.187s] Level 1:colcon.colcon_core.package_identification:_identify(src/ROS-TCP-Connector/com.unity.robotics.ros-tcp-connector/Runtime/Messages/ObjectRecognition/srv) by extension 'colcon_pkg'
[0.187s] Level 1:colcon.colcon_core.package_identification:_identify(src/ROS-TCP-Connector/com.unity.robotics.ros-tcp-connector/Runtime/Messages/ObjectRecognition/srv) by extensions ['colcon_meta']
[0.187s] Level 1:colcon.colcon_core.package_identification:_identify(src/ROS-TCP-Connector/com.unity.robotics.ros-tcp-connector/Runtime/Messages/ObjectRecognition/srv) by extension 'colcon_meta'
[0.187s] Level 1:colcon.colcon_core.package_identification:_identify(src/ROS-TCP-Connector/com.unity.robotics.ros-tcp-connector/Runtime/Messages/ObjectRecognition/srv) by extensions ['ros']
[0.187s] Level 1:colcon.colcon_core.package_identification:_identify(src/ROS-TCP-Connector/com.unity.robotics.ros-tcp-connector/Runtime/Messages/ObjectRecognition/srv) by extension 'ros'
[0.187s] Level 1:colcon.colcon_core.package_identification:_identify(src/ROS-TCP-Connector/com.unity.robotics.ros-tcp-connector/Runtime/Messages/ObjectRecognition/srv) by extensions ['cmake', 'python']
[0.187s] Level 1:colcon.colcon_core.package_identification:_identify(src/ROS-TCP-Connector/com.unity.robotics.ros-tcp-connector/Runtime/Messages/ObjectRecognition/srv) by extension 'cmake'
[0.187s] Level 1:colcon.colcon_core.package_identification:_identify(src/ROS-TCP-Connector/com.unity.robotics.ros-tcp-connector/Runtime/Messages/ObjectRecognition/srv) by extension 'python'
[0.187s] Level 1:colcon.colcon_core.package_identification:_identify(src/ROS-TCP-Connector/com.unity.robotics.ros-tcp-connector/Runtime/Messages/ObjectRecognition/srv) by extensions ['python_setup_py']
[0.187s] Level 1:colcon.colcon_core.package_identification:_identify(src/ROS-TCP-Connector/com.unity.robotics.ros-tcp-connector/Runtime/Messages/ObjectRecognition/srv) by extension 'python_setup_py'
[0.187s] Level 1:colcon.colcon_core.package_identification:_identify(src/ROS-TCP-Connector/com.unity.robotics.ros-tcp-connector/Runtime/Messages/Octomap) by extensions ['ignore', 'ignore_ament_install']
[0.187s] Level 1:colcon.colcon_core.package_identification:_identify(src/ROS-TCP-Connector/com.unity.robotics.ros-tcp-connector/Runtime/Messages/Octomap) by extension 'ignore'
[0.187s] Level 1:colcon.colcon_core.package_identification:_identify(src/ROS-TCP-Connector/com.unity.robotics.ros-tcp-connector/Runtime/Messages/Octomap) by extension 'ignore_ament_install'
[0.187s] Level 1:colcon.colcon_core.package_identification:_identify(src/ROS-TCP-Connector/com.unity.robotics.ros-tcp-connector/Runtime/Messages/Octomap) by extensions ['colcon_pkg']
[0.187s] Level 1:colcon.colcon_core.package_identification:_identify(src/ROS-TCP-Connector/com.unity.robotics.ros-tcp-connector/Runtime/Messages/Octomap) by extension 'colcon_pkg'
[0.187s] Level 1:colcon.colcon_core.package_identification:_identify(src/ROS-TCP-Connector/com.unity.robotics.ros-tcp-connector/Runtime/Messages/Octomap) by extensions ['colcon_meta']
[0.187s] Level 1:colcon.colcon_core.package_identification:_identify(src/ROS-TCP-Connector/com.unity.robotics.ros-tcp-connector/Runtime/Messages/Octomap) by extension 'colcon_meta'
[0.187s] Level 1:colcon.colcon_core.package_identification:_identify(src/ROS-TCP-Connector/com.unity.robotics.ros-tcp-connector/Runtime/Messages/Octomap) by extensions ['ros']
[0.187s] Level 1:colcon.colcon_core.package_identification:_identify(src/ROS-TCP-Connector/com.unity.robotics.ros-tcp-connector/Runtime/Messages/Octomap) by extension 'ros'
[0.187s] Level 1:colcon.colcon_core.package_identification:_identify(src/ROS-TCP-Connector/com.unity.robotics.ros-tcp-connector/Runtime/Messages/Octomap) by extensions ['cmake', 'python']
[0.187s] Level 1:colcon.colcon_core.package_identification:_identify(src/ROS-TCP-Connector/com.unity.robotics.ros-tcp-connector/Runtime/Messages/Octomap) by extension 'cmake'
[0.187s] Level 1:colcon.colcon_core.package_identification:_identify(src/ROS-TCP-Connector/com.unity.robotics.ros-tcp-connector/Runtime/Messages/Octomap) by extension 'python'
[0.187s] Level 1:colcon.colcon_core.package_identification:_identify(src/ROS-TCP-Connector/com.unity.robotics.ros-tcp-connector/Runtime/Messages/Octomap) by extensions ['python_setup_py']
[0.187s] Level 1:colcon.colcon_core.package_identification:_identify(src/ROS-TCP-Connector/com.unity.robotics.ros-tcp-connector/Runtime/Messages/Octomap) by extension 'python_setup_py'
[0.187s] Level 1:colcon.colcon_core.package_identification:_identify(src/ROS-TCP-Connector/com.unity.robotics.ros-tcp-connector/Runtime/Messages/Octomap/msg) by extensions ['ignore', 'ignore_ament_install']
[0.187s] Level 1:colcon.colcon_core.package_identification:_identify(src/ROS-TCP-Connector/com.unity.robotics.ros-tcp-connector/Runtime/Messages/Octomap/msg) by extension 'ignore'
[0.187s] Level 1:colcon.colcon_core.package_identification:_identify(src/ROS-TCP-Connector/com.unity.robotics.ros-tcp-connector/Runtime/Messages/Octomap/msg) by extension 'ignore_ament_install'
[0.187s] Level 1:colcon.colcon_core.package_identification:_identify(src/ROS-TCP-Connector/com.unity.robotics.ros-tcp-connector/Runtime/Messages/Octomap/msg) by extensions ['colcon_pkg']
[0.187s] Level 1:colcon.colcon_core.package_identification:_identify(src/ROS-TCP-Connector/com.unity.robotics.ros-tcp-connector/Runtime/Messages/Octomap/msg) by extension 'colcon_pkg'
[0.187s] Level 1:colcon.colcon_core.package_identification:_identify(src/ROS-TCP-Connector/com.unity.robotics.ros-tcp-connector/Runtime/Messages/Octomap/msg) by extensions ['colcon_meta']
[0.187s] Level 1:colcon.colcon_core.package_identification:_identify(src/ROS-TCP-Connector/com.unity.robotics.ros-tcp-connector/Runtime/Messages/Octomap/msg) by extension 'colcon_meta'
[0.187s] Level 1:colcon.colcon_core.package_identification:_identify(src/ROS-TCP-Connector/com.unity.robotics.ros-tcp-connector/Runtime/Messages/Octomap/msg) by extensions ['ros']
[0.187s] Level 1:colcon.colcon_core.package_identification:_identify(src/ROS-TCP-Connector/com.unity.robotics.ros-tcp-connector/Runtime/Messages/Octomap/msg) by extension 'ros'
[0.187s] Level 1:colcon.colcon_core.package_identification:_identify(src/ROS-TCP-Connector/com.unity.robotics.ros-tcp-connector/Runtime/Messages/Octomap/msg) by extensions ['cmake', 'python']
[0.187s] Level 1:colcon.colcon_core.package_identification:_identify(src/ROS-TCP-Connector/com.unity.robotics.ros-tcp-connector/Runtime/Messages/Octomap/msg) by extension 'cmake'
[0.187s] Level 1:colcon.colcon_core.package_identification:_identify(src/ROS-TCP-Connector/com.unity.robotics.ros-tcp-connector/Runtime/Messages/Octomap/msg) by extension 'python'
[0.187s] Level 1:colcon.colcon_core.package_identification:_identify(src/ROS-TCP-Connector/com.unity.robotics.ros-tcp-connector/Runtime/Messages/Octomap/msg) by extensions ['python_setup_py']
[0.187s] Level 1:colcon.colcon_core.package_identification:_identify(src/ROS-TCP-Connector/com.unity.robotics.ros-tcp-connector/Runtime/Messages/Octomap/msg) by extension 'python_setup_py'
[0.187s] Level 1:colcon.colcon_core.package_identification:_identify(src/ROS-TCP-Connector/com.unity.robotics.ros-tcp-connector/Runtime/Messages/Octomap/srv) by extensions ['ignore', 'ignore_ament_install']
[0.187s] Level 1:colcon.colcon_core.package_identification:_identify(src/ROS-TCP-Connector/com.unity.robotics.ros-tcp-connector/Runtime/Messages/Octomap/srv) by extension 'ignore'
[0.187s] Level 1:colcon.colcon_core.package_identification:_identify(src/ROS-TCP-Connector/com.unity.robotics.ros-tcp-connector/Runtime/Messages/Octomap/srv) by extension 'ignore_ament_install'
[0.187s] Level 1:colcon.colcon_core.package_identification:_identify(src/ROS-TCP-Connector/com.unity.robotics.ros-tcp-connector/Runtime/Messages/Octomap/srv) by extensions ['colcon_pkg']
[0.187s] Level 1:colcon.colcon_core.package_identification:_identify(src/ROS-TCP-Connector/com.unity.robotics.ros-tcp-connector/Runtime/Messages/Octomap/srv) by extension 'colcon_pkg'
[0.187s] Level 1:colcon.colcon_core.package_identification:_identify(src/ROS-TCP-Connector/com.unity.robotics.ros-tcp-connector/Runtime/Messages/Octomap/srv) by extensions ['colcon_meta']
[0.187s] Level 1:colcon.colcon_core.package_identification:_identify(src/ROS-TCP-Connector/com.unity.robotics.ros-tcp-connector/Runtime/Messages/Octomap/srv) by extension 'colcon_meta'
[0.187s] Level 1:colcon.colcon_core.package_identification:_identify(src/ROS-TCP-Connector/com.unity.robotics.ros-tcp-connector/Runtime/Messages/Octomap/srv) by extensions ['ros']
[0.187s] Level 1:colcon.colcon_core.package_identification:_identify(src/ROS-TCP-Connector/com.unity.robotics.ros-tcp-connector/Runtime/Messages/Octomap/srv) by extension 'ros'
[0.188s] Level 1:colcon.colcon_core.package_identification:_identify(src/ROS-TCP-Connector/com.unity.robotics.ros-tcp-connector/Runtime/Messages/Octomap/srv) by extensions ['cmake', 'python']
[0.188s] Level 1:colcon.colcon_core.package_identification:_identify(src/ROS-TCP-Connector/com.unity.robotics.ros-tcp-connector/Runtime/Messages/Octomap/srv) by extension 'cmake'
[0.188s] Level 1:colcon.colcon_core.package_identification:_identify(src/ROS-TCP-Connector/com.unity.robotics.ros-tcp-connector/Runtime/Messages/Octomap/srv) by extension 'python'
[0.188s] Level 1:colcon.colcon_core.package_identification:_identify(src/ROS-TCP-Connector/com.unity.robotics.ros-tcp-connector/Runtime/Messages/Octomap/srv) by extensions ['python_setup_py']
[0.188s] Level 1:colcon.colcon_core.package_identification:_identify(src/ROS-TCP-Connector/com.unity.robotics.ros-tcp-connector/Runtime/Messages/Octomap/srv) by extension 'python_setup_py'
[0.188s] Level 1:colcon.colcon_core.package_identification:_identify(src/ROS-TCP-Connector/com.unity.robotics.ros-tcp-connector/Runtime/Messages/Rosgraph) by extensions ['ignore', 'ignore_ament_install']
[0.188s] Level 1:colcon.colcon_core.package_identification:_identify(src/ROS-TCP-Connector/com.unity.robotics.ros-tcp-connector/Runtime/Messages/Rosgraph) by extension 'ignore'
[0.188s] Level 1:colcon.colcon_core.package_identification:_identify(src/ROS-TCP-Connector/com.unity.robotics.ros-tcp-connector/Runtime/Messages/Rosgraph) by extension 'ignore_ament_install'
[0.188s] Level 1:colcon.colcon_core.package_identification:_identify(src/ROS-TCP-Connector/com.unity.robotics.ros-tcp-connector/Runtime/Messages/Rosgraph) by extensions ['colcon_pkg']
[0.188s] Level 1:colcon.colcon_core.package_identification:_identify(src/ROS-TCP-Connector/com.unity.robotics.ros-tcp-connector/Runtime/Messages/Rosgraph) by extension 'colcon_pkg'
[0.188s] Level 1:colcon.colcon_core.package_identification:_identify(src/ROS-TCP-Connector/com.unity.robotics.ros-tcp-connector/Runtime/Messages/Rosgraph) by extensions ['colcon_meta']
[0.188s] Level 1:colcon.colcon_core.package_identification:_identify(src/ROS-TCP-Connector/com.unity.robotics.ros-tcp-connector/Runtime/Messages/Rosgraph) by extension 'colcon_meta'
[0.188s] Level 1:colcon.colcon_core.package_identification:_identify(src/ROS-TCP-Connector/com.unity.robotics.ros-tcp-connector/Runtime/Messages/Rosgraph) by extensions ['ros']
[0.188s] Level 1:colcon.colcon_core.package_identification:_identify(src/ROS-TCP-Connector/com.unity.robotics.ros-tcp-connector/Runtime/Messages/Rosgraph) by extension 'ros'
[0.188s] Level 1:colcon.colcon_core.package_identification:_identify(src/ROS-TCP-Connector/com.unity.robotics.ros-tcp-connector/Runtime/Messages/Rosgraph) by extensions ['cmake', 'python']
[0.188s] Level 1:colcon.colcon_core.package_identification:_identify(src/ROS-TCP-Connector/com.unity.robotics.ros-tcp-connector/Runtime/Messages/Rosgraph) by extension 'cmake'
[0.188s] Level 1:colcon.colcon_core.package_identification:_identify(src/ROS-TCP-Connector/com.unity.robotics.ros-tcp-connector/Runtime/Messages/Rosgraph) by extension 'python'
[0.188s] Level 1:colcon.colcon_core.package_identification:_identify(src/ROS-TCP-Connector/com.unity.robotics.ros-tcp-connector/Runtime/Messages/Rosgraph) by extensions ['python_setup_py']
[0.188s] Level 1:colcon.colcon_core.package_identification:_identify(src/ROS-TCP-Connector/com.unity.robotics.ros-tcp-connector/Runtime/Messages/Rosgraph) by extension 'python_setup_py'
[0.188s] Level 1:colcon.colcon_core.package_identification:_identify(src/ROS-TCP-Connector/com.unity.robotics.ros-tcp-connector/Runtime/Messages/Rosgraph/msg) by extensions ['ignore', 'ignore_ament_install']
[0.188s] Level 1:colcon.colcon_core.package_identification:_identify(src/ROS-TCP-Connector/com.unity.robotics.ros-tcp-connector/Runtime/Messages/Rosgraph/msg) by extension 'ignore'
[0.188s] Level 1:colcon.colcon_core.package_identification:_identify(src/ROS-TCP-Connector/com.unity.robotics.ros-tcp-connector/Runtime/Messages/Rosgraph/msg) by extension 'ignore_ament_install'
[0.188s] Level 1:colcon.colcon_core.package_identification:_identify(src/ROS-TCP-Connector/com.unity.robotics.ros-tcp-connector/Runtime/Messages/Rosgraph/msg) by extensions ['colcon_pkg']
[0.188s] Level 1:colcon.colcon_core.package_identification:_identify(src/ROS-TCP-Connector/com.unity.robotics.ros-tcp-connector/Runtime/Messages/Rosgraph/msg) by extension 'colcon_pkg'
[0.188s] Level 1:colcon.colcon_core.package_identification:_identify(src/ROS-TCP-Connector/com.unity.robotics.ros-tcp-connector/Runtime/Messages/Rosgraph/msg) by extensions ['colcon_meta']
[0.188s] Level 1:colcon.colcon_core.package_identification:_identify(src/ROS-TCP-Connector/com.unity.robotics.ros-tcp-connector/Runtime/Messages/Rosgraph/msg) by extension 'colcon_meta'
[0.188s] Level 1:colcon.colcon_core.package_identification:_identify(src/ROS-TCP-Connector/com.unity.robotics.ros-tcp-connector/Runtime/Messages/Rosgraph/msg) by extensions ['ros']
[0.188s] Level 1:colcon.colcon_core.package_identification:_identify(src/ROS-TCP-Connector/com.unity.robotics.ros-tcp-connector/Runtime/Messages/Rosgraph/msg) by extension 'ros'
[0.188s] Level 1:colcon.colcon_core.package_identification:_identify(src/ROS-TCP-Connector/com.unity.robotics.ros-tcp-connector/Runtime/Messages/Rosgraph/msg) by extensions ['cmake', 'python']
[0.188s] Level 1:colcon.colcon_core.package_identification:_identify(src/ROS-TCP-Connector/com.unity.robotics.ros-tcp-connector/Runtime/Messages/Rosgraph/msg) by extension 'cmake'
[0.188s] Level 1:colcon.colcon_core.package_identification:_identify(src/ROS-TCP-Connector/com.unity.robotics.ros-tcp-connector/Runtime/Messages/Rosgraph/msg) by extension 'python'
[0.188s] Level 1:colcon.colcon_core.package_identification:_identify(src/ROS-TCP-Connector/com.unity.robotics.ros-tcp-connector/Runtime/Messages/Rosgraph/msg) by extensions ['python_setup_py']
[0.188s] Level 1:colcon.colcon_core.package_identification:_identify(src/ROS-TCP-Connector/com.unity.robotics.ros-tcp-connector/Runtime/Messages/Rosgraph/msg) by extension 'python_setup_py'
[0.188s] Level 1:colcon.colcon_core.package_identification:_identify(src/ROS-TCP-Connector/com.unity.robotics.ros-tcp-connector/Runtime/Messages/Sensor) by extensions ['ignore', 'ignore_ament_install']
[0.188s] Level 1:colcon.colcon_core.package_identification:_identify(src/ROS-TCP-Connector/com.unity.robotics.ros-tcp-connector/Runtime/Messages/Sensor) by extension 'ignore'
[0.188s] Level 1:colcon.colcon_core.package_identification:_identify(src/ROS-TCP-Connector/com.unity.robotics.ros-tcp-connector/Runtime/Messages/Sensor) by extension 'ignore_ament_install'
[0.188s] Level 1:colcon.colcon_core.package_identification:_identify(src/ROS-TCP-Connector/com.unity.robotics.ros-tcp-connector/Runtime/Messages/Sensor) by extensions ['colcon_pkg']
[0.188s] Level 1:colcon.colcon_core.package_identification:_identify(src/ROS-TCP-Connector/com.unity.robotics.ros-tcp-connector/Runtime/Messages/Sensor) by extension 'colcon_pkg'
[0.188s] Level 1:colcon.colcon_core.package_identification:_identify(src/ROS-TCP-Connector/com.unity.robotics.ros-tcp-connector/Runtime/Messages/Sensor) by extensions ['colcon_meta']
[0.188s] Level 1:colcon.colcon_core.package_identification:_identify(src/ROS-TCP-Connector/com.unity.robotics.ros-tcp-connector/Runtime/Messages/Sensor) by extension 'colcon_meta'
[0.188s] Level 1:colcon.colcon_core.package_identification:_identify(src/ROS-TCP-Connector/com.unity.robotics.ros-tcp-connector/Runtime/Messages/Sensor) by extensions ['ros']
[0.188s] Level 1:colcon.colcon_core.package_identification:_identify(src/ROS-TCP-Connector/com.unity.robotics.ros-tcp-connector/Runtime/Messages/Sensor) by extension 'ros'
[0.188s] Level 1:colcon.colcon_core.package_identification:_identify(src/ROS-TCP-Connector/com.unity.robotics.ros-tcp-connector/Runtime/Messages/Sensor) by extensions ['cmake', 'python']
[0.188s] Level 1:colcon.colcon_core.package_identification:_identify(src/ROS-TCP-Connector/com.unity.robotics.ros-tcp-connector/Runtime/Messages/Sensor) by extension 'cmake'
[0.188s] Level 1:colcon.colcon_core.package_identification:_identify(src/ROS-TCP-Connector/com.unity.robotics.ros-tcp-connector/Runtime/Messages/Sensor) by extension 'python'
[0.188s] Level 1:colcon.colcon_core.package_identification:_identify(src/ROS-TCP-Connector/com.unity.robotics.ros-tcp-connector/Runtime/Messages/Sensor) by extensions ['python_setup_py']
[0.188s] Level 1:colcon.colcon_core.package_identification:_identify(src/ROS-TCP-Connector/com.unity.robotics.ros-tcp-connector/Runtime/Messages/Sensor) by extension 'python_setup_py'
[0.188s] Level 1:colcon.colcon_core.package_identification:_identify(src/ROS-TCP-Connector/com.unity.robotics.ros-tcp-connector/Runtime/Messages/Sensor/msg) by extensions ['ignore', 'ignore_ament_install']
[0.188s] Level 1:colcon.colcon_core.package_identification:_identify(src/ROS-TCP-Connector/com.unity.robotics.ros-tcp-connector/Runtime/Messages/Sensor/msg) by extension 'ignore'
[0.189s] Level 1:colcon.colcon_core.package_identification:_identify(src/ROS-TCP-Connector/com.unity.robotics.ros-tcp-connector/Runtime/Messages/Sensor/msg) by extension 'ignore_ament_install'
[0.189s] Level 1:colcon.colcon_core.package_identification:_identify(src/ROS-TCP-Connector/com.unity.robotics.ros-tcp-connector/Runtime/Messages/Sensor/msg) by extensions ['colcon_pkg']
[0.189s] Level 1:colcon.colcon_core.package_identification:_identify(src/ROS-TCP-Connector/com.unity.robotics.ros-tcp-connector/Runtime/Messages/Sensor/msg) by extension 'colcon_pkg'
[0.189s] Level 1:colcon.colcon_core.package_identification:_identify(src/ROS-TCP-Connector/com.unity.robotics.ros-tcp-connector/Runtime/Messages/Sensor/msg) by extensions ['colcon_meta']
[0.189s] Level 1:colcon.colcon_core.package_identification:_identify(src/ROS-TCP-Connector/com.unity.robotics.ros-tcp-connector/Runtime/Messages/Sensor/msg) by extension 'colcon_meta'
[0.189s] Level 1:colcon.colcon_core.package_identification:_identify(src/ROS-TCP-Connector/com.unity.robotics.ros-tcp-connector/Runtime/Messages/Sensor/msg) by extensions ['ros']
[0.189s] Level 1:colcon.colcon_core.package_identification:_identify(src/ROS-TCP-Connector/com.unity.robotics.ros-tcp-connector/Runtime/Messages/Sensor/msg) by extension 'ros'
[0.189s] Level 1:colcon.colcon_core.package_identification:_identify(src/ROS-TCP-Connector/com.unity.robotics.ros-tcp-connector/Runtime/Messages/Sensor/msg) by extensions ['cmake', 'python']
[0.189s] Level 1:colcon.colcon_core.package_identification:_identify(src/ROS-TCP-Connector/com.unity.robotics.ros-tcp-connector/Runtime/Messages/Sensor/msg) by extension 'cmake'
[0.189s] Level 1:colcon.colcon_core.package_identification:_identify(src/ROS-TCP-Connector/com.unity.robotics.ros-tcp-connector/Runtime/Messages/Sensor/msg) by extension 'python'
[0.189s] Level 1:colcon.colcon_core.package_identification:_identify(src/ROS-TCP-Connector/com.unity.robotics.ros-tcp-connector/Runtime/Messages/Sensor/msg) by extensions ['python_setup_py']
[0.189s] Level 1:colcon.colcon_core.package_identification:_identify(src/ROS-TCP-Connector/com.unity.robotics.ros-tcp-connector/Runtime/Messages/Sensor/msg) by extension 'python_setup_py'
[0.189s] Level 1:colcon.colcon_core.package_identification:_identify(src/ROS-TCP-Connector/com.unity.robotics.ros-tcp-connector/Runtime/Messages/Sensor/srv) by extensions ['ignore', 'ignore_ament_install']
[0.189s] Level 1:colcon.colcon_core.package_identification:_identify(src/ROS-TCP-Connector/com.unity.robotics.ros-tcp-connector/Runtime/Messages/Sensor/srv) by extension 'ignore'
[0.189s] Level 1:colcon.colcon_core.package_identification:_identify(src/ROS-TCP-Connector/com.unity.robotics.ros-tcp-connector/Runtime/Messages/Sensor/srv) by extension 'ignore_ament_install'
[0.189s] Level 1:colcon.colcon_core.package_identification:_identify(src/ROS-TCP-Connector/com.unity.robotics.ros-tcp-connector/Runtime/Messages/Sensor/srv) by extensions ['colcon_pkg']
[0.189s] Level 1:colcon.colcon_core.package_identification:_identify(src/ROS-TCP-Connector/com.unity.robotics.ros-tcp-connector/Runtime/Messages/Sensor/srv) by extension 'colcon_pkg'
[0.189s] Level 1:colcon.colcon_core.package_identification:_identify(src/ROS-TCP-Connector/com.unity.robotics.ros-tcp-connector/Runtime/Messages/Sensor/srv) by extensions ['colcon_meta']
[0.189s] Level 1:colcon.colcon_core.package_identification:_identify(src/ROS-TCP-Connector/com.unity.robotics.ros-tcp-connector/Runtime/Messages/Sensor/srv) by extension 'colcon_meta'
[0.189s] Level 1:colcon.colcon_core.package_identification:_identify(src/ROS-TCP-Connector/com.unity.robotics.ros-tcp-connector/Runtime/Messages/Sensor/srv) by extensions ['ros']
[0.189s] Level 1:colcon.colcon_core.package_identification:_identify(src/ROS-TCP-Connector/com.unity.robotics.ros-tcp-connector/Runtime/Messages/Sensor/srv) by extension 'ros'
[0.189s] Level 1:colcon.colcon_core.package_identification:_identify(src/ROS-TCP-Connector/com.unity.robotics.ros-tcp-connector/Runtime/Messages/Sensor/srv) by extensions ['cmake', 'python']
[0.189s] Level 1:colcon.colcon_core.package_identification:_identify(src/ROS-TCP-Connector/com.unity.robotics.ros-tcp-connector/Runtime/Messages/Sensor/srv) by extension 'cmake'
[0.189s] Level 1:colcon.colcon_core.package_identification:_identify(src/ROS-TCP-Connector/com.unity.robotics.ros-tcp-connector/Runtime/Messages/Sensor/srv) by extension 'python'
[0.189s] Level 1:colcon.colcon_core.package_identification:_identify(src/ROS-TCP-Connector/com.unity.robotics.ros-tcp-connector/Runtime/Messages/Sensor/srv) by extensions ['python_setup_py']
[0.189s] Level 1:colcon.colcon_core.package_identification:_identify(src/ROS-TCP-Connector/com.unity.robotics.ros-tcp-connector/Runtime/Messages/Sensor/srv) by extension 'python_setup_py'
[0.189s] Level 1:colcon.colcon_core.package_identification:_identify(src/ROS-TCP-Connector/com.unity.robotics.ros-tcp-connector/Runtime/Messages/Shape) by extensions ['ignore', 'ignore_ament_install']
[0.189s] Level 1:colcon.colcon_core.package_identification:_identify(src/ROS-TCP-Connector/com.unity.robotics.ros-tcp-connector/Runtime/Messages/Shape) by extension 'ignore'
[0.189s] Level 1:colcon.colcon_core.package_identification:_identify(src/ROS-TCP-Connector/com.unity.robotics.ros-tcp-connector/Runtime/Messages/Shape) by extension 'ignore_ament_install'
[0.189s] Level 1:colcon.colcon_core.package_identification:_identify(src/ROS-TCP-Connector/com.unity.robotics.ros-tcp-connector/Runtime/Messages/Shape) by extensions ['colcon_pkg']
[0.189s] Level 1:colcon.colcon_core.package_identification:_identify(src/ROS-TCP-Connector/com.unity.robotics.ros-tcp-connector/Runtime/Messages/Shape) by extension 'colcon_pkg'
[0.189s] Level 1:colcon.colcon_core.package_identification:_identify(src/ROS-TCP-Connector/com.unity.robotics.ros-tcp-connector/Runtime/Messages/Shape) by extensions ['colcon_meta']
[0.189s] Level 1:colcon.colcon_core.package_identification:_identify(src/ROS-TCP-Connector/com.unity.robotics.ros-tcp-connector/Runtime/Messages/Shape) by extension 'colcon_meta'
[0.189s] Level 1:colcon.colcon_core.package_identification:_identify(src/ROS-TCP-Connector/com.unity.robotics.ros-tcp-connector/Runtime/Messages/Shape) by extensions ['ros']
[0.189s] Level 1:colcon.colcon_core.package_identification:_identify(src/ROS-TCP-Connector/com.unity.robotics.ros-tcp-connector/Runtime/Messages/Shape) by extension 'ros'
[0.189s] Level 1:colcon.colcon_core.package_identification:_identify(src/ROS-TCP-Connector/com.unity.robotics.ros-tcp-connector/Runtime/Messages/Shape) by extensions ['cmake', 'python']
[0.189s] Level 1:colcon.colcon_core.package_identification:_identify(src/ROS-TCP-Connector/com.unity.robotics.ros-tcp-connector/Runtime/Messages/Shape) by extension 'cmake'
[0.189s] Level 1:colcon.colcon_core.package_identification:_identify(src/ROS-TCP-Connector/com.unity.robotics.ros-tcp-connector/Runtime/Messages/Shape) by extension 'python'
[0.189s] Level 1:colcon.colcon_core.package_identification:_identify(src/ROS-TCP-Connector/com.unity.robotics.ros-tcp-connector/Runtime/Messages/Shape) by extensions ['python_setup_py']
[0.189s] Level 1:colcon.colcon_core.package_identification:_identify(src/ROS-TCP-Connector/com.unity.robotics.ros-tcp-connector/Runtime/Messages/Shape) by extension 'python_setup_py'
[0.189s] Level 1:colcon.colcon_core.package_identification:_identify(src/ROS-TCP-Connector/com.unity.robotics.ros-tcp-connector/Runtime/Messages/Shape/msg) by extensions ['ignore', 'ignore_ament_install']
[0.189s] Level 1:colcon.colcon_core.package_identification:_identify(src/ROS-TCP-Connector/com.unity.robotics.ros-tcp-connector/Runtime/Messages/Shape/msg) by extension 'ignore'
[0.189s] Level 1:colcon.colcon_core.package_identification:_identify(src/ROS-TCP-Connector/com.unity.robotics.ros-tcp-connector/Runtime/Messages/Shape/msg) by extension 'ignore_ament_install'
[0.189s] Level 1:colcon.colcon_core.package_identification:_identify(src/ROS-TCP-Connector/com.unity.robotics.ros-tcp-connector/Runtime/Messages/Shape/msg) by extensions ['colcon_pkg']
[0.189s] Level 1:colcon.colcon_core.package_identification:_identify(src/ROS-TCP-Connector/com.unity.robotics.ros-tcp-connector/Runtime/Messages/Shape/msg) by extension 'colcon_pkg'
[0.189s] Level 1:colcon.colcon_core.package_identification:_identify(src/ROS-TCP-Connector/com.unity.robotics.ros-tcp-connector/Runtime/Messages/Shape/msg) by extensions ['colcon_meta']
[0.189s] Level 1:colcon.colcon_core.package_identification:_identify(src/ROS-TCP-Connector/com.unity.robotics.ros-tcp-connector/Runtime/Messages/Shape/msg) by extension 'colcon_meta'
[0.189s] Level 1:colcon.colcon_core.package_identification:_identify(src/ROS-TCP-Connector/com.unity.robotics.ros-tcp-connector/Runtime/Messages/Shape/msg) by extensions ['ros']
[0.189s] Level 1:colcon.colcon_core.package_identification:_identify(src/ROS-TCP-Connector/com.unity.robotics.ros-tcp-connector/Runtime/Messages/Shape/msg) by extension 'ros'
[0.189s] Level 1:colcon.colcon_core.package_identification:_identify(src/ROS-TCP-Connector/com.unity.robotics.ros-tcp-connector/Runtime/Messages/Shape/msg) by extensions ['cmake', 'python']
[0.190s] Level 1:colcon.colcon_core.package_identification:_identify(src/ROS-TCP-Connector/com.unity.robotics.ros-tcp-connector/Runtime/Messages/Shape/msg) by extension 'cmake'
[0.190s] Level 1:colcon.colcon_core.package_identification:_identify(src/ROS-TCP-Connector/com.unity.robotics.ros-tcp-connector/Runtime/Messages/Shape/msg) by extension 'python'
[0.190s] Level 1:colcon.colcon_core.package_identification:_identify(src/ROS-TCP-Connector/com.unity.robotics.ros-tcp-connector/Runtime/Messages/Shape/msg) by extensions ['python_setup_py']
[0.190s] Level 1:colcon.colcon_core.package_identification:_identify(src/ROS-TCP-Connector/com.unity.robotics.ros-tcp-connector/Runtime/Messages/Shape/msg) by extension 'python_setup_py'
[0.190s] Level 1:colcon.colcon_core.package_identification:_identify(src/ROS-TCP-Connector/com.unity.robotics.ros-tcp-connector/Runtime/Messages/Std) by extensions ['ignore', 'ignore_ament_install']
[0.190s] Level 1:colcon.colcon_core.package_identification:_identify(src/ROS-TCP-Connector/com.unity.robotics.ros-tcp-connector/Runtime/Messages/Std) by extension 'ignore'
[0.190s] Level 1:colcon.colcon_core.package_identification:_identify(src/ROS-TCP-Connector/com.unity.robotics.ros-tcp-connector/Runtime/Messages/Std) by extension 'ignore_ament_install'
[0.190s] Level 1:colcon.colcon_core.package_identification:_identify(src/ROS-TCP-Connector/com.unity.robotics.ros-tcp-connector/Runtime/Messages/Std) by extensions ['colcon_pkg']
[0.190s] Level 1:colcon.colcon_core.package_identification:_identify(src/ROS-TCP-Connector/com.unity.robotics.ros-tcp-connector/Runtime/Messages/Std) by extension 'colcon_pkg'
[0.190s] Level 1:colcon.colcon_core.package_identification:_identify(src/ROS-TCP-Connector/com.unity.robotics.ros-tcp-connector/Runtime/Messages/Std) by extensions ['colcon_meta']
[0.190s] Level 1:colcon.colcon_core.package_identification:_identify(src/ROS-TCP-Connector/com.unity.robotics.ros-tcp-connector/Runtime/Messages/Std) by extension 'colcon_meta'
[0.190s] Level 1:colcon.colcon_core.package_identification:_identify(src/ROS-TCP-Connector/com.unity.robotics.ros-tcp-connector/Runtime/Messages/Std) by extensions ['ros']
[0.190s] Level 1:colcon.colcon_core.package_identification:_identify(src/ROS-TCP-Connector/com.unity.robotics.ros-tcp-connector/Runtime/Messages/Std) by extension 'ros'
[0.190s] Level 1:colcon.colcon_core.package_identification:_identify(src/ROS-TCP-Connector/com.unity.robotics.ros-tcp-connector/Runtime/Messages/Std) by extensions ['cmake', 'python']
[0.190s] Level 1:colcon.colcon_core.package_identification:_identify(src/ROS-TCP-Connector/com.unity.robotics.ros-tcp-connector/Runtime/Messages/Std) by extension 'cmake'
[0.190s] Level 1:colcon.colcon_core.package_identification:_identify(src/ROS-TCP-Connector/com.unity.robotics.ros-tcp-connector/Runtime/Messages/Std) by extension 'python'
[0.190s] Level 1:colcon.colcon_core.package_identification:_identify(src/ROS-TCP-Connector/com.unity.robotics.ros-tcp-connector/Runtime/Messages/Std) by extensions ['python_setup_py']
[0.190s] Level 1:colcon.colcon_core.package_identification:_identify(src/ROS-TCP-Connector/com.unity.robotics.ros-tcp-connector/Runtime/Messages/Std) by extension 'python_setup_py'
[0.190s] Level 1:colcon.colcon_core.package_identification:_identify(src/ROS-TCP-Connector/com.unity.robotics.ros-tcp-connector/Runtime/Messages/Std/msg) by extensions ['ignore', 'ignore_ament_install']
[0.190s] Level 1:colcon.colcon_core.package_identification:_identify(src/ROS-TCP-Connector/com.unity.robotics.ros-tcp-connector/Runtime/Messages/Std/msg) by extension 'ignore'
[0.190s] Level 1:colcon.colcon_core.package_identification:_identify(src/ROS-TCP-Connector/com.unity.robotics.ros-tcp-connector/Runtime/Messages/Std/msg) by extension 'ignore_ament_install'
[0.190s] Level 1:colcon.colcon_core.package_identification:_identify(src/ROS-TCP-Connector/com.unity.robotics.ros-tcp-connector/Runtime/Messages/Std/msg) by extensions ['colcon_pkg']
[0.190s] Level 1:colcon.colcon_core.package_identification:_identify(src/ROS-TCP-Connector/com.unity.robotics.ros-tcp-connector/Runtime/Messages/Std/msg) by extension 'colcon_pkg'
[0.190s] Level 1:colcon.colcon_core.package_identification:_identify(src/ROS-TCP-Connector/com.unity.robotics.ros-tcp-connector/Runtime/Messages/Std/msg) by extensions ['colcon_meta']
[0.190s] Level 1:colcon.colcon_core.package_identification:_identify(src/ROS-TCP-Connector/com.unity.robotics.ros-tcp-connector/Runtime/Messages/Std/msg) by extension 'colcon_meta'
[0.190s] Level 1:colcon.colcon_core.package_identification:_identify(src/ROS-TCP-Connector/com.unity.robotics.ros-tcp-connector/Runtime/Messages/Std/msg) by extensions ['ros']
[0.190s] Level 1:colcon.colcon_core.package_identification:_identify(src/ROS-TCP-Connector/com.unity.robotics.ros-tcp-connector/Runtime/Messages/Std/msg) by extension 'ros'
[0.190s] Level 1:colcon.colcon_core.package_identification:_identify(src/ROS-TCP-Connector/com.unity.robotics.ros-tcp-connector/Runtime/Messages/Std/msg) by extensions ['cmake', 'python']
[0.190s] Level 1:colcon.colcon_core.package_identification:_identify(src/ROS-TCP-Connector/com.unity.robotics.ros-tcp-connector/Runtime/Messages/Std/msg) by extension 'cmake'
[0.190s] Level 1:colcon.colcon_core.package_identification:_identify(src/ROS-TCP-Connector/com.unity.robotics.ros-tcp-connector/Runtime/Messages/Std/msg) by extension 'python'
[0.190s] Level 1:colcon.colcon_core.package_identification:_identify(src/ROS-TCP-Connector/com.unity.robotics.ros-tcp-connector/Runtime/Messages/Std/msg) by extensions ['python_setup_py']
[0.190s] Level 1:colcon.colcon_core.package_identification:_identify(src/ROS-TCP-Connector/com.unity.robotics.ros-tcp-connector/Runtime/Messages/Std/msg) by extension 'python_setup_py'
[0.190s] Level 1:colcon.colcon_core.package_identification:_identify(src/ROS-TCP-Connector/com.unity.robotics.ros-tcp-connector/Runtime/Messages/Std/srv) by extensions ['ignore', 'ignore_ament_install']
[0.190s] Level 1:colcon.colcon_core.package_identification:_identify(src/ROS-TCP-Connector/com.unity.robotics.ros-tcp-connector/Runtime/Messages/Std/srv) by extension 'ignore'
[0.190s] Level 1:colcon.colcon_core.package_identification:_identify(src/ROS-TCP-Connector/com.unity.robotics.ros-tcp-connector/Runtime/Messages/Std/srv) by extension 'ignore_ament_install'
[0.190s] Level 1:colcon.colcon_core.package_identification:_identify(src/ROS-TCP-Connector/com.unity.robotics.ros-tcp-connector/Runtime/Messages/Std/srv) by extensions ['colcon_pkg']
[0.190s] Level 1:colcon.colcon_core.package_identification:_identify(src/ROS-TCP-Connector/com.unity.robotics.ros-tcp-connector/Runtime/Messages/Std/srv) by extension 'colcon_pkg'
[0.190s] Level 1:colcon.colcon_core.package_identification:_identify(src/ROS-TCP-Connector/com.unity.robotics.ros-tcp-connector/Runtime/Messages/Std/srv) by extensions ['colcon_meta']
[0.190s] Level 1:colcon.colcon_core.package_identification:_identify(src/ROS-TCP-Connector/com.unity.robotics.ros-tcp-connector/Runtime/Messages/Std/srv) by extension 'colcon_meta'
[0.190s] Level 1:colcon.colcon_core.package_identification:_identify(src/ROS-TCP-Connector/com.unity.robotics.ros-tcp-connector/Runtime/Messages/Std/srv) by extensions ['ros']
[0.190s] Level 1:colcon.colcon_core.package_identification:_identify(src/ROS-TCP-Connector/com.unity.robotics.ros-tcp-connector/Runtime/Messages/Std/srv) by extension 'ros'
[0.190s] Level 1:colcon.colcon_core.package_identification:_identify(src/ROS-TCP-Connector/com.unity.robotics.ros-tcp-connector/Runtime/Messages/Std/srv) by extensions ['cmake', 'python']
[0.190s] Level 1:colcon.colcon_core.package_identification:_identify(src/ROS-TCP-Connector/com.unity.robotics.ros-tcp-connector/Runtime/Messages/Std/srv) by extension 'cmake'
[0.190s] Level 1:colcon.colcon_core.package_identification:_identify(src/ROS-TCP-Connector/com.unity.robotics.ros-tcp-connector/Runtime/Messages/Std/srv) by extension 'python'
[0.190s] Level 1:colcon.colcon_core.package_identification:_identify(src/ROS-TCP-Connector/com.unity.robotics.ros-tcp-connector/Runtime/Messages/Std/srv) by extensions ['python_setup_py']
[0.190s] Level 1:colcon.colcon_core.package_identification:_identify(src/ROS-TCP-Connector/com.unity.robotics.ros-tcp-connector/Runtime/Messages/Std/srv) by extension 'python_setup_py'
[0.190s] Level 1:colcon.colcon_core.package_identification:_identify(src/ROS-TCP-Connector/com.unity.robotics.ros-tcp-connector/Runtime/Messages/Stereo) by extensions ['ignore', 'ignore_ament_install']
[0.190s] Level 1:colcon.colcon_core.package_identification:_identify(src/ROS-TCP-Connector/com.unity.robotics.ros-tcp-connector/Runtime/Messages/Stereo) by extension 'ignore'
[0.191s] Level 1:colcon.colcon_core.package_identification:_identify(src/ROS-TCP-Connector/com.unity.robotics.ros-tcp-connector/Runtime/Messages/Stereo) by extension 'ignore_ament_install'
[0.191s] Level 1:colcon.colcon_core.package_identification:_identify(src/ROS-TCP-Connector/com.unity.robotics.ros-tcp-connector/Runtime/Messages/Stereo) by extensions ['colcon_pkg']
[0.191s] Level 1:colcon.colcon_core.package_identification:_identify(src/ROS-TCP-Connector/com.unity.robotics.ros-tcp-connector/Runtime/Messages/Stereo) by extension 'colcon_pkg'
[0.191s] Level 1:colcon.colcon_core.package_identification:_identify(src/ROS-TCP-Connector/com.unity.robotics.ros-tcp-connector/Runtime/Messages/Stereo) by extensions ['colcon_meta']
[0.191s] Level 1:colcon.colcon_core.package_identification:_identify(src/ROS-TCP-Connector/com.unity.robotics.ros-tcp-connector/Runtime/Messages/Stereo) by extension 'colcon_meta'
[0.191s] Level 1:colcon.colcon_core.package_identification:_identify(src/ROS-TCP-Connector/com.unity.robotics.ros-tcp-connector/Runtime/Messages/Stereo) by extensions ['ros']
[0.191s] Level 1:colcon.colcon_core.package_identification:_identify(src/ROS-TCP-Connector/com.unity.robotics.ros-tcp-connector/Runtime/Messages/Stereo) by extension 'ros'
[0.191s] Level 1:colcon.colcon_core.package_identification:_identify(src/ROS-TCP-Connector/com.unity.robotics.ros-tcp-connector/Runtime/Messages/Stereo) by extensions ['cmake', 'python']
[0.191s] Level 1:colcon.colcon_core.package_identification:_identify(src/ROS-TCP-Connector/com.unity.robotics.ros-tcp-connector/Runtime/Messages/Stereo) by extension 'cmake'
[0.191s] Level 1:colcon.colcon_core.package_identification:_identify(src/ROS-TCP-Connector/com.unity.robotics.ros-tcp-connector/Runtime/Messages/Stereo) by extension 'python'
[0.191s] Level 1:colcon.colcon_core.package_identification:_identify(src/ROS-TCP-Connector/com.unity.robotics.ros-tcp-connector/Runtime/Messages/Stereo) by extensions ['python_setup_py']
[0.191s] Level 1:colcon.colcon_core.package_identification:_identify(src/ROS-TCP-Connector/com.unity.robotics.ros-tcp-connector/Runtime/Messages/Stereo) by extension 'python_setup_py'
[0.191s] Level 1:colcon.colcon_core.package_identification:_identify(src/ROS-TCP-Connector/com.unity.robotics.ros-tcp-connector/Runtime/Messages/Stereo/msg) by extensions ['ignore', 'ignore_ament_install']
[0.191s] Level 1:colcon.colcon_core.package_identification:_identify(src/ROS-TCP-Connector/com.unity.robotics.ros-tcp-connector/Runtime/Messages/Stereo/msg) by extension 'ignore'
[0.191s] Level 1:colcon.colcon_core.package_identification:_identify(src/ROS-TCP-Connector/com.unity.robotics.ros-tcp-connector/Runtime/Messages/Stereo/msg) by extension 'ignore_ament_install'
[0.191s] Level 1:colcon.colcon_core.package_identification:_identify(src/ROS-TCP-Connector/com.unity.robotics.ros-tcp-connector/Runtime/Messages/Stereo/msg) by extensions ['colcon_pkg']
[0.191s] Level 1:colcon.colcon_core.package_identification:_identify(src/ROS-TCP-Connector/com.unity.robotics.ros-tcp-connector/Runtime/Messages/Stereo/msg) by extension 'colcon_pkg'
[0.191s] Level 1:colcon.colcon_core.package_identification:_identify(src/ROS-TCP-Connector/com.unity.robotics.ros-tcp-connector/Runtime/Messages/Stereo/msg) by extensions ['colcon_meta']
[0.191s] Level 1:colcon.colcon_core.package_identification:_identify(src/ROS-TCP-Connector/com.unity.robotics.ros-tcp-connector/Runtime/Messages/Stereo/msg) by extension 'colcon_meta'
[0.191s] Level 1:colcon.colcon_core.package_identification:_identify(src/ROS-TCP-Connector/com.unity.robotics.ros-tcp-connector/Runtime/Messages/Stereo/msg) by extensions ['ros']
[0.191s] Level 1:colcon.colcon_core.package_identification:_identify(src/ROS-TCP-Connector/com.unity.robotics.ros-tcp-connector/Runtime/Messages/Stereo/msg) by extension 'ros'
[0.191s] Level 1:colcon.colcon_core.package_identification:_identify(src/ROS-TCP-Connector/com.unity.robotics.ros-tcp-connector/Runtime/Messages/Stereo/msg) by extensions ['cmake', 'python']
[0.191s] Level 1:colcon.colcon_core.package_identification:_identify(src/ROS-TCP-Connector/com.unity.robotics.ros-tcp-connector/Runtime/Messages/Stereo/msg) by extension 'cmake'
[0.191s] Level 1:colcon.colcon_core.package_identification:_identify(src/ROS-TCP-Connector/com.unity.robotics.ros-tcp-connector/Runtime/Messages/Stereo/msg) by extension 'python'
[0.191s] Level 1:colcon.colcon_core.package_identification:_identify(src/ROS-TCP-Connector/com.unity.robotics.ros-tcp-connector/Runtime/Messages/Stereo/msg) by extensions ['python_setup_py']
[0.191s] Level 1:colcon.colcon_core.package_identification:_identify(src/ROS-TCP-Connector/com.unity.robotics.ros-tcp-connector/Runtime/Messages/Stereo/msg) by extension 'python_setup_py'
[0.191s] Level 1:colcon.colcon_core.package_identification:_identify(src/ROS-TCP-Connector/com.unity.robotics.ros-tcp-connector/Runtime/Messages/Tf2) by extensions ['ignore', 'ignore_ament_install']
[0.191s] Level 1:colcon.colcon_core.package_identification:_identify(src/ROS-TCP-Connector/com.unity.robotics.ros-tcp-connector/Runtime/Messages/Tf2) by extension 'ignore'
[0.191s] Level 1:colcon.colcon_core.package_identification:_identify(src/ROS-TCP-Connector/com.unity.robotics.ros-tcp-connector/Runtime/Messages/Tf2) by extension 'ignore_ament_install'
[0.191s] Level 1:colcon.colcon_core.package_identification:_identify(src/ROS-TCP-Connector/com.unity.robotics.ros-tcp-connector/Runtime/Messages/Tf2) by extensions ['colcon_pkg']
[0.191s] Level 1:colcon.colcon_core.package_identification:_identify(src/ROS-TCP-Connector/com.unity.robotics.ros-tcp-connector/Runtime/Messages/Tf2) by extension 'colcon_pkg'
[0.191s] Level 1:colcon.colcon_core.package_identification:_identify(src/ROS-TCP-Connector/com.unity.robotics.ros-tcp-connector/Runtime/Messages/Tf2) by extensions ['colcon_meta']
[0.191s] Level 1:colcon.colcon_core.package_identification:_identify(src/ROS-TCP-Connector/com.unity.robotics.ros-tcp-connector/Runtime/Messages/Tf2) by extension 'colcon_meta'
[0.191s] Level 1:colcon.colcon_core.package_identification:_identify(src/ROS-TCP-Connector/com.unity.robotics.ros-tcp-connector/Runtime/Messages/Tf2) by extensions ['ros']
[0.191s] Level 1:colcon.colcon_core.package_identification:_identify(src/ROS-TCP-Connector/com.unity.robotics.ros-tcp-connector/Runtime/Messages/Tf2) by extension 'ros'
[0.191s] Level 1:colcon.colcon_core.package_identification:_identify(src/ROS-TCP-Connector/com.unity.robotics.ros-tcp-connector/Runtime/Messages/Tf2) by extensions ['cmake', 'python']
[0.191s] Level 1:colcon.colcon_core.package_identification:_identify(src/ROS-TCP-Connector/com.unity.robotics.ros-tcp-connector/Runtime/Messages/Tf2) by extension 'cmake'
[0.191s] Level 1:colcon.colcon_core.package_identification:_identify(src/ROS-TCP-Connector/com.unity.robotics.ros-tcp-connector/Runtime/Messages/Tf2) by extension 'python'
[0.191s] Level 1:colcon.colcon_core.package_identification:_identify(src/ROS-TCP-Connector/com.unity.robotics.ros-tcp-connector/Runtime/Messages/Tf2) by extensions ['python_setup_py']
[0.191s] Level 1:colcon.colcon_core.package_identification:_identify(src/ROS-TCP-Connector/com.unity.robotics.ros-tcp-connector/Runtime/Messages/Tf2) by extension 'python_setup_py'
[0.191s] Level 1:colcon.colcon_core.package_identification:_identify(src/ROS-TCP-Connector/com.unity.robotics.ros-tcp-connector/Runtime/Messages/Tf2/action) by extensions ['ignore', 'ignore_ament_install']
[0.191s] Level 1:colcon.colcon_core.package_identification:_identify(src/ROS-TCP-Connector/com.unity.robotics.ros-tcp-connector/Runtime/Messages/Tf2/action) by extension 'ignore'
[0.191s] Level 1:colcon.colcon_core.package_identification:_identify(src/ROS-TCP-Connector/com.unity.robotics.ros-tcp-connector/Runtime/Messages/Tf2/action) by extension 'ignore_ament_install'
[0.191s] Level 1:colcon.colcon_core.package_identification:_identify(src/ROS-TCP-Connector/com.unity.robotics.ros-tcp-connector/Runtime/Messages/Tf2/action) by extensions ['colcon_pkg']
[0.191s] Level 1:colcon.colcon_core.package_identification:_identify(src/ROS-TCP-Connector/com.unity.robotics.ros-tcp-connector/Runtime/Messages/Tf2/action) by extension 'colcon_pkg'
[0.191s] Level 1:colcon.colcon_core.package_identification:_identify(src/ROS-TCP-Connector/com.unity.robotics.ros-tcp-connector/Runtime/Messages/Tf2/action) by extensions ['colcon_meta']
[0.191s] Level 1:colcon.colcon_core.package_identification:_identify(src/ROS-TCP-Connector/com.unity.robotics.ros-tcp-connector/Runtime/Messages/Tf2/action) by extension 'colcon_meta'
[0.191s] Level 1:colcon.colcon_core.package_identification:_identify(src/ROS-TCP-Connector/com.unity.robotics.ros-tcp-connector/Runtime/Messages/Tf2/action) by extensions ['ros']
[0.191s] Level 1:colcon.colcon_core.package_identification:_identify(src/ROS-TCP-Connector/com.unity.robotics.ros-tcp-connector/Runtime/Messages/Tf2/action) by extension 'ros'
[0.191s] Level 1:colcon.colcon_core.package_identification:_identify(src/ROS-TCP-Connector/com.unity.robotics.ros-tcp-connector/Runtime/Messages/Tf2/action) by extensions ['cmake', 'python']
[0.191s] Level 1:colcon.colcon_core.package_identification:_identify(src/ROS-TCP-Connector/com.unity.robotics.ros-tcp-connector/Runtime/Messages/Tf2/action) by extension 'cmake'
[0.191s] Level 1:colcon.colcon_core.package_identification:_identify(src/ROS-TCP-Connector/com.unity.robotics.ros-tcp-connector/Runtime/Messages/Tf2/action) by extension 'python'
[0.192s] Level 1:colcon.colcon_core.package_identification:_identify(src/ROS-TCP-Connector/com.unity.robotics.ros-tcp-connector/Runtime/Messages/Tf2/action) by extensions ['python_setup_py']
[0.192s] Level 1:colcon.colcon_core.package_identification:_identify(src/ROS-TCP-Connector/com.unity.robotics.ros-tcp-connector/Runtime/Messages/Tf2/action) by extension 'python_setup_py'
[0.192s] Level 1:colcon.colcon_core.package_identification:_identify(src/ROS-TCP-Connector/com.unity.robotics.ros-tcp-connector/Runtime/Messages/Tf2/msg) by extensions ['ignore', 'ignore_ament_install']
[0.192s] Level 1:colcon.colcon_core.package_identification:_identify(src/ROS-TCP-Connector/com.unity.robotics.ros-tcp-connector/Runtime/Messages/Tf2/msg) by extension 'ignore'
[0.192s] Level 1:colcon.colcon_core.package_identification:_identify(src/ROS-TCP-Connector/com.unity.robotics.ros-tcp-connector/Runtime/Messages/Tf2/msg) by extension 'ignore_ament_install'
[0.192s] Level 1:colcon.colcon_core.package_identification:_identify(src/ROS-TCP-Connector/com.unity.robotics.ros-tcp-connector/Runtime/Messages/Tf2/msg) by extensions ['colcon_pkg']
[0.192s] Level 1:colcon.colcon_core.package_identification:_identify(src/ROS-TCP-Connector/com.unity.robotics.ros-tcp-connector/Runtime/Messages/Tf2/msg) by extension 'colcon_pkg'
[0.192s] Level 1:colcon.colcon_core.package_identification:_identify(src/ROS-TCP-Connector/com.unity.robotics.ros-tcp-connector/Runtime/Messages/Tf2/msg) by extensions ['colcon_meta']
[0.192s] Level 1:colcon.colcon_core.package_identification:_identify(src/ROS-TCP-Connector/com.unity.robotics.ros-tcp-connector/Runtime/Messages/Tf2/msg) by extension 'colcon_meta'
[0.192s] Level 1:colcon.colcon_core.package_identification:_identify(src/ROS-TCP-Connector/com.unity.robotics.ros-tcp-connector/Runtime/Messages/Tf2/msg) by extensions ['ros']
[0.192s] Level 1:colcon.colcon_core.package_identification:_identify(src/ROS-TCP-Connector/com.unity.robotics.ros-tcp-connector/Runtime/Messages/Tf2/msg) by extension 'ros'
[0.192s] Level 1:colcon.colcon_core.package_identification:_identify(src/ROS-TCP-Connector/com.unity.robotics.ros-tcp-connector/Runtime/Messages/Tf2/msg) by extensions ['cmake', 'python']
[0.192s] Level 1:colcon.colcon_core.package_identification:_identify(src/ROS-TCP-Connector/com.unity.robotics.ros-tcp-connector/Runtime/Messages/Tf2/msg) by extension 'cmake'
[0.192s] Level 1:colcon.colcon_core.package_identification:_identify(src/ROS-TCP-Connector/com.unity.robotics.ros-tcp-connector/Runtime/Messages/Tf2/msg) by extension 'python'
[0.192s] Level 1:colcon.colcon_core.package_identification:_identify(src/ROS-TCP-Connector/com.unity.robotics.ros-tcp-connector/Runtime/Messages/Tf2/msg) by extensions ['python_setup_py']
[0.192s] Level 1:colcon.colcon_core.package_identification:_identify(src/ROS-TCP-Connector/com.unity.robotics.ros-tcp-connector/Runtime/Messages/Tf2/msg) by extension 'python_setup_py'
[0.192s] Level 1:colcon.colcon_core.package_identification:_identify(src/ROS-TCP-Connector/com.unity.robotics.ros-tcp-connector/Runtime/Messages/Tf2/srv) by extensions ['ignore', 'ignore_ament_install']
[0.192s] Level 1:colcon.colcon_core.package_identification:_identify(src/ROS-TCP-Connector/com.unity.robotics.ros-tcp-connector/Runtime/Messages/Tf2/srv) by extension 'ignore'
[0.192s] Level 1:colcon.colcon_core.package_identification:_identify(src/ROS-TCP-Connector/com.unity.robotics.ros-tcp-connector/Runtime/Messages/Tf2/srv) by extension 'ignore_ament_install'
[0.192s] Level 1:colcon.colcon_core.package_identification:_identify(src/ROS-TCP-Connector/com.unity.robotics.ros-tcp-connector/Runtime/Messages/Tf2/srv) by extensions ['colcon_pkg']
[0.192s] Level 1:colcon.colcon_core.package_identification:_identify(src/ROS-TCP-Connector/com.unity.robotics.ros-tcp-connector/Runtime/Messages/Tf2/srv) by extension 'colcon_pkg'
[0.192s] Level 1:colcon.colcon_core.package_identification:_identify(src/ROS-TCP-Connector/com.unity.robotics.ros-tcp-connector/Runtime/Messages/Tf2/srv) by extensions ['colcon_meta']
[0.192s] Level 1:colcon.colcon_core.package_identification:_identify(src/ROS-TCP-Connector/com.unity.robotics.ros-tcp-connector/Runtime/Messages/Tf2/srv) by extension 'colcon_meta'
[0.192s] Level 1:colcon.colcon_core.package_identification:_identify(src/ROS-TCP-Connector/com.unity.robotics.ros-tcp-connector/Runtime/Messages/Tf2/srv) by extensions ['ros']
[0.192s] Level 1:colcon.colcon_core.package_identification:_identify(src/ROS-TCP-Connector/com.unity.robotics.ros-tcp-connector/Runtime/Messages/Tf2/srv) by extension 'ros'
[0.192s] Level 1:colcon.colcon_core.package_identification:_identify(src/ROS-TCP-Connector/com.unity.robotics.ros-tcp-connector/Runtime/Messages/Tf2/srv) by extensions ['cmake', 'python']
[0.192s] Level 1:colcon.colcon_core.package_identification:_identify(src/ROS-TCP-Connector/com.unity.robotics.ros-tcp-connector/Runtime/Messages/Tf2/srv) by extension 'cmake'
[0.192s] Level 1:colcon.colcon_core.package_identification:_identify(src/ROS-TCP-Connector/com.unity.robotics.ros-tcp-connector/Runtime/Messages/Tf2/srv) by extension 'python'
[0.192s] Level 1:colcon.colcon_core.package_identification:_identify(src/ROS-TCP-Connector/com.unity.robotics.ros-tcp-connector/Runtime/Messages/Tf2/srv) by extensions ['python_setup_py']
[0.192s] Level 1:colcon.colcon_core.package_identification:_identify(src/ROS-TCP-Connector/com.unity.robotics.ros-tcp-connector/Runtime/Messages/Tf2/srv) by extension 'python_setup_py'
[0.192s] Level 1:colcon.colcon_core.package_identification:_identify(src/ROS-TCP-Connector/com.unity.robotics.ros-tcp-connector/Runtime/Messages/Trajectory) by extensions ['ignore', 'ignore_ament_install']
[0.192s] Level 1:colcon.colcon_core.package_identification:_identify(src/ROS-TCP-Connector/com.unity.robotics.ros-tcp-connector/Runtime/Messages/Trajectory) by extension 'ignore'
[0.192s] Level 1:colcon.colcon_core.package_identification:_identify(src/ROS-TCP-Connector/com.unity.robotics.ros-tcp-connector/Runtime/Messages/Trajectory) by extension 'ignore_ament_install'
[0.192s] Level 1:colcon.colcon_core.package_identification:_identify(src/ROS-TCP-Connector/com.unity.robotics.ros-tcp-connector/Runtime/Messages/Trajectory) by extensions ['colcon_pkg']
[0.192s] Level 1:colcon.colcon_core.package_identification:_identify(src/ROS-TCP-Connector/com.unity.robotics.ros-tcp-connector/Runtime/Messages/Trajectory) by extension 'colcon_pkg'
[0.192s] Level 1:colcon.colcon_core.package_identification:_identify(src/ROS-TCP-Connector/com.unity.robotics.ros-tcp-connector/Runtime/Messages/Trajectory) by extensions ['colcon_meta']
[0.192s] Level 1:colcon.colcon_core.package_identification:_identify(src/ROS-TCP-Connector/com.unity.robotics.ros-tcp-connector/Runtime/Messages/Trajectory) by extension 'colcon_meta'
[0.192s] Level 1:colcon.colcon_core.package_identification:_identify(src/ROS-TCP-Connector/com.unity.robotics.ros-tcp-connector/Runtime/Messages/Trajectory) by extensions ['ros']
[0.192s] Level 1:colcon.colcon_core.package_identification:_identify(src/ROS-TCP-Connector/com.unity.robotics.ros-tcp-connector/Runtime/Messages/Trajectory) by extension 'ros'
[0.192s] Level 1:colcon.colcon_core.package_identification:_identify(src/ROS-TCP-Connector/com.unity.robotics.ros-tcp-connector/Runtime/Messages/Trajectory) by extensions ['cmake', 'python']
[0.192s] Level 1:colcon.colcon_core.package_identification:_identify(src/ROS-TCP-Connector/com.unity.robotics.ros-tcp-connector/Runtime/Messages/Trajectory) by extension 'cmake'
[0.192s] Level 1:colcon.colcon_core.package_identification:_identify(src/ROS-TCP-Connector/com.unity.robotics.ros-tcp-connector/Runtime/Messages/Trajectory) by extension 'python'
[0.192s] Level 1:colcon.colcon_core.package_identification:_identify(src/ROS-TCP-Connector/com.unity.robotics.ros-tcp-connector/Runtime/Messages/Trajectory) by extensions ['python_setup_py']
[0.192s] Level 1:colcon.colcon_core.package_identification:_identify(src/ROS-TCP-Connector/com.unity.robotics.ros-tcp-connector/Runtime/Messages/Trajectory) by extension 'python_setup_py'
[0.192s] Level 1:colcon.colcon_core.package_identification:_identify(src/ROS-TCP-Connector/com.unity.robotics.ros-tcp-connector/Runtime/Messages/Trajectory/msg) by extensions ['ignore', 'ignore_ament_install']
[0.192s] Level 1:colcon.colcon_core.package_identification:_identify(src/ROS-TCP-Connector/com.unity.robotics.ros-tcp-connector/Runtime/Messages/Trajectory/msg) by extension 'ignore'
[0.192s] Level 1:colcon.colcon_core.package_identification:_identify(src/ROS-TCP-Connector/com.unity.robotics.ros-tcp-connector/Runtime/Messages/Trajectory/msg) by extension 'ignore_ament_install'
[0.192s] Level 1:colcon.colcon_core.package_identification:_identify(src/ROS-TCP-Connector/com.unity.robotics.ros-tcp-connector/Runtime/Messages/Trajectory/msg) by extensions ['colcon_pkg']
[0.192s] Level 1:colcon.colcon_core.package_identification:_identify(src/ROS-TCP-Connector/com.unity.robotics.ros-tcp-connector/Runtime/Messages/Trajectory/msg) by extension 'colcon_pkg'
[0.192s] Level 1:colcon.colcon_core.package_identification:_identify(src/ROS-TCP-Connector/com.unity.robotics.ros-tcp-connector/Runtime/Messages/Trajectory/msg) by extensions ['colcon_meta']
[0.192s] Level 1:colcon.colcon_core.package_identification:_identify(src/ROS-TCP-Connector/com.unity.robotics.ros-tcp-connector/Runtime/Messages/Trajectory/msg) by extension 'colcon_meta'
[0.193s] Level 1:colcon.colcon_core.package_identification:_identify(src/ROS-TCP-Connector/com.unity.robotics.ros-tcp-connector/Runtime/Messages/Trajectory/msg) by extensions ['ros']
[0.193s] Level 1:colcon.colcon_core.package_identification:_identify(src/ROS-TCP-Connector/com.unity.robotics.ros-tcp-connector/Runtime/Messages/Trajectory/msg) by extension 'ros'
[0.193s] Level 1:colcon.colcon_core.package_identification:_identify(src/ROS-TCP-Connector/com.unity.robotics.ros-tcp-connector/Runtime/Messages/Trajectory/msg) by extensions ['cmake', 'python']
[0.193s] Level 1:colcon.colcon_core.package_identification:_identify(src/ROS-TCP-Connector/com.unity.robotics.ros-tcp-connector/Runtime/Messages/Trajectory/msg) by extension 'cmake'
[0.193s] Level 1:colcon.colcon_core.package_identification:_identify(src/ROS-TCP-Connector/com.unity.robotics.ros-tcp-connector/Runtime/Messages/Trajectory/msg) by extension 'python'
[0.193s] Level 1:colcon.colcon_core.package_identification:_identify(src/ROS-TCP-Connector/com.unity.robotics.ros-tcp-connector/Runtime/Messages/Trajectory/msg) by extensions ['python_setup_py']
[0.193s] Level 1:colcon.colcon_core.package_identification:_identify(src/ROS-TCP-Connector/com.unity.robotics.ros-tcp-connector/Runtime/Messages/Trajectory/msg) by extension 'python_setup_py'
[0.193s] Level 1:colcon.colcon_core.package_identification:_identify(src/ROS-TCP-Connector/com.unity.robotics.ros-tcp-connector/Runtime/Messages/Visualization) by extensions ['ignore', 'ignore_ament_install']
[0.193s] Level 1:colcon.colcon_core.package_identification:_identify(src/ROS-TCP-Connector/com.unity.robotics.ros-tcp-connector/Runtime/Messages/Visualization) by extension 'ignore'
[0.193s] Level 1:colcon.colcon_core.package_identification:_identify(src/ROS-TCP-Connector/com.unity.robotics.ros-tcp-connector/Runtime/Messages/Visualization) by extension 'ignore_ament_install'
[0.193s] Level 1:colcon.colcon_core.package_identification:_identify(src/ROS-TCP-Connector/com.unity.robotics.ros-tcp-connector/Runtime/Messages/Visualization) by extensions ['colcon_pkg']
[0.193s] Level 1:colcon.colcon_core.package_identification:_identify(src/ROS-TCP-Connector/com.unity.robotics.ros-tcp-connector/Runtime/Messages/Visualization) by extension 'colcon_pkg'
[0.193s] Level 1:colcon.colcon_core.package_identification:_identify(src/ROS-TCP-Connector/com.unity.robotics.ros-tcp-connector/Runtime/Messages/Visualization) by extensions ['colcon_meta']
[0.193s] Level 1:colcon.colcon_core.package_identification:_identify(src/ROS-TCP-Connector/com.unity.robotics.ros-tcp-connector/Runtime/Messages/Visualization) by extension 'colcon_meta'
[0.193s] Level 1:colcon.colcon_core.package_identification:_identify(src/ROS-TCP-Connector/com.unity.robotics.ros-tcp-connector/Runtime/Messages/Visualization) by extensions ['ros']
[0.193s] Level 1:colcon.colcon_core.package_identification:_identify(src/ROS-TCP-Connector/com.unity.robotics.ros-tcp-connector/Runtime/Messages/Visualization) by extension 'ros'
[0.193s] Level 1:colcon.colcon_core.package_identification:_identify(src/ROS-TCP-Connector/com.unity.robotics.ros-tcp-connector/Runtime/Messages/Visualization) by extensions ['cmake', 'python']
[0.193s] Level 1:colcon.colcon_core.package_identification:_identify(src/ROS-TCP-Connector/com.unity.robotics.ros-tcp-connector/Runtime/Messages/Visualization) by extension 'cmake'
[0.193s] Level 1:colcon.colcon_core.package_identification:_identify(src/ROS-TCP-Connector/com.unity.robotics.ros-tcp-connector/Runtime/Messages/Visualization) by extension 'python'
[0.193s] Level 1:colcon.colcon_core.package_identification:_identify(src/ROS-TCP-Connector/com.unity.robotics.ros-tcp-connector/Runtime/Messages/Visualization) by extensions ['python_setup_py']
[0.193s] Level 1:colcon.colcon_core.package_identification:_identify(src/ROS-TCP-Connector/com.unity.robotics.ros-tcp-connector/Runtime/Messages/Visualization) by extension 'python_setup_py'
[0.193s] Level 1:colcon.colcon_core.package_identification:_identify(src/ROS-TCP-Connector/com.unity.robotics.ros-tcp-connector/Runtime/Messages/Visualization/msg) by extensions ['ignore', 'ignore_ament_install']
[0.193s] Level 1:colcon.colcon_core.package_identification:_identify(src/ROS-TCP-Connector/com.unity.robotics.ros-tcp-connector/Runtime/Messages/Visualization/msg) by extension 'ignore'
[0.193s] Level 1:colcon.colcon_core.package_identification:_identify(src/ROS-TCP-Connector/com.unity.robotics.ros-tcp-connector/Runtime/Messages/Visualization/msg) by extension 'ignore_ament_install'
[0.193s] Level 1:colcon.colcon_core.package_identification:_identify(src/ROS-TCP-Connector/com.unity.robotics.ros-tcp-connector/Runtime/Messages/Visualization/msg) by extensions ['colcon_pkg']
[0.193s] Level 1:colcon.colcon_core.package_identification:_identify(src/ROS-TCP-Connector/com.unity.robotics.ros-tcp-connector/Runtime/Messages/Visualization/msg) by extension 'colcon_pkg'
[0.193s] Level 1:colcon.colcon_core.package_identification:_identify(src/ROS-TCP-Connector/com.unity.robotics.ros-tcp-connector/Runtime/Messages/Visualization/msg) by extensions ['colcon_meta']
[0.193s] Level 1:colcon.colcon_core.package_identification:_identify(src/ROS-TCP-Connector/com.unity.robotics.ros-tcp-connector/Runtime/Messages/Visualization/msg) by extension 'colcon_meta'
[0.193s] Level 1:colcon.colcon_core.package_identification:_identify(src/ROS-TCP-Connector/com.unity.robotics.ros-tcp-connector/Runtime/Messages/Visualization/msg) by extensions ['ros']
[0.193s] Level 1:colcon.colcon_core.package_identification:_identify(src/ROS-TCP-Connector/com.unity.robotics.ros-tcp-connector/Runtime/Messages/Visualization/msg) by extension 'ros'
[0.193s] Level 1:colcon.colcon_core.package_identification:_identify(src/ROS-TCP-Connector/com.unity.robotics.ros-tcp-connector/Runtime/Messages/Visualization/msg) by extensions ['cmake', 'python']
[0.193s] Level 1:colcon.colcon_core.package_identification:_identify(src/ROS-TCP-Connector/com.unity.robotics.ros-tcp-connector/Runtime/Messages/Visualization/msg) by extension 'cmake'
[0.193s] Level 1:colcon.colcon_core.package_identification:_identify(src/ROS-TCP-Connector/com.unity.robotics.ros-tcp-connector/Runtime/Messages/Visualization/msg) by extension 'python'
[0.193s] Level 1:colcon.colcon_core.package_identification:_identify(src/ROS-TCP-Connector/com.unity.robotics.ros-tcp-connector/Runtime/Messages/Visualization/msg) by extensions ['python_setup_py']
[0.193s] Level 1:colcon.colcon_core.package_identification:_identify(src/ROS-TCP-Connector/com.unity.robotics.ros-tcp-connector/Runtime/Messages/Visualization/msg) by extension 'python_setup_py'
[0.193s] Level 1:colcon.colcon_core.package_identification:_identify(src/ROS-TCP-Connector/com.unity.robotics.ros-tcp-connector/Runtime/Messages/Visualization/srv) by extensions ['ignore', 'ignore_ament_install']
[0.193s] Level 1:colcon.colcon_core.package_identification:_identify(src/ROS-TCP-Connector/com.unity.robotics.ros-tcp-connector/Runtime/Messages/Visualization/srv) by extension 'ignore'
[0.193s] Level 1:colcon.colcon_core.package_identification:_identify(src/ROS-TCP-Connector/com.unity.robotics.ros-tcp-connector/Runtime/Messages/Visualization/srv) by extension 'ignore_ament_install'
[0.193s] Level 1:colcon.colcon_core.package_identification:_identify(src/ROS-TCP-Connector/com.unity.robotics.ros-tcp-connector/Runtime/Messages/Visualization/srv) by extensions ['colcon_pkg']
[0.193s] Level 1:colcon.colcon_core.package_identification:_identify(src/ROS-TCP-Connector/com.unity.robotics.ros-tcp-connector/Runtime/Messages/Visualization/srv) by extension 'colcon_pkg'
[0.193s] Level 1:colcon.colcon_core.package_identification:_identify(src/ROS-TCP-Connector/com.unity.robotics.ros-tcp-connector/Runtime/Messages/Visualization/srv) by extensions ['colcon_meta']
[0.193s] Level 1:colcon.colcon_core.package_identification:_identify(src/ROS-TCP-Connector/com.unity.robotics.ros-tcp-connector/Runtime/Messages/Visualization/srv) by extension 'colcon_meta'
[0.193s] Level 1:colcon.colcon_core.package_identification:_identify(src/ROS-TCP-Connector/com.unity.robotics.ros-tcp-connector/Runtime/Messages/Visualization/srv) by extensions ['ros']
[0.193s] Level 1:colcon.colcon_core.package_identification:_identify(src/ROS-TCP-Connector/com.unity.robotics.ros-tcp-connector/Runtime/Messages/Visualization/srv) by extension 'ros'
[0.193s] Level 1:colcon.colcon_core.package_identification:_identify(src/ROS-TCP-Connector/com.unity.robotics.ros-tcp-connector/Runtime/Messages/Visualization/srv) by extensions ['cmake', 'python']
[0.193s] Level 1:colcon.colcon_core.package_identification:_identify(src/ROS-TCP-Connector/com.unity.robotics.ros-tcp-connector/Runtime/Messages/Visualization/srv) by extension 'cmake'
[0.193s] Level 1:colcon.colcon_core.package_identification:_identify(src/ROS-TCP-Connector/com.unity.robotics.ros-tcp-connector/Runtime/Messages/Visualization/srv) by extension 'python'
[0.193s] Level 1:colcon.colcon_core.package_identification:_identify(src/ROS-TCP-Connector/com.unity.robotics.ros-tcp-connector/Runtime/Messages/Visualization/srv) by extensions ['python_setup_py']
[0.193s] Level 1:colcon.colcon_core.package_identification:_identify(src/ROS-TCP-Connector/com.unity.robotics.ros-tcp-connector/Runtime/Messages/Visualization/srv) by extension 'python_setup_py'
[0.194s] Level 1:colcon.colcon_core.package_identification:_identify(src/ROS-TCP-Connector/com.unity.robotics.ros-tcp-connector/Runtime/ROSGeometry) by extensions ['ignore', 'ignore_ament_install']
[0.194s] Level 1:colcon.colcon_core.package_identification:_identify(src/ROS-TCP-Connector/com.unity.robotics.ros-tcp-connector/Runtime/ROSGeometry) by extension 'ignore'
[0.194s] Level 1:colcon.colcon_core.package_identification:_identify(src/ROS-TCP-Connector/com.unity.robotics.ros-tcp-connector/Runtime/ROSGeometry) by extension 'ignore_ament_install'
[0.194s] Level 1:colcon.colcon_core.package_identification:_identify(src/ROS-TCP-Connector/com.unity.robotics.ros-tcp-connector/Runtime/ROSGeometry) by extensions ['colcon_pkg']
[0.194s] Level 1:colcon.colcon_core.package_identification:_identify(src/ROS-TCP-Connector/com.unity.robotics.ros-tcp-connector/Runtime/ROSGeometry) by extension 'colcon_pkg'
[0.194s] Level 1:colcon.colcon_core.package_identification:_identify(src/ROS-TCP-Connector/com.unity.robotics.ros-tcp-connector/Runtime/ROSGeometry) by extensions ['colcon_meta']
[0.194s] Level 1:colcon.colcon_core.package_identification:_identify(src/ROS-TCP-Connector/com.unity.robotics.ros-tcp-connector/Runtime/ROSGeometry) by extension 'colcon_meta'
[0.194s] Level 1:colcon.colcon_core.package_identification:_identify(src/ROS-TCP-Connector/com.unity.robotics.ros-tcp-connector/Runtime/ROSGeometry) by extensions ['ros']
[0.194s] Level 1:colcon.colcon_core.package_identification:_identify(src/ROS-TCP-Connector/com.unity.robotics.ros-tcp-connector/Runtime/ROSGeometry) by extension 'ros'
[0.194s] Level 1:colcon.colcon_core.package_identification:_identify(src/ROS-TCP-Connector/com.unity.robotics.ros-tcp-connector/Runtime/ROSGeometry) by extensions ['cmake', 'python']
[0.194s] Level 1:colcon.colcon_core.package_identification:_identify(src/ROS-TCP-Connector/com.unity.robotics.ros-tcp-connector/Runtime/ROSGeometry) by extension 'cmake'
[0.194s] Level 1:colcon.colcon_core.package_identification:_identify(src/ROS-TCP-Connector/com.unity.robotics.ros-tcp-connector/Runtime/ROSGeometry) by extension 'python'
[0.194s] Level 1:colcon.colcon_core.package_identification:_identify(src/ROS-TCP-Connector/com.unity.robotics.ros-tcp-connector/Runtime/ROSGeometry) by extensions ['python_setup_py']
[0.194s] Level 1:colcon.colcon_core.package_identification:_identify(src/ROS-TCP-Connector/com.unity.robotics.ros-tcp-connector/Runtime/ROSGeometry) by extension 'python_setup_py'
[0.194s] Level 1:colcon.colcon_core.package_identification:_identify(src/ROS-TCP-Connector/com.unity.robotics.ros-tcp-connector/Runtime/TcpConnector) by extensions ['ignore', 'ignore_ament_install']
[0.194s] Level 1:colcon.colcon_core.package_identification:_identify(src/ROS-TCP-Connector/com.unity.robotics.ros-tcp-connector/Runtime/TcpConnector) by extension 'ignore'
[0.194s] Level 1:colcon.colcon_core.package_identification:_identify(src/ROS-TCP-Connector/com.unity.robotics.ros-tcp-connector/Runtime/TcpConnector) by extension 'ignore_ament_install'
[0.194s] Level 1:colcon.colcon_core.package_identification:_identify(src/ROS-TCP-Connector/com.unity.robotics.ros-tcp-connector/Runtime/TcpConnector) by extensions ['colcon_pkg']
[0.194s] Level 1:colcon.colcon_core.package_identification:_identify(src/ROS-TCP-Connector/com.unity.robotics.ros-tcp-connector/Runtime/TcpConnector) by extension 'colcon_pkg'
[0.194s] Level 1:colcon.colcon_core.package_identification:_identify(src/ROS-TCP-Connector/com.unity.robotics.ros-tcp-connector/Runtime/TcpConnector) by extensions ['colcon_meta']
[0.194s] Level 1:colcon.colcon_core.package_identification:_identify(src/ROS-TCP-Connector/com.unity.robotics.ros-tcp-connector/Runtime/TcpConnector) by extension 'colcon_meta'
[0.194s] Level 1:colcon.colcon_core.package_identification:_identify(src/ROS-TCP-Connector/com.unity.robotics.ros-tcp-connector/Runtime/TcpConnector) by extensions ['ros']
[0.194s] Level 1:colcon.colcon_core.package_identification:_identify(src/ROS-TCP-Connector/com.unity.robotics.ros-tcp-connector/Runtime/TcpConnector) by extension 'ros'
[0.194s] Level 1:colcon.colcon_core.package_identification:_identify(src/ROS-TCP-Connector/com.unity.robotics.ros-tcp-connector/Runtime/TcpConnector) by extensions ['cmake', 'python']
[0.194s] Level 1:colcon.colcon_core.package_identification:_identify(src/ROS-TCP-Connector/com.unity.robotics.ros-tcp-connector/Runtime/TcpConnector) by extension 'cmake'
[0.194s] Level 1:colcon.colcon_core.package_identification:_identify(src/ROS-TCP-Connector/com.unity.robotics.ros-tcp-connector/Runtime/TcpConnector) by extension 'python'
[0.194s] Level 1:colcon.colcon_core.package_identification:_identify(src/ROS-TCP-Connector/com.unity.robotics.ros-tcp-connector/Runtime/TcpConnector) by extensions ['python_setup_py']
[0.194s] Level 1:colcon.colcon_core.package_identification:_identify(src/ROS-TCP-Connector/com.unity.robotics.ros-tcp-connector/Runtime/TcpConnector) by extension 'python_setup_py'
[0.194s] Level 1:colcon.colcon_core.package_identification:_identify(src/ROS-TCP-Connector/com.unity.robotics.ros-tcp-connector/Tests) by extensions ['ignore', 'ignore_ament_install']
[0.194s] Level 1:colcon.colcon_core.package_identification:_identify(src/ROS-TCP-Connector/com.unity.robotics.ros-tcp-connector/Tests) by extension 'ignore'
[0.194s] Level 1:colcon.colcon_core.package_identification:_identify(src/ROS-TCP-Connector/com.unity.robotics.ros-tcp-connector/Tests) by extension 'ignore_ament_install'
[0.194s] Level 1:colcon.colcon_core.package_identification:_identify(src/ROS-TCP-Connector/com.unity.robotics.ros-tcp-connector/Tests) by extensions ['colcon_pkg']
[0.194s] Level 1:colcon.colcon_core.package_identification:_identify(src/ROS-TCP-Connector/com.unity.robotics.ros-tcp-connector/Tests) by extension 'colcon_pkg'
[0.194s] Level 1:colcon.colcon_core.package_identification:_identify(src/ROS-TCP-Connector/com.unity.robotics.ros-tcp-connector/Tests) by extensions ['colcon_meta']
[0.194s] Level 1:colcon.colcon_core.package_identification:_identify(src/ROS-TCP-Connector/com.unity.robotics.ros-tcp-connector/Tests) by extension 'colcon_meta'
[0.194s] Level 1:colcon.colcon_core.package_identification:_identify(src/ROS-TCP-Connector/com.unity.robotics.ros-tcp-connector/Tests) by extensions ['ros']
[0.194s] Level 1:colcon.colcon_core.package_identification:_identify(src/ROS-TCP-Connector/com.unity.robotics.ros-tcp-connector/Tests) by extension 'ros'
[0.194s] Level 1:colcon.colcon_core.package_identification:_identify(src/ROS-TCP-Connector/com.unity.robotics.ros-tcp-connector/Tests) by extensions ['cmake', 'python']
[0.194s] Level 1:colcon.colcon_core.package_identification:_identify(src/ROS-TCP-Connector/com.unity.robotics.ros-tcp-connector/Tests) by extension 'cmake'
[0.194s] Level 1:colcon.colcon_core.package_identification:_identify(src/ROS-TCP-Connector/com.unity.robotics.ros-tcp-connector/Tests) by extension 'python'
[0.194s] Level 1:colcon.colcon_core.package_identification:_identify(src/ROS-TCP-Connector/com.unity.robotics.ros-tcp-connector/Tests) by extensions ['python_setup_py']
[0.194s] Level 1:colcon.colcon_core.package_identification:_identify(src/ROS-TCP-Connector/com.unity.robotics.ros-tcp-connector/Tests) by extension 'python_setup_py'
[0.194s] Level 1:colcon.colcon_core.package_identification:_identify(src/ROS-TCP-Connector/com.unity.robotics.ros-tcp-connector/Tests/Editor) by extensions ['ignore', 'ignore_ament_install']
[0.194s] Level 1:colcon.colcon_core.package_identification:_identify(src/ROS-TCP-Connector/com.unity.robotics.ros-tcp-connector/Tests/Editor) by extension 'ignore'
[0.194s] Level 1:colcon.colcon_core.package_identification:_identify(src/ROS-TCP-Connector/com.unity.robotics.ros-tcp-connector/Tests/Editor) by extension 'ignore_ament_install'
[0.194s] Level 1:colcon.colcon_core.package_identification:_identify(src/ROS-TCP-Connector/com.unity.robotics.ros-tcp-connector/Tests/Editor) by extensions ['colcon_pkg']
[0.194s] Level 1:colcon.colcon_core.package_identification:_identify(src/ROS-TCP-Connector/com.unity.robotics.ros-tcp-connector/Tests/Editor) by extension 'colcon_pkg'
[0.194s] Level 1:colcon.colcon_core.package_identification:_identify(src/ROS-TCP-Connector/com.unity.robotics.ros-tcp-connector/Tests/Editor) by extensions ['colcon_meta']
[0.194s] Level 1:colcon.colcon_core.package_identification:_identify(src/ROS-TCP-Connector/com.unity.robotics.ros-tcp-connector/Tests/Editor) by extension 'colcon_meta'
[0.195s] Level 1:colcon.colcon_core.package_identification:_identify(src/ROS-TCP-Connector/com.unity.robotics.ros-tcp-connector/Tests/Editor) by extensions ['ros']
[0.195s] Level 1:colcon.colcon_core.package_identification:_identify(src/ROS-TCP-Connector/com.unity.robotics.ros-tcp-connector/Tests/Editor) by extension 'ros'
[0.195s] Level 1:colcon.colcon_core.package_identification:_identify(src/ROS-TCP-Connector/com.unity.robotics.ros-tcp-connector/Tests/Editor) by extensions ['cmake', 'python']
[0.195s] Level 1:colcon.colcon_core.package_identification:_identify(src/ROS-TCP-Connector/com.unity.robotics.ros-tcp-connector/Tests/Editor) by extension 'cmake'
[0.195s] Level 1:colcon.colcon_core.package_identification:_identify(src/ROS-TCP-Connector/com.unity.robotics.ros-tcp-connector/Tests/Editor) by extension 'python'
[0.195s] Level 1:colcon.colcon_core.package_identification:_identify(src/ROS-TCP-Connector/com.unity.robotics.ros-tcp-connector/Tests/Editor) by extensions ['python_setup_py']
[0.195s] Level 1:colcon.colcon_core.package_identification:_identify(src/ROS-TCP-Connector/com.unity.robotics.ros-tcp-connector/Tests/Editor) by extension 'python_setup_py'
[0.195s] Level 1:colcon.colcon_core.package_identification:_identify(src/ROS-TCP-Connector/com.unity.robotics.ros-tcp-connector/Tests/Runtime) by extensions ['ignore', 'ignore_ament_install']
[0.195s] Level 1:colcon.colcon_core.package_identification:_identify(src/ROS-TCP-Connector/com.unity.robotics.ros-tcp-connector/Tests/Runtime) by extension 'ignore'
[0.195s] Level 1:colcon.colcon_core.package_identification:_identify(src/ROS-TCP-Connector/com.unity.robotics.ros-tcp-connector/Tests/Runtime) by extension 'ignore_ament_install'
[0.195s] Level 1:colcon.colcon_core.package_identification:_identify(src/ROS-TCP-Connector/com.unity.robotics.ros-tcp-connector/Tests/Runtime) by extensions ['colcon_pkg']
[0.195s] Level 1:colcon.colcon_core.package_identification:_identify(src/ROS-TCP-Connector/com.unity.robotics.ros-tcp-connector/Tests/Runtime) by extension 'colcon_pkg'
[0.195s] Level 1:colcon.colcon_core.package_identification:_identify(src/ROS-TCP-Connector/com.unity.robotics.ros-tcp-connector/Tests/Runtime) by extensions ['colcon_meta']
[0.195s] Level 1:colcon.colcon_core.package_identification:_identify(src/ROS-TCP-Connector/com.unity.robotics.ros-tcp-connector/Tests/Runtime) by extension 'colcon_meta'
[0.195s] Level 1:colcon.colcon_core.package_identification:_identify(src/ROS-TCP-Connector/com.unity.robotics.ros-tcp-connector/Tests/Runtime) by extensions ['ros']
[0.195s] Level 1:colcon.colcon_core.package_identification:_identify(src/ROS-TCP-Connector/com.unity.robotics.ros-tcp-connector/Tests/Runtime) by extension 'ros'
[0.195s] Level 1:colcon.colcon_core.package_identification:_identify(src/ROS-TCP-Connector/com.unity.robotics.ros-tcp-connector/Tests/Runtime) by extensions ['cmake', 'python']
[0.195s] Level 1:colcon.colcon_core.package_identification:_identify(src/ROS-TCP-Connector/com.unity.robotics.ros-tcp-connector/Tests/Runtime) by extension 'cmake'
[0.195s] Level 1:colcon.colcon_core.package_identification:_identify(src/ROS-TCP-Connector/com.unity.robotics.ros-tcp-connector/Tests/Runtime) by extension 'python'
[0.195s] Level 1:colcon.colcon_core.package_identification:_identify(src/ROS-TCP-Connector/com.unity.robotics.ros-tcp-connector/Tests/Runtime) by extensions ['python_setup_py']
[0.195s] Level 1:colcon.colcon_core.package_identification:_identify(src/ROS-TCP-Connector/com.unity.robotics.ros-tcp-connector/Tests/Runtime) by extension 'python_setup_py'
[0.195s] Level 1:colcon.colcon_core.package_identification:_identify(src/ROS-TCP-Connector/com.unity.robotics.visualizations) by extensions ['ignore', 'ignore_ament_install']
[0.195s] Level 1:colcon.colcon_core.package_identification:_identify(src/ROS-TCP-Connector/com.unity.robotics.visualizations) by extension 'ignore'
[0.195s] Level 1:colcon.colcon_core.package_identification:_identify(src/ROS-TCP-Connector/com.unity.robotics.visualizations) by extension 'ignore_ament_install'
[0.195s] Level 1:colcon.colcon_core.package_identification:_identify(src/ROS-TCP-Connector/com.unity.robotics.visualizations) by extensions ['colcon_pkg']
[0.195s] Level 1:colcon.colcon_core.package_identification:_identify(src/ROS-TCP-Connector/com.unity.robotics.visualizations) by extension 'colcon_pkg'
[0.195s] Level 1:colcon.colcon_core.package_identification:_identify(src/ROS-TCP-Connector/com.unity.robotics.visualizations) by extensions ['colcon_meta']
[0.195s] Level 1:colcon.colcon_core.package_identification:_identify(src/ROS-TCP-Connector/com.unity.robotics.visualizations) by extension 'colcon_meta'
[0.195s] Level 1:colcon.colcon_core.package_identification:_identify(src/ROS-TCP-Connector/com.unity.robotics.visualizations) by extensions ['ros']
[0.195s] Level 1:colcon.colcon_core.package_identification:_identify(src/ROS-TCP-Connector/com.unity.robotics.visualizations) by extension 'ros'
[0.195s] Level 1:colcon.colcon_core.package_identification:_identify(src/ROS-TCP-Connector/com.unity.robotics.visualizations) by extensions ['cmake', 'python']
[0.195s] Level 1:colcon.colcon_core.package_identification:_identify(src/ROS-TCP-Connector/com.unity.robotics.visualizations) by extension 'cmake'
[0.195s] Level 1:colcon.colcon_core.package_identification:_identify(src/ROS-TCP-Connector/com.unity.robotics.visualizations) by extension 'python'
[0.195s] Level 1:colcon.colcon_core.package_identification:_identify(src/ROS-TCP-Connector/com.unity.robotics.visualizations) by extensions ['python_setup_py']
[0.195s] Level 1:colcon.colcon_core.package_identification:_identify(src/ROS-TCP-Connector/com.unity.robotics.visualizations) by extension 'python_setup_py'
[0.195s] Level 1:colcon.colcon_core.package_identification:_identify(src/ROS-TCP-Connector/com.unity.robotics.visualizations/Documentation~) by extensions ['ignore', 'ignore_ament_install']
[0.195s] Level 1:colcon.colcon_core.package_identification:_identify(src/ROS-TCP-Connector/com.unity.robotics.visualizations/Documentation~) by extension 'ignore'
[0.195s] Level 1:colcon.colcon_core.package_identification:_identify(src/ROS-TCP-Connector/com.unity.robotics.visualizations/Documentation~) by extension 'ignore_ament_install'
[0.195s] Level 1:colcon.colcon_core.package_identification:_identify(src/ROS-TCP-Connector/com.unity.robotics.visualizations/Documentation~) by extensions ['colcon_pkg']
[0.195s] Level 1:colcon.colcon_core.package_identification:_identify(src/ROS-TCP-Connector/com.unity.robotics.visualizations/Documentation~) by extension 'colcon_pkg'
[0.195s] Level 1:colcon.colcon_core.package_identification:_identify(src/ROS-TCP-Connector/com.unity.robotics.visualizations/Documentation~) by extensions ['colcon_meta']
[0.195s] Level 1:colcon.colcon_core.package_identification:_identify(src/ROS-TCP-Connector/com.unity.robotics.visualizations/Documentation~) by extension 'colcon_meta'
[0.195s] Level 1:colcon.colcon_core.package_identification:_identify(src/ROS-TCP-Connector/com.unity.robotics.visualizations/Documentation~) by extensions ['ros']
[0.195s] Level 1:colcon.colcon_core.package_identification:_identify(src/ROS-TCP-Connector/com.unity.robotics.visualizations/Documentation~) by extension 'ros'
[0.195s] Level 1:colcon.colcon_core.package_identification:_identify(src/ROS-TCP-Connector/com.unity.robotics.visualizations/Documentation~) by extensions ['cmake', 'python']
[0.195s] Level 1:colcon.colcon_core.package_identification:_identify(src/ROS-TCP-Connector/com.unity.robotics.visualizations/Documentation~) by extension 'cmake'
[0.195s] Level 1:colcon.colcon_core.package_identification:_identify(src/ROS-TCP-Connector/com.unity.robotics.visualizations/Documentation~) by extension 'python'
[0.195s] Level 1:colcon.colcon_core.package_identification:_identify(src/ROS-TCP-Connector/com.unity.robotics.visualizations/Documentation~) by extensions ['python_setup_py']
[0.195s] Level 1:colcon.colcon_core.package_identification:_identify(src/ROS-TCP-Connector/com.unity.robotics.visualizations/Documentation~) by extension 'python_setup_py'
[0.196s] Level 1:colcon.colcon_core.package_identification:_identify(src/ROS-TCP-Connector/com.unity.robotics.visualizations/Editor) by extensions ['ignore', 'ignore_ament_install']
[0.196s] Level 1:colcon.colcon_core.package_identification:_identify(src/ROS-TCP-Connector/com.unity.robotics.visualizations/Editor) by extension 'ignore'
[0.196s] Level 1:colcon.colcon_core.package_identification:_identify(src/ROS-TCP-Connector/com.unity.robotics.visualizations/Editor) by extension 'ignore_ament_install'
[0.196s] Level 1:colcon.colcon_core.package_identification:_identify(src/ROS-TCP-Connector/com.unity.robotics.visualizations/Editor) by extensions ['colcon_pkg']
[0.196s] Level 1:colcon.colcon_core.package_identification:_identify(src/ROS-TCP-Connector/com.unity.robotics.visualizations/Editor) by extension 'colcon_pkg'
[0.196s] Level 1:colcon.colcon_core.package_identification:_identify(src/ROS-TCP-Connector/com.unity.robotics.visualizations/Editor) by extensions ['colcon_meta']
[0.196s] Level 1:colcon.colcon_core.package_identification:_identify(src/ROS-TCP-Connector/com.unity.robotics.visualizations/Editor) by extension 'colcon_meta'
[0.196s] Level 1:colcon.colcon_core.package_identification:_identify(src/ROS-TCP-Connector/com.unity.robotics.visualizations/Editor) by extensions ['ros']
[0.196s] Level 1:colcon.colcon_core.package_identification:_identify(src/ROS-TCP-Connector/com.unity.robotics.visualizations/Editor) by extension 'ros'
[0.196s] Level 1:colcon.colcon_core.package_identification:_identify(src/ROS-TCP-Connector/com.unity.robotics.visualizations/Editor) by extensions ['cmake', 'python']
[0.196s] Level 1:colcon.colcon_core.package_identification:_identify(src/ROS-TCP-Connector/com.unity.robotics.visualizations/Editor) by extension 'cmake'
[0.196s] Level 1:colcon.colcon_core.package_identification:_identify(src/ROS-TCP-Connector/com.unity.robotics.visualizations/Editor) by extension 'python'
[0.196s] Level 1:colcon.colcon_core.package_identification:_identify(src/ROS-TCP-Connector/com.unity.robotics.visualizations/Editor) by extensions ['python_setup_py']
[0.196s] Level 1:colcon.colcon_core.package_identification:_identify(src/ROS-TCP-Connector/com.unity.robotics.visualizations/Editor) by extension 'python_setup_py'
[0.196s] Level 1:colcon.colcon_core.package_identification:_identify(src/ROS-TCP-Connector/com.unity.robotics.visualizations/Resources) by extensions ['ignore', 'ignore_ament_install']
[0.196s] Level 1:colcon.colcon_core.package_identification:_identify(src/ROS-TCP-Connector/com.unity.robotics.visualizations/Resources) by extension 'ignore'
[0.196s] Level 1:colcon.colcon_core.package_identification:_identify(src/ROS-TCP-Connector/com.unity.robotics.visualizations/Resources) by extension 'ignore_ament_install'
[0.196s] Level 1:colcon.colcon_core.package_identification:_identify(src/ROS-TCP-Connector/com.unity.robotics.visualizations/Resources) by extensions ['colcon_pkg']
[0.196s] Level 1:colcon.colcon_core.package_identification:_identify(src/ROS-TCP-Connector/com.unity.robotics.visualizations/Resources) by extension 'colcon_pkg'
[0.196s] Level 1:colcon.colcon_core.package_identification:_identify(src/ROS-TCP-Connector/com.unity.robotics.visualizations/Resources) by extensions ['colcon_meta']
[0.196s] Level 1:colcon.colcon_core.package_identification:_identify(src/ROS-TCP-Connector/com.unity.robotics.visualizations/Resources) by extension 'colcon_meta'
[0.196s] Level 1:colcon.colcon_core.package_identification:_identify(src/ROS-TCP-Connector/com.unity.robotics.visualizations/Resources) by extensions ['ros']
[0.196s] Level 1:colcon.colcon_core.package_identification:_identify(src/ROS-TCP-Connector/com.unity.robotics.visualizations/Resources) by extension 'ros'
[0.196s] Level 1:colcon.colcon_core.package_identification:_identify(src/ROS-TCP-Connector/com.unity.robotics.visualizations/Resources) by extensions ['cmake', 'python']
[0.196s] Level 1:colcon.colcon_core.package_identification:_identify(src/ROS-TCP-Connector/com.unity.robotics.visualizations/Resources) by extension 'cmake'
[0.196s] Level 1:colcon.colcon_core.package_identification:_identify(src/ROS-TCP-Connector/com.unity.robotics.visualizations/Resources) by extension 'python'
[0.196s] Level 1:colcon.colcon_core.package_identification:_identify(src/ROS-TCP-Connector/com.unity.robotics.visualizations/Resources) by extensions ['python_setup_py']
[0.196s] Level 1:colcon.colcon_core.package_identification:_identify(src/ROS-TCP-Connector/com.unity.robotics.visualizations/Resources) by extension 'python_setup_py'
[0.196s] Level 1:colcon.colcon_core.package_identification:_identify(src/ROS-TCP-Connector/com.unity.robotics.visualizations/Resources/VisualizerSettings) by extensions ['ignore', 'ignore_ament_install']
[0.196s] Level 1:colcon.colcon_core.package_identification:_identify(src/ROS-TCP-Connector/com.unity.robotics.visualizations/Resources/VisualizerSettings) by extension 'ignore'
[0.196s] Level 1:colcon.colcon_core.package_identification:_identify(src/ROS-TCP-Connector/com.unity.robotics.visualizations/Resources/VisualizerSettings) by extension 'ignore_ament_install'
[0.196s] Level 1:colcon.colcon_core.package_identification:_identify(src/ROS-TCP-Connector/com.unity.robotics.visualizations/Resources/VisualizerSettings) by extensions ['colcon_pkg']
[0.196s] Level 1:colcon.colcon_core.package_identification:_identify(src/ROS-TCP-Connector/com.unity.robotics.visualizations/Resources/VisualizerSettings) by extension 'colcon_pkg'
[0.196s] Level 1:colcon.colcon_core.package_identification:_identify(src/ROS-TCP-Connector/com.unity.robotics.visualizations/Resources/VisualizerSettings) by extensions ['colcon_meta']
[0.196s] Level 1:colcon.colcon_core.package_identification:_identify(src/ROS-TCP-Connector/com.unity.robotics.visualizations/Resources/VisualizerSettings) by extension 'colcon_meta'
[0.196s] Level 1:colcon.colcon_core.package_identification:_identify(src/ROS-TCP-Connector/com.unity.robotics.visualizations/Resources/VisualizerSettings) by extensions ['ros']
[0.196s] Level 1:colcon.colcon_core.package_identification:_identify(src/ROS-TCP-Connector/com.unity.robotics.visualizations/Resources/VisualizerSettings) by extension 'ros'
[0.196s] Level 1:colcon.colcon_core.package_identification:_identify(src/ROS-TCP-Connector/com.unity.robotics.visualizations/Resources/VisualizerSettings) by extensions ['cmake', 'python']
[0.196s] Level 1:colcon.colcon_core.package_identification:_identify(src/ROS-TCP-Connector/com.unity.robotics.visualizations/Resources/VisualizerSettings) by extension 'cmake'
[0.196s] Level 1:colcon.colcon_core.package_identification:_identify(src/ROS-TCP-Connector/com.unity.robotics.visualizations/Resources/VisualizerSettings) by extension 'python'
[0.196s] Level 1:colcon.colcon_core.package_identification:_identify(src/ROS-TCP-Connector/com.unity.robotics.visualizations/Resources/VisualizerSettings) by extensions ['python_setup_py']
[0.196s] Level 1:colcon.colcon_core.package_identification:_identify(src/ROS-TCP-Connector/com.unity.robotics.visualizations/Resources/VisualizerSettings) by extension 'python_setup_py'
[0.196s] Level 1:colcon.colcon_core.package_identification:_identify(src/ROS-TCP-Connector/com.unity.robotics.visualizations/Runtime) by extensions ['ignore', 'ignore_ament_install']
[0.196s] Level 1:colcon.colcon_core.package_identification:_identify(src/ROS-TCP-Connector/com.unity.robotics.visualizations/Runtime) by extension 'ignore'
[0.196s] Level 1:colcon.colcon_core.package_identification:_identify(src/ROS-TCP-Connector/com.unity.robotics.visualizations/Runtime) by extension 'ignore_ament_install'
[0.196s] Level 1:colcon.colcon_core.package_identification:_identify(src/ROS-TCP-Connector/com.unity.robotics.visualizations/Runtime) by extensions ['colcon_pkg']
[0.196s] Level 1:colcon.colcon_core.package_identification:_identify(src/ROS-TCP-Connector/com.unity.robotics.visualizations/Runtime) by extension 'colcon_pkg'
[0.196s] Level 1:colcon.colcon_core.package_identification:_identify(src/ROS-TCP-Connector/com.unity.robotics.visualizations/Runtime) by extensions ['colcon_meta']
[0.197s] Level 1:colcon.colcon_core.package_identification:_identify(src/ROS-TCP-Connector/com.unity.robotics.visualizations/Runtime) by extension 'colcon_meta'
[0.197s] Level 1:colcon.colcon_core.package_identification:_identify(src/ROS-TCP-Connector/com.unity.robotics.visualizations/Runtime) by extensions ['ros']
[0.197s] Level 1:colcon.colcon_core.package_identification:_identify(src/ROS-TCP-Connector/com.unity.robotics.visualizations/Runtime) by extension 'ros'
[0.197s] Level 1:colcon.colcon_core.package_identification:_identify(src/ROS-TCP-Connector/com.unity.robotics.visualizations/Runtime) by extensions ['cmake', 'python']
[0.197s] Level 1:colcon.colcon_core.package_identification:_identify(src/ROS-TCP-Connector/com.unity.robotics.visualizations/Runtime) by extension 'cmake'
[0.197s] Level 1:colcon.colcon_core.package_identification:_identify(src/ROS-TCP-Connector/com.unity.robotics.visualizations/Runtime) by extension 'python'
[0.197s] Level 1:colcon.colcon_core.package_identification:_identify(src/ROS-TCP-Connector/com.unity.robotics.visualizations/Runtime) by extensions ['python_setup_py']
[0.197s] Level 1:colcon.colcon_core.package_identification:_identify(src/ROS-TCP-Connector/com.unity.robotics.visualizations/Runtime) by extension 'python_setup_py'
[0.197s] Level 1:colcon.colcon_core.package_identification:_identify(src/ROS-TCP-Connector/com.unity.robotics.visualizations/Runtime/DefaultVisualizers) by extensions ['ignore', 'ignore_ament_install']
[0.197s] Level 1:colcon.colcon_core.package_identification:_identify(src/ROS-TCP-Connector/com.unity.robotics.visualizations/Runtime/DefaultVisualizers) by extension 'ignore'
[0.197s] Level 1:colcon.colcon_core.package_identification:_identify(src/ROS-TCP-Connector/com.unity.robotics.visualizations/Runtime/DefaultVisualizers) by extension 'ignore_ament_install'
[0.197s] Level 1:colcon.colcon_core.package_identification:_identify(src/ROS-TCP-Connector/com.unity.robotics.visualizations/Runtime/DefaultVisualizers) by extensions ['colcon_pkg']
[0.197s] Level 1:colcon.colcon_core.package_identification:_identify(src/ROS-TCP-Connector/com.unity.robotics.visualizations/Runtime/DefaultVisualizers) by extension 'colcon_pkg'
[0.197s] Level 1:colcon.colcon_core.package_identification:_identify(src/ROS-TCP-Connector/com.unity.robotics.visualizations/Runtime/DefaultVisualizers) by extensions ['colcon_meta']
[0.197s] Level 1:colcon.colcon_core.package_identification:_identify(src/ROS-TCP-Connector/com.unity.robotics.visualizations/Runtime/DefaultVisualizers) by extension 'colcon_meta'
[0.197s] Level 1:colcon.colcon_core.package_identification:_identify(src/ROS-TCP-Connector/com.unity.robotics.visualizations/Runtime/DefaultVisualizers) by extensions ['ros']
[0.197s] Level 1:colcon.colcon_core.package_identification:_identify(src/ROS-TCP-Connector/com.unity.robotics.visualizations/Runtime/DefaultVisualizers) by extension 'ros'
[0.197s] Level 1:colcon.colcon_core.package_identification:_identify(src/ROS-TCP-Connector/com.unity.robotics.visualizations/Runtime/DefaultVisualizers) by extensions ['cmake', 'python']
[0.197s] Level 1:colcon.colcon_core.package_identification:_identify(src/ROS-TCP-Connector/com.unity.robotics.visualizations/Runtime/DefaultVisualizers) by extension 'cmake'
[0.197s] Level 1:colcon.colcon_core.package_identification:_identify(src/ROS-TCP-Connector/com.unity.robotics.visualizations/Runtime/DefaultVisualizers) by extension 'python'
[0.197s] Level 1:colcon.colcon_core.package_identification:_identify(src/ROS-TCP-Connector/com.unity.robotics.visualizations/Runtime/DefaultVisualizers) by extensions ['python_setup_py']
[0.197s] Level 1:colcon.colcon_core.package_identification:_identify(src/ROS-TCP-Connector/com.unity.robotics.visualizations/Runtime/DefaultVisualizers) by extension 'python_setup_py'
[0.197s] Level 1:colcon.colcon_core.package_identification:_identify(src/ROS-TCP-Connector/com.unity.robotics.visualizations/Runtime/DefaultVisualizers/Actionlib) by extensions ['ignore', 'ignore_ament_install']
[0.197s] Level 1:colcon.colcon_core.package_identification:_identify(src/ROS-TCP-Connector/com.unity.robotics.visualizations/Runtime/DefaultVisualizers/Actionlib) by extension 'ignore'
[0.197s] Level 1:colcon.colcon_core.package_identification:_identify(src/ROS-TCP-Connector/com.unity.robotics.visualizations/Runtime/DefaultVisualizers/Actionlib) by extension 'ignore_ament_install'
[0.197s] Level 1:colcon.colcon_core.package_identification:_identify(src/ROS-TCP-Connector/com.unity.robotics.visualizations/Runtime/DefaultVisualizers/Actionlib) by extensions ['colcon_pkg']
[0.197s] Level 1:colcon.colcon_core.package_identification:_identify(src/ROS-TCP-Connector/com.unity.robotics.visualizations/Runtime/DefaultVisualizers/Actionlib) by extension 'colcon_pkg'
[0.197s] Level 1:colcon.colcon_core.package_identification:_identify(src/ROS-TCP-Connector/com.unity.robotics.visualizations/Runtime/DefaultVisualizers/Actionlib) by extensions ['colcon_meta']
[0.197s] Level 1:colcon.colcon_core.package_identification:_identify(src/ROS-TCP-Connector/com.unity.robotics.visualizations/Runtime/DefaultVisualizers/Actionlib) by extension 'colcon_meta'
[0.197s] Level 1:colcon.colcon_core.package_identification:_identify(src/ROS-TCP-Connector/com.unity.robotics.visualizations/Runtime/DefaultVisualizers/Actionlib) by extensions ['ros']
[0.197s] Level 1:colcon.colcon_core.package_identification:_identify(src/ROS-TCP-Connector/com.unity.robotics.visualizations/Runtime/DefaultVisualizers/Actionlib) by extension 'ros'
[0.197s] Level 1:colcon.colcon_core.package_identification:_identify(src/ROS-TCP-Connector/com.unity.robotics.visualizations/Runtime/DefaultVisualizers/Actionlib) by extensions ['cmake', 'python']
[0.197s] Level 1:colcon.colcon_core.package_identification:_identify(src/ROS-TCP-Connector/com.unity.robotics.visualizations/Runtime/DefaultVisualizers/Actionlib) by extension 'cmake'
[0.197s] Level 1:colcon.colcon_core.package_identification:_identify(src/ROS-TCP-Connector/com.unity.robotics.visualizations/Runtime/DefaultVisualizers/Actionlib) by extension 'python'
[0.197s] Level 1:colcon.colcon_core.package_identification:_identify(src/ROS-TCP-Connector/com.unity.robotics.visualizations/Runtime/DefaultVisualizers/Actionlib) by extensions ['python_setup_py']
[0.197s] Level 1:colcon.colcon_core.package_identification:_identify(src/ROS-TCP-Connector/com.unity.robotics.visualizations/Runtime/DefaultVisualizers/Actionlib) by extension 'python_setup_py'
[0.197s] Level 1:colcon.colcon_core.package_identification:_identify(src/ROS-TCP-Connector/com.unity.robotics.visualizations/Runtime/DefaultVisualizers/Diagnostic) by extensions ['ignore', 'ignore_ament_install']
[0.197s] Level 1:colcon.colcon_core.package_identification:_identify(src/ROS-TCP-Connector/com.unity.robotics.visualizations/Runtime/DefaultVisualizers/Diagnostic) by extension 'ignore'
[0.197s] Level 1:colcon.colcon_core.package_identification:_identify(src/ROS-TCP-Connector/com.unity.robotics.visualizations/Runtime/DefaultVisualizers/Diagnostic) by extension 'ignore_ament_install'
[0.197s] Level 1:colcon.colcon_core.package_identification:_identify(src/ROS-TCP-Connector/com.unity.robotics.visualizations/Runtime/DefaultVisualizers/Diagnostic) by extensions ['colcon_pkg']
[0.197s] Level 1:colcon.colcon_core.package_identification:_identify(src/ROS-TCP-Connector/com.unity.robotics.visualizations/Runtime/DefaultVisualizers/Diagnostic) by extension 'colcon_pkg'
[0.197s] Level 1:colcon.colcon_core.package_identification:_identify(src/ROS-TCP-Connector/com.unity.robotics.visualizations/Runtime/DefaultVisualizers/Diagnostic) by extensions ['colcon_meta']
[0.197s] Level 1:colcon.colcon_core.package_identification:_identify(src/ROS-TCP-Connector/com.unity.robotics.visualizations/Runtime/DefaultVisualizers/Diagnostic) by extension 'colcon_meta'
[0.197s] Level 1:colcon.colcon_core.package_identification:_identify(src/ROS-TCP-Connector/com.unity.robotics.visualizations/Runtime/DefaultVisualizers/Diagnostic) by extensions ['ros']
[0.197s] Level 1:colcon.colcon_core.package_identification:_identify(src/ROS-TCP-Connector/com.unity.robotics.visualizations/Runtime/DefaultVisualizers/Diagnostic) by extension 'ros'
[0.197s] Level 1:colcon.colcon_core.package_identification:_identify(src/ROS-TCP-Connector/com.unity.robotics.visualizations/Runtime/DefaultVisualizers/Diagnostic) by extensions ['cmake', 'python']
[0.197s] Level 1:colcon.colcon_core.package_identification:_identify(src/ROS-TCP-Connector/com.unity.robotics.visualizations/Runtime/DefaultVisualizers/Diagnostic) by extension 'cmake'
[0.197s] Level 1:colcon.colcon_core.package_identification:_identify(src/ROS-TCP-Connector/com.unity.robotics.visualizations/Runtime/DefaultVisualizers/Diagnostic) by extension 'python'
[0.198s] Level 1:colcon.colcon_core.package_identification:_identify(src/ROS-TCP-Connector/com.unity.robotics.visualizations/Runtime/DefaultVisualizers/Diagnostic) by extensions ['python_setup_py']
[0.198s] Level 1:colcon.colcon_core.package_identification:_identify(src/ROS-TCP-Connector/com.unity.robotics.visualizations/Runtime/DefaultVisualizers/Diagnostic) by extension 'python_setup_py'
[0.198s] Level 1:colcon.colcon_core.package_identification:_identify(src/ROS-TCP-Connector/com.unity.robotics.visualizations/Runtime/DefaultVisualizers/Geometry) by extensions ['ignore', 'ignore_ament_install']
[0.198s] Level 1:colcon.colcon_core.package_identification:_identify(src/ROS-TCP-Connector/com.unity.robotics.visualizations/Runtime/DefaultVisualizers/Geometry) by extension 'ignore'
[0.198s] Level 1:colcon.colcon_core.package_identification:_identify(src/ROS-TCP-Connector/com.unity.robotics.visualizations/Runtime/DefaultVisualizers/Geometry) by extension 'ignore_ament_install'
[0.198s] Level 1:colcon.colcon_core.package_identification:_identify(src/ROS-TCP-Connector/com.unity.robotics.visualizations/Runtime/DefaultVisualizers/Geometry) by extensions ['colcon_pkg']
[0.198s] Level 1:colcon.colcon_core.package_identification:_identify(src/ROS-TCP-Connector/com.unity.robotics.visualizations/Runtime/DefaultVisualizers/Geometry) by extension 'colcon_pkg'
[0.198s] Level 1:colcon.colcon_core.package_identification:_identify(src/ROS-TCP-Connector/com.unity.robotics.visualizations/Runtime/DefaultVisualizers/Geometry) by extensions ['colcon_meta']
[0.198s] Level 1:colcon.colcon_core.package_identification:_identify(src/ROS-TCP-Connector/com.unity.robotics.visualizations/Runtime/DefaultVisualizers/Geometry) by extension 'colcon_meta'
[0.198s] Level 1:colcon.colcon_core.package_identification:_identify(src/ROS-TCP-Connector/com.unity.robotics.visualizations/Runtime/DefaultVisualizers/Geometry) by extensions ['ros']
[0.198s] Level 1:colcon.colcon_core.package_identification:_identify(src/ROS-TCP-Connector/com.unity.robotics.visualizations/Runtime/DefaultVisualizers/Geometry) by extension 'ros'
[0.198s] Level 1:colcon.colcon_core.package_identification:_identify(src/ROS-TCP-Connector/com.unity.robotics.visualizations/Runtime/DefaultVisualizers/Geometry) by extensions ['cmake', 'python']
[0.198s] Level 1:colcon.colcon_core.package_identification:_identify(src/ROS-TCP-Connector/com.unity.robotics.visualizations/Runtime/DefaultVisualizers/Geometry) by extension 'cmake'
[0.198s] Level 1:colcon.colcon_core.package_identification:_identify(src/ROS-TCP-Connector/com.unity.robotics.visualizations/Runtime/DefaultVisualizers/Geometry) by extension 'python'
[0.198s] Level 1:colcon.colcon_core.package_identification:_identify(src/ROS-TCP-Connector/com.unity.robotics.visualizations/Runtime/DefaultVisualizers/Geometry) by extensions ['python_setup_py']
[0.198s] Level 1:colcon.colcon_core.package_identification:_identify(src/ROS-TCP-Connector/com.unity.robotics.visualizations/Runtime/DefaultVisualizers/Geometry) by extension 'python_setup_py'
[0.198s] Level 1:colcon.colcon_core.package_identification:_identify(src/ROS-TCP-Connector/com.unity.robotics.visualizations/Runtime/DefaultVisualizers/Nav) by extensions ['ignore', 'ignore_ament_install']
[0.198s] Level 1:colcon.colcon_core.package_identification:_identify(src/ROS-TCP-Connector/com.unity.robotics.visualizations/Runtime/DefaultVisualizers/Nav) by extension 'ignore'
[0.198s] Level 1:colcon.colcon_core.package_identification:_identify(src/ROS-TCP-Connector/com.unity.robotics.visualizations/Runtime/DefaultVisualizers/Nav) by extension 'ignore_ament_install'
[0.198s] Level 1:colcon.colcon_core.package_identification:_identify(src/ROS-TCP-Connector/com.unity.robotics.visualizations/Runtime/DefaultVisualizers/Nav) by extensions ['colcon_pkg']
[0.198s] Level 1:colcon.colcon_core.package_identification:_identify(src/ROS-TCP-Connector/com.unity.robotics.visualizations/Runtime/DefaultVisualizers/Nav) by extension 'colcon_pkg'
[0.198s] Level 1:colcon.colcon_core.package_identification:_identify(src/ROS-TCP-Connector/com.unity.robotics.visualizations/Runtime/DefaultVisualizers/Nav) by extensions ['colcon_meta']
[0.198s] Level 1:colcon.colcon_core.package_identification:_identify(src/ROS-TCP-Connector/com.unity.robotics.visualizations/Runtime/DefaultVisualizers/Nav) by extension 'colcon_meta'
[0.198s] Level 1:colcon.colcon_core.package_identification:_identify(src/ROS-TCP-Connector/com.unity.robotics.visualizations/Runtime/DefaultVisualizers/Nav) by extensions ['ros']
[0.198s] Level 1:colcon.colcon_core.package_identification:_identify(src/ROS-TCP-Connector/com.unity.robotics.visualizations/Runtime/DefaultVisualizers/Nav) by extension 'ros'
[0.198s] Level 1:colcon.colcon_core.package_identification:_identify(src/ROS-TCP-Connector/com.unity.robotics.visualizations/Runtime/DefaultVisualizers/Nav) by extensions ['cmake', 'python']
[0.198s] Level 1:colcon.colcon_core.package_identification:_identify(src/ROS-TCP-Connector/com.unity.robotics.visualizations/Runtime/DefaultVisualizers/Nav) by extension 'cmake'
[0.198s] Level 1:colcon.colcon_core.package_identification:_identify(src/ROS-TCP-Connector/com.unity.robotics.visualizations/Runtime/DefaultVisualizers/Nav) by extension 'python'
[0.198s] Level 1:colcon.colcon_core.package_identification:_identify(src/ROS-TCP-Connector/com.unity.robotics.visualizations/Runtime/DefaultVisualizers/Nav) by extensions ['python_setup_py']
[0.198s] Level 1:colcon.colcon_core.package_identification:_identify(src/ROS-TCP-Connector/com.unity.robotics.visualizations/Runtime/DefaultVisualizers/Nav) by extension 'python_setup_py'
[0.198s] Level 1:colcon.colcon_core.package_identification:_identify(src/ROS-TCP-Connector/com.unity.robotics.visualizations/Runtime/DefaultVisualizers/Sensor) by extensions ['ignore', 'ignore_ament_install']
[0.198s] Level 1:colcon.colcon_core.package_identification:_identify(src/ROS-TCP-Connector/com.unity.robotics.visualizations/Runtime/DefaultVisualizers/Sensor) by extension 'ignore'
[0.198s] Level 1:colcon.colcon_core.package_identification:_identify(src/ROS-TCP-Connector/com.unity.robotics.visualizations/Runtime/DefaultVisualizers/Sensor) by extension 'ignore_ament_install'
[0.198s] Level 1:colcon.colcon_core.package_identification:_identify(src/ROS-TCP-Connector/com.unity.robotics.visualizations/Runtime/DefaultVisualizers/Sensor) by extensions ['colcon_pkg']
[0.198s] Level 1:colcon.colcon_core.package_identification:_identify(src/ROS-TCP-Connector/com.unity.robotics.visualizations/Runtime/DefaultVisualizers/Sensor) by extension 'colcon_pkg'
[0.198s] Level 1:colcon.colcon_core.package_identification:_identify(src/ROS-TCP-Connector/com.unity.robotics.visualizations/Runtime/DefaultVisualizers/Sensor) by extensions ['colcon_meta']
[0.198s] Level 1:colcon.colcon_core.package_identification:_identify(src/ROS-TCP-Connector/com.unity.robotics.visualizations/Runtime/DefaultVisualizers/Sensor) by extension 'colcon_meta'
[0.198s] Level 1:colcon.colcon_core.package_identification:_identify(src/ROS-TCP-Connector/com.unity.robotics.visualizations/Runtime/DefaultVisualizers/Sensor) by extensions ['ros']
[0.198s] Level 1:colcon.colcon_core.package_identification:_identify(src/ROS-TCP-Connector/com.unity.robotics.visualizations/Runtime/DefaultVisualizers/Sensor) by extension 'ros'
[0.198s] Level 1:colcon.colcon_core.package_identification:_identify(src/ROS-TCP-Connector/com.unity.robotics.visualizations/Runtime/DefaultVisualizers/Sensor) by extensions ['cmake', 'python']
[0.198s] Level 1:colcon.colcon_core.package_identification:_identify(src/ROS-TCP-Connector/com.unity.robotics.visualizations/Runtime/DefaultVisualizers/Sensor) by extension 'cmake'
[0.198s] Level 1:colcon.colcon_core.package_identification:_identify(src/ROS-TCP-Connector/com.unity.robotics.visualizations/Runtime/DefaultVisualizers/Sensor) by extension 'python'
[0.198s] Level 1:colcon.colcon_core.package_identification:_identify(src/ROS-TCP-Connector/com.unity.robotics.visualizations/Runtime/DefaultVisualizers/Sensor) by extensions ['python_setup_py']
[0.198s] Level 1:colcon.colcon_core.package_identification:_identify(src/ROS-TCP-Connector/com.unity.robotics.visualizations/Runtime/DefaultVisualizers/Sensor) by extension 'python_setup_py'
[0.198s] Level 1:colcon.colcon_core.package_identification:_identify(src/ROS-TCP-Connector/com.unity.robotics.visualizations/Runtime/DefaultVisualizers/Sensor/ScriptableObjects) by extensions ['ignore', 'ignore_ament_install']
[0.199s] Level 1:colcon.colcon_core.package_identification:_identify(src/ROS-TCP-Connector/com.unity.robotics.visualizations/Runtime/DefaultVisualizers/Sensor/ScriptableObjects) by extension 'ignore'
[0.199s] Level 1:colcon.colcon_core.package_identification:_identify(src/ROS-TCP-Connector/com.unity.robotics.visualizations/Runtime/DefaultVisualizers/Sensor/ScriptableObjects) by extension 'ignore_ament_install'
[0.199s] Level 1:colcon.colcon_core.package_identification:_identify(src/ROS-TCP-Connector/com.unity.robotics.visualizations/Runtime/DefaultVisualizers/Sensor/ScriptableObjects) by extensions ['colcon_pkg']
[0.199s] Level 1:colcon.colcon_core.package_identification:_identify(src/ROS-TCP-Connector/com.unity.robotics.visualizations/Runtime/DefaultVisualizers/Sensor/ScriptableObjects) by extension 'colcon_pkg'
[0.199s] Level 1:colcon.colcon_core.package_identification:_identify(src/ROS-TCP-Connector/com.unity.robotics.visualizations/Runtime/DefaultVisualizers/Sensor/ScriptableObjects) by extensions ['colcon_meta']
[0.199s] Level 1:colcon.colcon_core.package_identification:_identify(src/ROS-TCP-Connector/com.unity.robotics.visualizations/Runtime/DefaultVisualizers/Sensor/ScriptableObjects) by extension 'colcon_meta'
[0.199s] Level 1:colcon.colcon_core.package_identification:_identify(src/ROS-TCP-Connector/com.unity.robotics.visualizations/Runtime/DefaultVisualizers/Sensor/ScriptableObjects) by extensions ['ros']
[0.199s] Level 1:colcon.colcon_core.package_identification:_identify(src/ROS-TCP-Connector/com.unity.robotics.visualizations/Runtime/DefaultVisualizers/Sensor/ScriptableObjects) by extension 'ros'
[0.199s] Level 1:colcon.colcon_core.package_identification:_identify(src/ROS-TCP-Connector/com.unity.robotics.visualizations/Runtime/DefaultVisualizers/Sensor/ScriptableObjects) by extensions ['cmake', 'python']
[0.199s] Level 1:colcon.colcon_core.package_identification:_identify(src/ROS-TCP-Connector/com.unity.robotics.visualizations/Runtime/DefaultVisualizers/Sensor/ScriptableObjects) by extension 'cmake'
[0.199s] Level 1:colcon.colcon_core.package_identification:_identify(src/ROS-TCP-Connector/com.unity.robotics.visualizations/Runtime/DefaultVisualizers/Sensor/ScriptableObjects) by extension 'python'
[0.199s] Level 1:colcon.colcon_core.package_identification:_identify(src/ROS-TCP-Connector/com.unity.robotics.visualizations/Runtime/DefaultVisualizers/Sensor/ScriptableObjects) by extensions ['python_setup_py']
[0.199s] Level 1:colcon.colcon_core.package_identification:_identify(src/ROS-TCP-Connector/com.unity.robotics.visualizations/Runtime/DefaultVisualizers/Sensor/ScriptableObjects) by extension 'python_setup_py'
[0.199s] Level 1:colcon.colcon_core.package_identification:_identify(src/ROS-TCP-Connector/com.unity.robotics.visualizations/Runtime/DefaultVisualizers/Shape) by extensions ['ignore', 'ignore_ament_install']
[0.199s] Level 1:colcon.colcon_core.package_identification:_identify(src/ROS-TCP-Connector/com.unity.robotics.visualizations/Runtime/DefaultVisualizers/Shape) by extension 'ignore'
[0.199s] Level 1:colcon.colcon_core.package_identification:_identify(src/ROS-TCP-Connector/com.unity.robotics.visualizations/Runtime/DefaultVisualizers/Shape) by extension 'ignore_ament_install'
[0.199s] Level 1:colcon.colcon_core.package_identification:_identify(src/ROS-TCP-Connector/com.unity.robotics.visualizations/Runtime/DefaultVisualizers/Shape) by extensions ['colcon_pkg']
[0.199s] Level 1:colcon.colcon_core.package_identification:_identify(src/ROS-TCP-Connector/com.unity.robotics.visualizations/Runtime/DefaultVisualizers/Shape) by extension 'colcon_pkg'
[0.199s] Level 1:colcon.colcon_core.package_identification:_identify(src/ROS-TCP-Connector/com.unity.robotics.visualizations/Runtime/DefaultVisualizers/Shape) by extensions ['colcon_meta']
[0.199s] Level 1:colcon.colcon_core.package_identification:_identify(src/ROS-TCP-Connector/com.unity.robotics.visualizations/Runtime/DefaultVisualizers/Shape) by extension 'colcon_meta'
[0.199s] Level 1:colcon.colcon_core.package_identification:_identify(src/ROS-TCP-Connector/com.unity.robotics.visualizations/Runtime/DefaultVisualizers/Shape) by extensions ['ros']
[0.199s] Level 1:colcon.colcon_core.package_identification:_identify(src/ROS-TCP-Connector/com.unity.robotics.visualizations/Runtime/DefaultVisualizers/Shape) by extension 'ros'
[0.199s] Level 1:colcon.colcon_core.package_identification:_identify(src/ROS-TCP-Connector/com.unity.robotics.visualizations/Runtime/DefaultVisualizers/Shape) by extensions ['cmake', 'python']
[0.199s] Level 1:colcon.colcon_core.package_identification:_identify(src/ROS-TCP-Connector/com.unity.robotics.visualizations/Runtime/DefaultVisualizers/Shape) by extension 'cmake'
[0.199s] Level 1:colcon.colcon_core.package_identification:_identify(src/ROS-TCP-Connector/com.unity.robotics.visualizations/Runtime/DefaultVisualizers/Shape) by extension 'python'
[0.199s] Level 1:colcon.colcon_core.package_identification:_identify(src/ROS-TCP-Connector/com.unity.robotics.visualizations/Runtime/DefaultVisualizers/Shape) by extensions ['python_setup_py']
[0.199s] Level 1:colcon.colcon_core.package_identification:_identify(src/ROS-TCP-Connector/com.unity.robotics.visualizations/Runtime/DefaultVisualizers/Shape) by extension 'python_setup_py'
[0.199s] Level 1:colcon.colcon_core.package_identification:_identify(src/ROS-TCP-Connector/com.unity.robotics.visualizations/Runtime/DefaultVisualizers/Std) by extensions ['ignore', 'ignore_ament_install']
[0.199s] Level 1:colcon.colcon_core.package_identification:_identify(src/ROS-TCP-Connector/com.unity.robotics.visualizations/Runtime/DefaultVisualizers/Std) by extension 'ignore'
[0.199s] Level 1:colcon.colcon_core.package_identification:_identify(src/ROS-TCP-Connector/com.unity.robotics.visualizations/Runtime/DefaultVisualizers/Std) by extension 'ignore_ament_install'
[0.199s] Level 1:colcon.colcon_core.package_identification:_identify(src/ROS-TCP-Connector/com.unity.robotics.visualizations/Runtime/DefaultVisualizers/Std) by extensions ['colcon_pkg']
[0.199s] Level 1:colcon.colcon_core.package_identification:_identify(src/ROS-TCP-Connector/com.unity.robotics.visualizations/Runtime/DefaultVisualizers/Std) by extension 'colcon_pkg'
[0.199s] Level 1:colcon.colcon_core.package_identification:_identify(src/ROS-TCP-Connector/com.unity.robotics.visualizations/Runtime/DefaultVisualizers/Std) by extensions ['colcon_meta']
[0.199s] Level 1:colcon.colcon_core.package_identification:_identify(src/ROS-TCP-Connector/com.unity.robotics.visualizations/Runtime/DefaultVisualizers/Std) by extension 'colcon_meta'
[0.199s] Level 1:colcon.colcon_core.package_identification:_identify(src/ROS-TCP-Connector/com.unity.robotics.visualizations/Runtime/DefaultVisualizers/Std) by extensions ['ros']
[0.199s] Level 1:colcon.colcon_core.package_identification:_identify(src/ROS-TCP-Connector/com.unity.robotics.visualizations/Runtime/DefaultVisualizers/Std) by extension 'ros'
[0.199s] Level 1:colcon.colcon_core.package_identification:_identify(src/ROS-TCP-Connector/com.unity.robotics.visualizations/Runtime/DefaultVisualizers/Std) by extensions ['cmake', 'python']
[0.199s] Level 1:colcon.colcon_core.package_identification:_identify(src/ROS-TCP-Connector/com.unity.robotics.visualizations/Runtime/DefaultVisualizers/Std) by extension 'cmake'
[0.199s] Level 1:colcon.colcon_core.package_identification:_identify(src/ROS-TCP-Connector/com.unity.robotics.visualizations/Runtime/DefaultVisualizers/Std) by extension 'python'
[0.199s] Level 1:colcon.colcon_core.package_identification:_identify(src/ROS-TCP-Connector/com.unity.robotics.visualizations/Runtime/DefaultVisualizers/Std) by extensions ['python_setup_py']
[0.199s] Level 1:colcon.colcon_core.package_identification:_identify(src/ROS-TCP-Connector/com.unity.robotics.visualizations/Runtime/DefaultVisualizers/Std) by extension 'python_setup_py'
[0.199s] Level 1:colcon.colcon_core.package_identification:_identify(src/ROS-TCP-Connector/com.unity.robotics.visualizations/Runtime/DefaultVisualizers/Stereo) by extensions ['ignore', 'ignore_ament_install']
[0.199s] Level 1:colcon.colcon_core.package_identification:_identify(src/ROS-TCP-Connector/com.unity.robotics.visualizations/Runtime/DefaultVisualizers/Stereo) by extension 'ignore'
[0.199s] Level 1:colcon.colcon_core.package_identification:_identify(src/ROS-TCP-Connector/com.unity.robotics.visualizations/Runtime/DefaultVisualizers/Stereo) by extension 'ignore_ament_install'
[0.199s] Level 1:colcon.colcon_core.package_identification:_identify(src/ROS-TCP-Connector/com.unity.robotics.visualizations/Runtime/DefaultVisualizers/Stereo) by extensions ['colcon_pkg']
[0.199s] Level 1:colcon.colcon_core.package_identification:_identify(src/ROS-TCP-Connector/com.unity.robotics.visualizations/Runtime/DefaultVisualizers/Stereo) by extension 'colcon_pkg'
[0.199s] Level 1:colcon.colcon_core.package_identification:_identify(src/ROS-TCP-Connector/com.unity.robotics.visualizations/Runtime/DefaultVisualizers/Stereo) by extensions ['colcon_meta']
[0.199s] Level 1:colcon.colcon_core.package_identification:_identify(src/ROS-TCP-Connector/com.unity.robotics.visualizations/Runtime/DefaultVisualizers/Stereo) by extension 'colcon_meta'
[0.199s] Level 1:colcon.colcon_core.package_identification:_identify(src/ROS-TCP-Connector/com.unity.robotics.visualizations/Runtime/DefaultVisualizers/Stereo) by extensions ['ros']
[0.199s] Level 1:colcon.colcon_core.package_identification:_identify(src/ROS-TCP-Connector/com.unity.robotics.visualizations/Runtime/DefaultVisualizers/Stereo) by extension 'ros'
[0.199s] Level 1:colcon.colcon_core.package_identification:_identify(src/ROS-TCP-Connector/com.unity.robotics.visualizations/Runtime/DefaultVisualizers/Stereo) by extensions ['cmake', 'python']
[0.199s] Level 1:colcon.colcon_core.package_identification:_identify(src/ROS-TCP-Connector/com.unity.robotics.visualizations/Runtime/DefaultVisualizers/Stereo) by extension 'cmake'
[0.199s] Level 1:colcon.colcon_core.package_identification:_identify(src/ROS-TCP-Connector/com.unity.robotics.visualizations/Runtime/DefaultVisualizers/Stereo) by extension 'python'
[0.200s] Level 1:colcon.colcon_core.package_identification:_identify(src/ROS-TCP-Connector/com.unity.robotics.visualizations/Runtime/DefaultVisualizers/Stereo) by extensions ['python_setup_py']
[0.200s] Level 1:colcon.colcon_core.package_identification:_identify(src/ROS-TCP-Connector/com.unity.robotics.visualizations/Runtime/DefaultVisualizers/Stereo) by extension 'python_setup_py'
[0.200s] Level 1:colcon.colcon_core.package_identification:_identify(src/ROS-TCP-Connector/com.unity.robotics.visualizations/Runtime/DefaultVisualizers/Trajectory) by extensions ['ignore', 'ignore_ament_install']
[0.200s] Level 1:colcon.colcon_core.package_identification:_identify(src/ROS-TCP-Connector/com.unity.robotics.visualizations/Runtime/DefaultVisualizers/Trajectory) by extension 'ignore'
[0.200s] Level 1:colcon.colcon_core.package_identification:_identify(src/ROS-TCP-Connector/com.unity.robotics.visualizations/Runtime/DefaultVisualizers/Trajectory) by extension 'ignore_ament_install'
[0.200s] Level 1:colcon.colcon_core.package_identification:_identify(src/ROS-TCP-Connector/com.unity.robotics.visualizations/Runtime/DefaultVisualizers/Trajectory) by extensions ['colcon_pkg']
[0.200s] Level 1:colcon.colcon_core.package_identification:_identify(src/ROS-TCP-Connector/com.unity.robotics.visualizations/Runtime/DefaultVisualizers/Trajectory) by extension 'colcon_pkg'
[0.200s] Level 1:colcon.colcon_core.package_identification:_identify(src/ROS-TCP-Connector/com.unity.robotics.visualizations/Runtime/DefaultVisualizers/Trajectory) by extensions ['colcon_meta']
[0.200s] Level 1:colcon.colcon_core.package_identification:_identify(src/ROS-TCP-Connector/com.unity.robotics.visualizations/Runtime/DefaultVisualizers/Trajectory) by extension 'colcon_meta'
[0.200s] Level 1:colcon.colcon_core.package_identification:_identify(src/ROS-TCP-Connector/com.unity.robotics.visualizations/Runtime/DefaultVisualizers/Trajectory) by extensions ['ros']
[0.200s] Level 1:colcon.colcon_core.package_identification:_identify(src/ROS-TCP-Connector/com.unity.robotics.visualizations/Runtime/DefaultVisualizers/Trajectory) by extension 'ros'
[0.200s] Level 1:colcon.colcon_core.package_identification:_identify(src/ROS-TCP-Connector/com.unity.robotics.visualizations/Runtime/DefaultVisualizers/Trajectory) by extensions ['cmake', 'python']
[0.200s] Level 1:colcon.colcon_core.package_identification:_identify(src/ROS-TCP-Connector/com.unity.robotics.visualizations/Runtime/DefaultVisualizers/Trajectory) by extension 'cmake'
[0.200s] Level 1:colcon.colcon_core.package_identification:_identify(src/ROS-TCP-Connector/com.unity.robotics.visualizations/Runtime/DefaultVisualizers/Trajectory) by extension 'python'
[0.200s] Level 1:colcon.colcon_core.package_identification:_identify(src/ROS-TCP-Connector/com.unity.robotics.visualizations/Runtime/DefaultVisualizers/Trajectory) by extensions ['python_setup_py']
[0.200s] Level 1:colcon.colcon_core.package_identification:_identify(src/ROS-TCP-Connector/com.unity.robotics.visualizations/Runtime/DefaultVisualizers/Trajectory) by extension 'python_setup_py'
[0.200s] Level 1:colcon.colcon_core.package_identification:_identify(src/ROS-TCP-Connector/com.unity.robotics.visualizations/Runtime/DefaultVisualizers/Visualization) by extensions ['ignore', 'ignore_ament_install']
[0.200s] Level 1:colcon.colcon_core.package_identification:_identify(src/ROS-TCP-Connector/com.unity.robotics.visualizations/Runtime/DefaultVisualizers/Visualization) by extension 'ignore'
[0.200s] Level 1:colcon.colcon_core.package_identification:_identify(src/ROS-TCP-Connector/com.unity.robotics.visualizations/Runtime/DefaultVisualizers/Visualization) by extension 'ignore_ament_install'
[0.200s] Level 1:colcon.colcon_core.package_identification:_identify(src/ROS-TCP-Connector/com.unity.robotics.visualizations/Runtime/DefaultVisualizers/Visualization) by extensions ['colcon_pkg']
[0.200s] Level 1:colcon.colcon_core.package_identification:_identify(src/ROS-TCP-Connector/com.unity.robotics.visualizations/Runtime/DefaultVisualizers/Visualization) by extension 'colcon_pkg'
[0.200s] Level 1:colcon.colcon_core.package_identification:_identify(src/ROS-TCP-Connector/com.unity.robotics.visualizations/Runtime/DefaultVisualizers/Visualization) by extensions ['colcon_meta']
[0.200s] Level 1:colcon.colcon_core.package_identification:_identify(src/ROS-TCP-Connector/com.unity.robotics.visualizations/Runtime/DefaultVisualizers/Visualization) by extension 'colcon_meta'
[0.200s] Level 1:colcon.colcon_core.package_identification:_identify(src/ROS-TCP-Connector/com.unity.robotics.visualizations/Runtime/DefaultVisualizers/Visualization) by extensions ['ros']
[0.200s] Level 1:colcon.colcon_core.package_identification:_identify(src/ROS-TCP-Connector/com.unity.robotics.visualizations/Runtime/DefaultVisualizers/Visualization) by extension 'ros'
[0.200s] Level 1:colcon.colcon_core.package_identification:_identify(src/ROS-TCP-Connector/com.unity.robotics.visualizations/Runtime/DefaultVisualizers/Visualization) by extensions ['cmake', 'python']
[0.200s] Level 1:colcon.colcon_core.package_identification:_identify(src/ROS-TCP-Connector/com.unity.robotics.visualizations/Runtime/DefaultVisualizers/Visualization) by extension 'cmake'
[0.200s] Level 1:colcon.colcon_core.package_identification:_identify(src/ROS-TCP-Connector/com.unity.robotics.visualizations/Runtime/DefaultVisualizers/Visualization) by extension 'python'
[0.200s] Level 1:colcon.colcon_core.package_identification:_identify(src/ROS-TCP-Connector/com.unity.robotics.visualizations/Runtime/DefaultVisualizers/Visualization) by extensions ['python_setup_py']
[0.200s] Level 1:colcon.colcon_core.package_identification:_identify(src/ROS-TCP-Connector/com.unity.robotics.visualizations/Runtime/DefaultVisualizers/Visualization) by extension 'python_setup_py'
[0.200s] Level 1:colcon.colcon_core.package_identification:_identify(src/ROS-TCP-Connector/com.unity.robotics.visualizations/Runtime/Drawing3d) by extensions ['ignore', 'ignore_ament_install']
[0.200s] Level 1:colcon.colcon_core.package_identification:_identify(src/ROS-TCP-Connector/com.unity.robotics.visualizations/Runtime/Drawing3d) by extension 'ignore'
[0.200s] Level 1:colcon.colcon_core.package_identification:_identify(src/ROS-TCP-Connector/com.unity.robotics.visualizations/Runtime/Drawing3d) by extension 'ignore_ament_install'
[0.200s] Level 1:colcon.colcon_core.package_identification:_identify(src/ROS-TCP-Connector/com.unity.robotics.visualizations/Runtime/Drawing3d) by extensions ['colcon_pkg']
[0.200s] Level 1:colcon.colcon_core.package_identification:_identify(src/ROS-TCP-Connector/com.unity.robotics.visualizations/Runtime/Drawing3d) by extension 'colcon_pkg'
[0.200s] Level 1:colcon.colcon_core.package_identification:_identify(src/ROS-TCP-Connector/com.unity.robotics.visualizations/Runtime/Drawing3d) by extensions ['colcon_meta']
[0.200s] Level 1:colcon.colcon_core.package_identification:_identify(src/ROS-TCP-Connector/com.unity.robotics.visualizations/Runtime/Drawing3d) by extension 'colcon_meta'
[0.200s] Level 1:colcon.colcon_core.package_identification:_identify(src/ROS-TCP-Connector/com.unity.robotics.visualizations/Runtime/Drawing3d) by extensions ['ros']
[0.200s] Level 1:colcon.colcon_core.package_identification:_identify(src/ROS-TCP-Connector/com.unity.robotics.visualizations/Runtime/Drawing3d) by extension 'ros'
[0.200s] Level 1:colcon.colcon_core.package_identification:_identify(src/ROS-TCP-Connector/com.unity.robotics.visualizations/Runtime/Drawing3d) by extensions ['cmake', 'python']
[0.200s] Level 1:colcon.colcon_core.package_identification:_identify(src/ROS-TCP-Connector/com.unity.robotics.visualizations/Runtime/Drawing3d) by extension 'cmake'
[0.200s] Level 1:colcon.colcon_core.package_identification:_identify(src/ROS-TCP-Connector/com.unity.robotics.visualizations/Runtime/Drawing3d) by extension 'python'
[0.200s] Level 1:colcon.colcon_core.package_identification:_identify(src/ROS-TCP-Connector/com.unity.robotics.visualizations/Runtime/Drawing3d) by extensions ['python_setup_py']
[0.200s] Level 1:colcon.colcon_core.package_identification:_identify(src/ROS-TCP-Connector/com.unity.robotics.visualizations/Runtime/Drawing3d) by extension 'python_setup_py'
[0.200s] Level 1:colcon.colcon_core.package_identification:_identify(src/ROS-TCP-Connector/com.unity.robotics.visualizations/Runtime/Drawing3d/Materials) by extensions ['ignore', 'ignore_ament_install']
[0.200s] Level 1:colcon.colcon_core.package_identification:_identify(src/ROS-TCP-Connector/com.unity.robotics.visualizations/Runtime/Drawing3d/Materials) by extension 'ignore'
[0.200s] Level 1:colcon.colcon_core.package_identification:_identify(src/ROS-TCP-Connector/com.unity.robotics.visualizations/Runtime/Drawing3d/Materials) by extension 'ignore_ament_install'
[0.200s] Level 1:colcon.colcon_core.package_identification:_identify(src/ROS-TCP-Connector/com.unity.robotics.visualizations/Runtime/Drawing3d/Materials) by extensions ['colcon_pkg']
[0.200s] Level 1:colcon.colcon_core.package_identification:_identify(src/ROS-TCP-Connector/com.unity.robotics.visualizations/Runtime/Drawing3d/Materials) by extension 'colcon_pkg'
[0.200s] Level 1:colcon.colcon_core.package_identification:_identify(src/ROS-TCP-Connector/com.unity.robotics.visualizations/Runtime/Drawing3d/Materials) by extensions ['colcon_meta']
[0.200s] Level 1:colcon.colcon_core.package_identification:_identify(src/ROS-TCP-Connector/com.unity.robotics.visualizations/Runtime/Drawing3d/Materials) by extension 'colcon_meta'
[0.200s] Level 1:colcon.colcon_core.package_identification:_identify(src/ROS-TCP-Connector/com.unity.robotics.visualizations/Runtime/Drawing3d/Materials) by extensions ['ros']
[0.200s] Level 1:colcon.colcon_core.package_identification:_identify(src/ROS-TCP-Connector/com.unity.robotics.visualizations/Runtime/Drawing3d/Materials) by extension 'ros'
[0.200s] Level 1:colcon.colcon_core.package_identification:_identify(src/ROS-TCP-Connector/com.unity.robotics.visualizations/Runtime/Drawing3d/Materials) by extensions ['cmake', 'python']
[0.201s] Level 1:colcon.colcon_core.package_identification:_identify(src/ROS-TCP-Connector/com.unity.robotics.visualizations/Runtime/Drawing3d/Materials) by extension 'cmake'
[0.201s] Level 1:colcon.colcon_core.package_identification:_identify(src/ROS-TCP-Connector/com.unity.robotics.visualizations/Runtime/Drawing3d/Materials) by extension 'python'
[0.201s] Level 1:colcon.colcon_core.package_identification:_identify(src/ROS-TCP-Connector/com.unity.robotics.visualizations/Runtime/Drawing3d/Materials) by extensions ['python_setup_py']
[0.201s] Level 1:colcon.colcon_core.package_identification:_identify(src/ROS-TCP-Connector/com.unity.robotics.visualizations/Runtime/Drawing3d/Materials) by extension 'python_setup_py'
[0.201s] Level 1:colcon.colcon_core.package_identification:_identify(src/ROS-TCP-Connector/com.unity.robotics.visualizations/Runtime/Drawing3d/Scripts) by extensions ['ignore', 'ignore_ament_install']
[0.201s] Level 1:colcon.colcon_core.package_identification:_identify(src/ROS-TCP-Connector/com.unity.robotics.visualizations/Runtime/Drawing3d/Scripts) by extension 'ignore'
[0.201s] Level 1:colcon.colcon_core.package_identification:_identify(src/ROS-TCP-Connector/com.unity.robotics.visualizations/Runtime/Drawing3d/Scripts) by extension 'ignore_ament_install'
[0.201s] Level 1:colcon.colcon_core.package_identification:_identify(src/ROS-TCP-Connector/com.unity.robotics.visualizations/Runtime/Drawing3d/Scripts) by extensions ['colcon_pkg']
[0.201s] Level 1:colcon.colcon_core.package_identification:_identify(src/ROS-TCP-Connector/com.unity.robotics.visualizations/Runtime/Drawing3d/Scripts) by extension 'colcon_pkg'
[0.201s] Level 1:colcon.colcon_core.package_identification:_identify(src/ROS-TCP-Connector/com.unity.robotics.visualizations/Runtime/Drawing3d/Scripts) by extensions ['colcon_meta']
[0.201s] Level 1:colcon.colcon_core.package_identification:_identify(src/ROS-TCP-Connector/com.unity.robotics.visualizations/Runtime/Drawing3d/Scripts) by extension 'colcon_meta'
[0.201s] Level 1:colcon.colcon_core.package_identification:_identify(src/ROS-TCP-Connector/com.unity.robotics.visualizations/Runtime/Drawing3d/Scripts) by extensions ['ros']
[0.201s] Level 1:colcon.colcon_core.package_identification:_identify(src/ROS-TCP-Connector/com.unity.robotics.visualizations/Runtime/Drawing3d/Scripts) by extension 'ros'
[0.201s] Level 1:colcon.colcon_core.package_identification:_identify(src/ROS-TCP-Connector/com.unity.robotics.visualizations/Runtime/Drawing3d/Scripts) by extensions ['cmake', 'python']
[0.201s] Level 1:colcon.colcon_core.package_identification:_identify(src/ROS-TCP-Connector/com.unity.robotics.visualizations/Runtime/Drawing3d/Scripts) by extension 'cmake'
[0.201s] Level 1:colcon.colcon_core.package_identification:_identify(src/ROS-TCP-Connector/com.unity.robotics.visualizations/Runtime/Drawing3d/Scripts) by extension 'python'
[0.201s] Level 1:colcon.colcon_core.package_identification:_identify(src/ROS-TCP-Connector/com.unity.robotics.visualizations/Runtime/Drawing3d/Scripts) by extensions ['python_setup_py']
[0.201s] Level 1:colcon.colcon_core.package_identification:_identify(src/ROS-TCP-Connector/com.unity.robotics.visualizations/Runtime/Drawing3d/Scripts) by extension 'python_setup_py'
[0.201s] Level 1:colcon.colcon_core.package_identification:_identify(src/ROS-TCP-Connector/com.unity.robotics.visualizations/Runtime/Drawing3d/Shaders) by extensions ['ignore', 'ignore_ament_install']
[0.201s] Level 1:colcon.colcon_core.package_identification:_identify(src/ROS-TCP-Connector/com.unity.robotics.visualizations/Runtime/Drawing3d/Shaders) by extension 'ignore'
[0.201s] Level 1:colcon.colcon_core.package_identification:_identify(src/ROS-TCP-Connector/com.unity.robotics.visualizations/Runtime/Drawing3d/Shaders) by extension 'ignore_ament_install'
[0.201s] Level 1:colcon.colcon_core.package_identification:_identify(src/ROS-TCP-Connector/com.unity.robotics.visualizations/Runtime/Drawing3d/Shaders) by extensions ['colcon_pkg']
[0.201s] Level 1:colcon.colcon_core.package_identification:_identify(src/ROS-TCP-Connector/com.unity.robotics.visualizations/Runtime/Drawing3d/Shaders) by extension 'colcon_pkg'
[0.201s] Level 1:colcon.colcon_core.package_identification:_identify(src/ROS-TCP-Connector/com.unity.robotics.visualizations/Runtime/Drawing3d/Shaders) by extensions ['colcon_meta']
[0.201s] Level 1:colcon.colcon_core.package_identification:_identify(src/ROS-TCP-Connector/com.unity.robotics.visualizations/Runtime/Drawing3d/Shaders) by extension 'colcon_meta'
[0.201s] Level 1:colcon.colcon_core.package_identification:_identify(src/ROS-TCP-Connector/com.unity.robotics.visualizations/Runtime/Drawing3d/Shaders) by extensions ['ros']
[0.201s] Level 1:colcon.colcon_core.package_identification:_identify(src/ROS-TCP-Connector/com.unity.robotics.visualizations/Runtime/Drawing3d/Shaders) by extension 'ros'
[0.201s] Level 1:colcon.colcon_core.package_identification:_identify(src/ROS-TCP-Connector/com.unity.robotics.visualizations/Runtime/Drawing3d/Shaders) by extensions ['cmake', 'python']
[0.201s] Level 1:colcon.colcon_core.package_identification:_identify(src/ROS-TCP-Connector/com.unity.robotics.visualizations/Runtime/Drawing3d/Shaders) by extension 'cmake'
[0.201s] Level 1:colcon.colcon_core.package_identification:_identify(src/ROS-TCP-Connector/com.unity.robotics.visualizations/Runtime/Drawing3d/Shaders) by extension 'python'
[0.201s] Level 1:colcon.colcon_core.package_identification:_identify(src/ROS-TCP-Connector/com.unity.robotics.visualizations/Runtime/Drawing3d/Shaders) by extensions ['python_setup_py']
[0.201s] Level 1:colcon.colcon_core.package_identification:_identify(src/ROS-TCP-Connector/com.unity.robotics.visualizations/Runtime/Drawing3d/Shaders) by extension 'python_setup_py'
[0.201s] Level 1:colcon.colcon_core.package_identification:_identify(src/ROS-TCP-Connector/com.unity.robotics.visualizations/Runtime/Drawing3d/Textures) by extensions ['ignore', 'ignore_ament_install']
[0.201s] Level 1:colcon.colcon_core.package_identification:_identify(src/ROS-TCP-Connector/com.unity.robotics.visualizations/Runtime/Drawing3d/Textures) by extension 'ignore'
[0.201s] Level 1:colcon.colcon_core.package_identification:_identify(src/ROS-TCP-Connector/com.unity.robotics.visualizations/Runtime/Drawing3d/Textures) by extension 'ignore_ament_install'
[0.201s] Level 1:colcon.colcon_core.package_identification:_identify(src/ROS-TCP-Connector/com.unity.robotics.visualizations/Runtime/Drawing3d/Textures) by extensions ['colcon_pkg']
[0.201s] Level 1:colcon.colcon_core.package_identification:_identify(src/ROS-TCP-Connector/com.unity.robotics.visualizations/Runtime/Drawing3d/Textures) by extension 'colcon_pkg'
[0.201s] Level 1:colcon.colcon_core.package_identification:_identify(src/ROS-TCP-Connector/com.unity.robotics.visualizations/Runtime/Drawing3d/Textures) by extensions ['colcon_meta']
[0.201s] Level 1:colcon.colcon_core.package_identification:_identify(src/ROS-TCP-Connector/com.unity.robotics.visualizations/Runtime/Drawing3d/Textures) by extension 'colcon_meta'
[0.201s] Level 1:colcon.colcon_core.package_identification:_identify(src/ROS-TCP-Connector/com.unity.robotics.visualizations/Runtime/Drawing3d/Textures) by extensions ['ros']
[0.201s] Level 1:colcon.colcon_core.package_identification:_identify(src/ROS-TCP-Connector/com.unity.robotics.visualizations/Runtime/Drawing3d/Textures) by extension 'ros'
[0.201s] Level 1:colcon.colcon_core.package_identification:_identify(src/ROS-TCP-Connector/com.unity.robotics.visualizations/Runtime/Drawing3d/Textures) by extensions ['cmake', 'python']
[0.201s] Level 1:colcon.colcon_core.package_identification:_identify(src/ROS-TCP-Connector/com.unity.robotics.visualizations/Runtime/Drawing3d/Textures) by extension 'cmake'
[0.201s] Level 1:colcon.colcon_core.package_identification:_identify(src/ROS-TCP-Connector/com.unity.robotics.visualizations/Runtime/Drawing3d/Textures) by extension 'python'
[0.201s] Level 1:colcon.colcon_core.package_identification:_identify(src/ROS-TCP-Connector/com.unity.robotics.visualizations/Runtime/Drawing3d/Textures) by extensions ['python_setup_py']
[0.201s] Level 1:colcon.colcon_core.package_identification:_identify(src/ROS-TCP-Connector/com.unity.robotics.visualizations/Runtime/Drawing3d/Textures) by extension 'python_setup_py'
[0.201s] Level 1:colcon.colcon_core.package_identification:_identify(src/ROS-TCP-Connector/com.unity.robotics.visualizations/Runtime/ExampleVisualizers) by extensions ['ignore', 'ignore_ament_install']
[0.201s] Level 1:colcon.colcon_core.package_identification:_identify(src/ROS-TCP-Connector/com.unity.robotics.visualizations/Runtime/ExampleVisualizers) by extension 'ignore'
[0.201s] Level 1:colcon.colcon_core.package_identification:_identify(src/ROS-TCP-Connector/com.unity.robotics.visualizations/Runtime/ExampleVisualizers) by extension 'ignore_ament_install'
[0.201s] Level 1:colcon.colcon_core.package_identification:_identify(src/ROS-TCP-Connector/com.unity.robotics.visualizations/Runtime/ExampleVisualizers) by extensions ['colcon_pkg']
[0.201s] Level 1:colcon.colcon_core.package_identification:_identify(src/ROS-TCP-Connector/com.unity.robotics.visualizations/Runtime/ExampleVisualizers) by extension 'colcon_pkg'
[0.201s] Level 1:colcon.colcon_core.package_identification:_identify(src/ROS-TCP-Connector/com.unity.robotics.visualizations/Runtime/ExampleVisualizers) by extensions ['colcon_meta']
[0.201s] Level 1:colcon.colcon_core.package_identification:_identify(src/ROS-TCP-Connector/com.unity.robotics.visualizations/Runtime/ExampleVisualizers) by extension 'colcon_meta'
[0.201s] Level 1:colcon.colcon_core.package_identification:_identify(src/ROS-TCP-Connector/com.unity.robotics.visualizations/Runtime/ExampleVisualizers) by extensions ['ros']
[0.201s] Level 1:colcon.colcon_core.package_identification:_identify(src/ROS-TCP-Connector/com.unity.robotics.visualizations/Runtime/ExampleVisualizers) by extension 'ros'
[0.202s] Level 1:colcon.colcon_core.package_identification:_identify(src/ROS-TCP-Connector/com.unity.robotics.visualizations/Runtime/ExampleVisualizers) by extensions ['cmake', 'python']
[0.202s] Level 1:colcon.colcon_core.package_identification:_identify(src/ROS-TCP-Connector/com.unity.robotics.visualizations/Runtime/ExampleVisualizers) by extension 'cmake'
[0.202s] Level 1:colcon.colcon_core.package_identification:_identify(src/ROS-TCP-Connector/com.unity.robotics.visualizations/Runtime/ExampleVisualizers) by extension 'python'
[0.202s] Level 1:colcon.colcon_core.package_identification:_identify(src/ROS-TCP-Connector/com.unity.robotics.visualizations/Runtime/ExampleVisualizers) by extensions ['python_setup_py']
[0.202s] Level 1:colcon.colcon_core.package_identification:_identify(src/ROS-TCP-Connector/com.unity.robotics.visualizations/Runtime/ExampleVisualizers) by extension 'python_setup_py'
[0.202s] Level 1:colcon.colcon_core.package_identification:_identify(src/ROS-TCP-Connector/com.unity.robotics.visualizations/Runtime/Materials) by extensions ['ignore', 'ignore_ament_install']
[0.202s] Level 1:colcon.colcon_core.package_identification:_identify(src/ROS-TCP-Connector/com.unity.robotics.visualizations/Runtime/Materials) by extension 'ignore'
[0.202s] Level 1:colcon.colcon_core.package_identification:_identify(src/ROS-TCP-Connector/com.unity.robotics.visualizations/Runtime/Materials) by extension 'ignore_ament_install'
[0.202s] Level 1:colcon.colcon_core.package_identification:_identify(src/ROS-TCP-Connector/com.unity.robotics.visualizations/Runtime/Materials) by extensions ['colcon_pkg']
[0.202s] Level 1:colcon.colcon_core.package_identification:_identify(src/ROS-TCP-Connector/com.unity.robotics.visualizations/Runtime/Materials) by extension 'colcon_pkg'
[0.202s] Level 1:colcon.colcon_core.package_identification:_identify(src/ROS-TCP-Connector/com.unity.robotics.visualizations/Runtime/Materials) by extensions ['colcon_meta']
[0.202s] Level 1:colcon.colcon_core.package_identification:_identify(src/ROS-TCP-Connector/com.unity.robotics.visualizations/Runtime/Materials) by extension 'colcon_meta'
[0.202s] Level 1:colcon.colcon_core.package_identification:_identify(src/ROS-TCP-Connector/com.unity.robotics.visualizations/Runtime/Materials) by extensions ['ros']
[0.202s] Level 1:colcon.colcon_core.package_identification:_identify(src/ROS-TCP-Connector/com.unity.robotics.visualizations/Runtime/Materials) by extension 'ros'
[0.202s] Level 1:colcon.colcon_core.package_identification:_identify(src/ROS-TCP-Connector/com.unity.robotics.visualizations/Runtime/Materials) by extensions ['cmake', 'python']
[0.202s] Level 1:colcon.colcon_core.package_identification:_identify(src/ROS-TCP-Connector/com.unity.robotics.visualizations/Runtime/Materials) by extension 'cmake'
[0.202s] Level 1:colcon.colcon_core.package_identification:_identify(src/ROS-TCP-Connector/com.unity.robotics.visualizations/Runtime/Materials) by extension 'python'
[0.202s] Level 1:colcon.colcon_core.package_identification:_identify(src/ROS-TCP-Connector/com.unity.robotics.visualizations/Runtime/Materials) by extensions ['python_setup_py']
[0.202s] Level 1:colcon.colcon_core.package_identification:_identify(src/ROS-TCP-Connector/com.unity.robotics.visualizations/Runtime/Materials) by extension 'python_setup_py'
[0.202s] Level 1:colcon.colcon_core.package_identification:_identify(src/ROS-TCP-Connector/com.unity.robotics.visualizations/Runtime/Scripts) by extensions ['ignore', 'ignore_ament_install']
[0.202s] Level 1:colcon.colcon_core.package_identification:_identify(src/ROS-TCP-Connector/com.unity.robotics.visualizations/Runtime/Scripts) by extension 'ignore'
[0.202s] Level 1:colcon.colcon_core.package_identification:_identify(src/ROS-TCP-Connector/com.unity.robotics.visualizations/Runtime/Scripts) by extension 'ignore_ament_install'
[0.202s] Level 1:colcon.colcon_core.package_identification:_identify(src/ROS-TCP-Connector/com.unity.robotics.visualizations/Runtime/Scripts) by extensions ['colcon_pkg']
[0.202s] Level 1:colcon.colcon_core.package_identification:_identify(src/ROS-TCP-Connector/com.unity.robotics.visualizations/Runtime/Scripts) by extension 'colcon_pkg'
[0.202s] Level 1:colcon.colcon_core.package_identification:_identify(src/ROS-TCP-Connector/com.unity.robotics.visualizations/Runtime/Scripts) by extensions ['colcon_meta']
[0.202s] Level 1:colcon.colcon_core.package_identification:_identify(src/ROS-TCP-Connector/com.unity.robotics.visualizations/Runtime/Scripts) by extension 'colcon_meta'
[0.202s] Level 1:colcon.colcon_core.package_identification:_identify(src/ROS-TCP-Connector/com.unity.robotics.visualizations/Runtime/Scripts) by extensions ['ros']
[0.202s] Level 1:colcon.colcon_core.package_identification:_identify(src/ROS-TCP-Connector/com.unity.robotics.visualizations/Runtime/Scripts) by extension 'ros'
[0.202s] Level 1:colcon.colcon_core.package_identification:_identify(src/ROS-TCP-Connector/com.unity.robotics.visualizations/Runtime/Scripts) by extensions ['cmake', 'python']
[0.202s] Level 1:colcon.colcon_core.package_identification:_identify(src/ROS-TCP-Connector/com.unity.robotics.visualizations/Runtime/Scripts) by extension 'cmake'
[0.202s] Level 1:colcon.colcon_core.package_identification:_identify(src/ROS-TCP-Connector/com.unity.robotics.visualizations/Runtime/Scripts) by extension 'python'
[0.202s] Level 1:colcon.colcon_core.package_identification:_identify(src/ROS-TCP-Connector/com.unity.robotics.visualizations/Runtime/Scripts) by extensions ['python_setup_py']
[0.202s] Level 1:colcon.colcon_core.package_identification:_identify(src/ROS-TCP-Connector/com.unity.robotics.visualizations/Runtime/Scripts) by extension 'python_setup_py'
[0.202s] Level 1:colcon.colcon_core.package_identification:_identify(src/ROS-TCP-Connector/com.unity.robotics.visualizations/Runtime/Shaders) by extensions ['ignore', 'ignore_ament_install']
[0.202s] Level 1:colcon.colcon_core.package_identification:_identify(src/ROS-TCP-Connector/com.unity.robotics.visualizations/Runtime/Shaders) by extension 'ignore'
[0.202s] Level 1:colcon.colcon_core.package_identification:_identify(src/ROS-TCP-Connector/com.unity.robotics.visualizations/Runtime/Shaders) by extension 'ignore_ament_install'
[0.202s] Level 1:colcon.colcon_core.package_identification:_identify(src/ROS-TCP-Connector/com.unity.robotics.visualizations/Runtime/Shaders) by extensions ['colcon_pkg']
[0.202s] Level 1:colcon.colcon_core.package_identification:_identify(src/ROS-TCP-Connector/com.unity.robotics.visualizations/Runtime/Shaders) by extension 'colcon_pkg'
[0.202s] Level 1:colcon.colcon_core.package_identification:_identify(src/ROS-TCP-Connector/com.unity.robotics.visualizations/Runtime/Shaders) by extensions ['colcon_meta']
[0.202s] Level 1:colcon.colcon_core.package_identification:_identify(src/ROS-TCP-Connector/com.unity.robotics.visualizations/Runtime/Shaders) by extension 'colcon_meta'
[0.202s] Level 1:colcon.colcon_core.package_identification:_identify(src/ROS-TCP-Connector/com.unity.robotics.visualizations/Runtime/Shaders) by extensions ['ros']
[0.202s] Level 1:colcon.colcon_core.package_identification:_identify(src/ROS-TCP-Connector/com.unity.robotics.visualizations/Runtime/Shaders) by extension 'ros'
[0.202s] Level 1:colcon.colcon_core.package_identification:_identify(src/ROS-TCP-Connector/com.unity.robotics.visualizations/Runtime/Shaders) by extensions ['cmake', 'python']
[0.202s] Level 1:colcon.colcon_core.package_identification:_identify(src/ROS-TCP-Connector/com.unity.robotics.visualizations/Runtime/Shaders) by extension 'cmake'
[0.202s] Level 1:colcon.colcon_core.package_identification:_identify(src/ROS-TCP-Connector/com.unity.robotics.visualizations/Runtime/Shaders) by extension 'python'
[0.202s] Level 1:colcon.colcon_core.package_identification:_identify(src/ROS-TCP-Connector/com.unity.robotics.visualizations/Runtime/Shaders) by extensions ['python_setup_py']
[0.202s] Level 1:colcon.colcon_core.package_identification:_identify(src/ROS-TCP-Connector/com.unity.robotics.visualizations/Runtime/Shaders) by extension 'python_setup_py'
[0.202s] Level 1:colcon.colcon_core.package_identification:_identify(src/ROS-TCP-Connector/com.unity.robotics.visualizations/images~) by extensions ['ignore', 'ignore_ament_install']
[0.202s] Level 1:colcon.colcon_core.package_identification:_identify(src/ROS-TCP-Connector/com.unity.robotics.visualizations/images~) by extension 'ignore'
[0.202s] Level 1:colcon.colcon_core.package_identification:_identify(src/ROS-TCP-Connector/com.unity.robotics.visualizations/images~) by extension 'ignore_ament_install'
[0.202s] Level 1:colcon.colcon_core.package_identification:_identify(src/ROS-TCP-Connector/com.unity.robotics.visualizations/images~) by extensions ['colcon_pkg']
[0.202s] Level 1:colcon.colcon_core.package_identification:_identify(src/ROS-TCP-Connector/com.unity.robotics.visualizations/images~) by extension 'colcon_pkg'
[0.202s] Level 1:colcon.colcon_core.package_identification:_identify(src/ROS-TCP-Connector/com.unity.robotics.visualizations/images~) by extensions ['colcon_meta']
[0.202s] Level 1:colcon.colcon_core.package_identification:_identify(src/ROS-TCP-Connector/com.unity.robotics.visualizations/images~) by extension 'colcon_meta'
[0.203s] Level 1:colcon.colcon_core.package_identification:_identify(src/ROS-TCP-Connector/com.unity.robotics.visualizations/images~) by extensions ['ros']
[0.203s] Level 1:colcon.colcon_core.package_identification:_identify(src/ROS-TCP-Connector/com.unity.robotics.visualizations/images~) by extension 'ros'
[0.203s] Level 1:colcon.colcon_core.package_identification:_identify(src/ROS-TCP-Connector/com.unity.robotics.visualizations/images~) by extensions ['cmake', 'python']
[0.203s] Level 1:colcon.colcon_core.package_identification:_identify(src/ROS-TCP-Connector/com.unity.robotics.visualizations/images~) by extension 'cmake'
[0.203s] Level 1:colcon.colcon_core.package_identification:_identify(src/ROS-TCP-Connector/com.unity.robotics.visualizations/images~) by extension 'python'
[0.203s] Level 1:colcon.colcon_core.package_identification:_identify(src/ROS-TCP-Connector/com.unity.robotics.visualizations/images~) by extensions ['python_setup_py']
[0.203s] Level 1:colcon.colcon_core.package_identification:_identify(src/ROS-TCP-Connector/com.unity.robotics.visualizations/images~) by extension 'python_setup_py'
[0.203s] Level 1:colcon.colcon_core.package_identification:_identify(src/ROS-TCP-Connector/images~) by extensions ['ignore', 'ignore_ament_install']
[0.203s] Level 1:colcon.colcon_core.package_identification:_identify(src/ROS-TCP-Connector/images~) by extension 'ignore'
[0.203s] Level 1:colcon.colcon_core.package_identification:_identify(src/ROS-TCP-Connector/images~) by extension 'ignore_ament_install'
[0.203s] Level 1:colcon.colcon_core.package_identification:_identify(src/ROS-TCP-Connector/images~) by extensions ['colcon_pkg']
[0.203s] Level 1:colcon.colcon_core.package_identification:_identify(src/ROS-TCP-Connector/images~) by extension 'colcon_pkg'
[0.203s] Level 1:colcon.colcon_core.package_identification:_identify(src/ROS-TCP-Connector/images~) by extensions ['colcon_meta']
[0.203s] Level 1:colcon.colcon_core.package_identification:_identify(src/ROS-TCP-Connector/images~) by extension 'colcon_meta'
[0.203s] Level 1:colcon.colcon_core.package_identification:_identify(src/ROS-TCP-Connector/images~) by extensions ['ros']
[0.203s] Level 1:colcon.colcon_core.package_identification:_identify(src/ROS-TCP-Connector/images~) by extension 'ros'
[0.203s] Level 1:colcon.colcon_core.package_identification:_identify(src/ROS-TCP-Connector/images~) by extensions ['cmake', 'python']
[0.203s] Level 1:colcon.colcon_core.package_identification:_identify(src/ROS-TCP-Connector/images~) by extension 'cmake'
[0.203s] Level 1:colcon.colcon_core.package_identification:_identify(src/ROS-TCP-Connector/images~) by extension 'python'
[0.203s] Level 1:colcon.colcon_core.package_identification:_identify(src/ROS-TCP-Connector/images~) by extensions ['python_setup_py']
[0.203s] Level 1:colcon.colcon_core.package_identification:_identify(src/ROS-TCP-Connector/images~) by extension 'python_setup_py'
[0.203s] Level 1:colcon.colcon_core.package_identification:_identify(src/ROS-TCP-Endpoint) by extensions ['ignore', 'ignore_ament_install']
[0.203s] Level 1:colcon.colcon_core.package_identification:_identify(src/ROS-TCP-Endpoint) by extension 'ignore'
[0.203s] Level 1:colcon.colcon_core.package_identification:_identify(src/ROS-TCP-Endpoint) by extension 'ignore_ament_install'
[0.203s] Level 1:colcon.colcon_core.package_identification:_identify(src/ROS-TCP-Endpoint) by extensions ['colcon_pkg']
[0.203s] Level 1:colcon.colcon_core.package_identification:_identify(src/ROS-TCP-Endpoint) by extension 'colcon_pkg'
[0.203s] Level 1:colcon.colcon_core.package_identification:_identify(src/ROS-TCP-Endpoint) by extensions ['colcon_meta']
[0.203s] Level 1:colcon.colcon_core.package_identification:_identify(src/ROS-TCP-Endpoint) by extension 'colcon_meta'
[0.203s] Level 1:colcon.colcon_core.package_identification:_identify(src/ROS-TCP-Endpoint) by extensions ['ros']
[0.203s] Level 1:colcon.colcon_core.package_identification:_identify(src/ROS-TCP-Endpoint) by extension 'ros'
[0.204s] DEBUG:colcon.colcon_core.package_identification:Package 'src/ROS-TCP-Endpoint' with type 'ros.catkin' and name 'ros_tcp_endpoint'
[0.204s] Level 1:colcon.colcon_core.package_identification:_identify(src/inmoov_description) by extensions ['ignore', 'ignore_ament_install']
[0.205s] Level 1:colcon.colcon_core.package_identification:_identify(src/inmoov_description) by extension 'ignore'
[0.205s] Level 1:colcon.colcon_core.package_identification:_identify(src/inmoov_description) by extension 'ignore_ament_install'
[0.205s] Level 1:colcon.colcon_core.package_identification:_identify(src/inmoov_description) by extensions ['colcon_pkg']
[0.205s] Level 1:colcon.colcon_core.package_identification:_identify(src/inmoov_description) by extension 'colcon_pkg'
[0.205s] Level 1:colcon.colcon_core.package_identification:_identify(src/inmoov_description) by extensions ['colcon_meta']
[0.205s] Level 1:colcon.colcon_core.package_identification:_identify(src/inmoov_description) by extension 'colcon_meta'
[0.205s] Level 1:colcon.colcon_core.package_identification:_identify(src/inmoov_description) by extensions ['ros']
[0.205s] Level 1:colcon.colcon_core.package_identification:_identify(src/inmoov_description) by extension 'ros'
[0.205s] DEBUG:colcon.colcon_core.package_identification:Package 'src/inmoov_description' with type 'ros.catkin' and name 'inmoov_description'
[0.205s] Level 1:colcon.colcon_core.package_discovery:discover_packages(recursive) using defaults
[0.205s] Level 1:colcon.colcon_core.package_discovery:discover_packages(ignore) discover
[0.205s] Level 1:colcon.colcon_core.package_discovery:discover_packages(ignore) using defaults
[0.205s] Level 1:colcon.colcon_core.package_discovery:discover_packages(path) discover
[0.205s] Level 1:colcon.colcon_core.package_discovery:discover_packages(path) using defaults
[0.225s] Level 1:colcon.colcon_core.package_discovery:discover_packages(prefix_path) check parameters
[0.225s] Level 1:colcon.colcon_core.package_discovery:discover_packages(prefix_path) discover
[0.228s] DEBUG:colcon.colcon_installed_package_information.package_discovery:Found 6 installed packages in /home/guyi/inmoov_ros2/install
[0.229s] DEBUG:colcon.colcon_installed_package_information.package_discovery:Found 360 installed packages in /opt/ros/humble
[0.230s] Level 1:colcon.colcon_core.package_discovery:discover_packages(prefix_path) using defaults
[0.256s] WARNING:colcon.colcon_core.package_selection:Some selected packages are already built in one or more underlay workspaces:
	'inmoov_description' is in: /home/guyi/inmoov_ros2/install/inmoov_description
If a package in a merged underlay workspace is overridden and it installs headers, then all packages in the overlay must sort their include directories by workspace order. Failure to do so may result in build failures or undefined behavior at run time.
If the overridden package is used by another package in any underlay, then the overriding package in the overlay must be API and ABI compatible or undefined behavior at run time may occur.

If you understand the risks and want to override a package anyways, add the following to the command line:
	--allow-overriding inmoov_description

This may be promoted to an error in a future release of colcon-override-check.
[0.257s] Level 5:colcon.colcon_core.verb:set package 'inmoov_description' build argument 'cmake_args' from command line to 'None'
[0.257s] Level 5:colcon.colcon_core.verb:set package 'inmoov_description' build argument 'cmake_target' from command line to 'None'
[0.257s] Level 5:colcon.colcon_core.verb:set package 'inmoov_description' build argument 'cmake_target_skip_unavailable' from command line to 'False'
[0.257s] Level 5:colcon.colcon_core.verb:set package 'inmoov_description' build argument 'cmake_clean_cache' from command line to 'False'
[0.257s] Level 5:colcon.colcon_core.verb:set package 'inmoov_description' build argument 'cmake_clean_first' from command line to 'False'
[0.257s] Level 5:colcon.colcon_core.verb:set package 'inmoov_description' build argument 'cmake_force_configure' from command line to 'False'
[0.257s] Level 5:colcon.colcon_core.verb:set package 'inmoov_description' build argument 'ament_cmake_args' from command line to 'None'
[0.257s] Level 5:colcon.colcon_core.verb:set package 'inmoov_description' build argument 'catkin_cmake_args' from command line to 'None'
[0.257s] Level 5:colcon.colcon_core.verb:set package 'inmoov_description' build argument 'catkin_skip_building_tests' from command line to 'False'
[0.257s] DEBUG:colcon.colcon_core.verb:Building package 'inmoov_description' with the following arguments: {'ament_cmake_args': None, 'build_base': '/home/guyi/ros2_ws/build/inmoov_description', 'catkin_cmake_args': None, 'catkin_skip_building_tests': False, 'cmake_args': None, 'cmake_clean_cache': False, 'cmake_clean_first': False, 'cmake_force_configure': False, 'cmake_target': None, 'cmake_target_skip_unavailable': False, 'install_base': '/home/guyi/ros2_ws/install/inmoov_description', 'merge_install': False, 'path': '/home/guyi/ros2_ws/src/inmoov_description', 'symlink_install': False, 'test_result_base': None}
[0.257s] Level 5:colcon.colcon_core.verb:set package 'ros_tcp_endpoint' build argument 'cmake_args' from command line to 'None'
[0.257s] Level 5:colcon.colcon_core.verb:set package 'ros_tcp_endpoint' build argument 'cmake_target' from command line to 'None'
[0.257s] Level 5:colcon.colcon_core.verb:set package 'ros_tcp_endpoint' build argument 'cmake_target_skip_unavailable' from command line to 'False'
[0.257s] Level 5:colcon.colcon_core.verb:set package 'ros_tcp_endpoint' build argument 'cmake_clean_cache' from command line to 'False'
[0.257s] Level 5:colcon.colcon_core.verb:set package 'ros_tcp_endpoint' build argument 'cmake_clean_first' from command line to 'False'
[0.257s] Level 5:colcon.colcon_core.verb:set package 'ros_tcp_endpoint' build argument 'cmake_force_configure' from command line to 'False'
[0.257s] Level 5:colcon.colcon_core.verb:set package 'ros_tcp_endpoint' build argument 'ament_cmake_args' from command line to 'None'
[0.257s] Level 5:colcon.colcon_core.verb:set package 'ros_tcp_endpoint' build argument 'catkin_cmake_args' from command line to 'None'
[0.257s] Level 5:colcon.colcon_core.verb:set package 'ros_tcp_endpoint' build argument 'catkin_skip_building_tests' from command line to 'False'
[0.257s] DEBUG:colcon.colcon_core.verb:Building package 'ros_tcp_endpoint' with the following arguments: {'ament_cmake_args': None, 'build_base': '/home/guyi/ros2_ws/build/ros_tcp_endpoint', 'catkin_cmake_args': None, 'catkin_skip_building_tests': False, 'cmake_args': None, 'cmake_clean_cache': False, 'cmake_clean_first': False, 'cmake_force_configure': False, 'cmake_target': None, 'cmake_target_skip_unavailable': False, 'install_base': '/home/guyi/ros2_ws/install/ros_tcp_endpoint', 'merge_install': False, 'path': '/home/guyi/ros2_ws/src/ROS-TCP-Endpoint', 'symlink_install': False, 'test_result_base': None}
[0.257s] INFO:colcon.colcon_core.executor:Executing jobs using 'parallel' executor
[0.258s] DEBUG:colcon.colcon_parallel_executor.executor.parallel:run_until_complete
[0.258s] INFO:colcon.colcon_ros.task.catkin.build:Building ROS package in '/home/guyi/ros2_ws/src/inmoov_description' with build type 'catkin'
[0.258s] INFO:colcon.colcon_cmake.task.cmake.build:Building CMake package in '/home/guyi/ros2_ws/src/inmoov_description'
[0.260s] INFO:colcon.colcon_core.plugin_system:Skipping extension 'colcon_core.shell.bat': Not used on non-Windows systems
[0.260s] INFO:colcon.colcon_core.shell:Skip shell extension 'powershell' for command environment: Not usable outside of PowerShell
[0.260s] DEBUG:colcon.colcon_core.shell:Skip shell extension 'dsv' for command environment
[0.263s] INFO:colcon.colcon_ros.task.catkin.build:Building ROS package in '/home/guyi/ros2_ws/src/ROS-TCP-Endpoint' with build type 'catkin'
[0.263s] INFO:colcon.colcon_cmake.task.cmake.build:Building CMake package in '/home/guyi/ros2_ws/src/ROS-TCP-Endpoint'
[0.264s] INFO:colcon.colcon_core.shell:Skip shell extension 'powershell' for command environment: Not usable outside of PowerShell
[0.264s] DEBUG:colcon.colcon_core.shell:Skip shell extension 'dsv' for command environment
[0.269s] DEBUG:colcon.colcon_core.event_handler.log_command:Invoking command in '/home/guyi/ros2_ws/build/inmoov_description': CONDA_PROMPT_MODIFIER=(base) /usr/local/bin/cmake /home/guyi/ros2_ws/src/inmoov_description -DCATKIN_INSTALL_INTO_PREFIX_ROOT=0 -DCMAKE_INSTALL_PREFIX=/home/guyi/ros2_ws/install/inmoov_description
[0.272s] DEBUG:colcon.colcon_core.event_handler.log_command:Invoking command in '/home/guyi/ros2_ws/build/ros_tcp_endpoint': CONDA_PROMPT_MODIFIER=(base) /usr/local/bin/cmake /home/guyi/ros2_ws/src/ROS-TCP-Endpoint -DCATKIN_INSTALL_INTO_PREFIX_ROOT=0 -DCMAKE_INSTALL_PREFIX=/home/guyi/ros2_ws/install/ros_tcp_endpoint
[0.513s] DEBUG:colcon.colcon_core.event_handler.log_command:Invoked command in '/home/guyi/ros2_ws/build/ros_tcp_endpoint' returned '1': CONDA_PROMPT_MODIFIER=(base) /usr/local/bin/cmake /home/guyi/ros2_ws/src/ROS-TCP-Endpoint -DCATKIN_INSTALL_INTO_PREFIX_ROOT=0 -DCMAKE_INSTALL_PREFIX=/home/guyi/ros2_ws/install/ros_tcp_endpoint
[0.517s] Level 1:colcon.colcon_core.environment:create_environment_scripts_only(ros_tcp_endpoint)
[0.520s] Level 1:colcon.colcon_core.environment:checking '/home/guyi/ros2_ws/install/ros_tcp_endpoint' for CMake module files
[0.520s] Level 1:colcon.colcon_core.environment:checking '/home/guyi/ros2_ws/install/ros_tcp_endpoint' for CMake config files
[0.520s] Level 1:colcon.colcon_core.environment:checking '/home/guyi/ros2_ws/install/ros_tcp_endpoint/bin'
[0.520s] Level 1:colcon.colcon_core.environment:checking '/home/guyi/ros2_ws/install/ros_tcp_endpoint/lib/pkgconfig/ros_tcp_endpoint.pc'
[0.520s] Level 1:colcon.colcon_core.environment:checking '/home/guyi/ros2_ws/install/ros_tcp_endpoint/lib/python3.10/site-packages'
[0.520s] Level 1:colcon.colcon_core.environment:checking '/home/guyi/ros2_ws/install/ros_tcp_endpoint/bin'
[0.520s] INFO:colcon.colcon_core.shell:Creating package script '/home/guyi/ros2_ws/install/ros_tcp_endpoint/share/ros_tcp_endpoint/package.ps1'
[0.521s] INFO:colcon.colcon_core.shell:Creating package descriptor '/home/guyi/ros2_ws/install/ros_tcp_endpoint/share/ros_tcp_endpoint/package.dsv'
[0.521s] INFO:colcon.colcon_core.shell:Creating package script '/home/guyi/ros2_ws/install/ros_tcp_endpoint/share/ros_tcp_endpoint/package.sh'
[0.522s] INFO:colcon.colcon_core.shell:Creating package script '/home/guyi/ros2_ws/install/ros_tcp_endpoint/share/ros_tcp_endpoint/package.bash'
[0.522s] INFO:colcon.colcon_core.shell:Creating package script '/home/guyi/ros2_ws/install/ros_tcp_endpoint/share/ros_tcp_endpoint/package.zsh'
[0.522s] Level 1:colcon.colcon_core.environment:create_file_with_runtime_dependencies(/home/guyi/ros2_ws/install/ros_tcp_endpoint/share/colcon-core/packages/ros_tcp_endpoint)
[1.073s] DEBUG:colcon.colcon_parallel_executor.executor.parallel:closing loop
[1.073s] DEBUG:colcon.colcon_parallel_executor.executor.parallel:loop closed
[1.073s] DEBUG:colcon.colcon_parallel_executor.executor.parallel:run_until_complete finished with '1'
[1.073s] DEBUG:colcon.colcon_core.event_reactor:joining thread
[1.077s] INFO:colcon.colcon_core.plugin_system:Skipping extension 'colcon_notification.desktop_notification.terminal_notifier': Not used on non-Darwin systems
[1.077s] INFO:colcon.colcon_core.plugin_system:Skipping extension 'colcon_notification.desktop_notification.win32': Not used on non-Windows systems
[1.077s] INFO:colcon.colcon_notification.desktop_notification:Sending desktop notification using 'notify2'
[1.087s] DEBUG:colcon.colcon_core.event_reactor:joined thread
[1.087s] INFO:colcon.colcon_core.shell:Creating prefix script '/home/guyi/ros2_ws/install/local_setup.ps1'
[1.088s] INFO:colcon.colcon_core.shell:Creating prefix util module '/home/guyi/ros2_ws/install/_local_setup_util_ps1.py'
[1.089s] INFO:colcon.colcon_core.shell:Creating prefix chain script '/home/guyi/ros2_ws/install/setup.ps1'
[1.090s] INFO:colcon.colcon_core.shell:Creating prefix script '/home/guyi/ros2_ws/install/local_setup.sh'
[1.090s] INFO:colcon.colcon_core.shell:Creating prefix util module '/home/guyi/ros2_ws/install/_local_setup_util_sh.py'
[1.090s] INFO:colcon.colcon_core.shell:Creating prefix chain script '/home/guyi/ros2_ws/install/setup.sh'
[1.091s] INFO:colcon.colcon_core.shell:Creating prefix script '/home/guyi/ros2_ws/install/local_setup.bash'
[1.091s] INFO:colcon.colcon_core.shell:Creating prefix chain script '/home/guyi/ros2_ws/install/setup.bash'
[1.092s] INFO:colcon.colcon_core.shell:Creating prefix script '/home/guyi/ros2_ws/install/local_setup.zsh'
[1.092s] INFO:colcon.colcon_core.shell:Creating prefix chain script '/home/guyi/ros2_ws/install/setup.zsh'
