[0.053s] DEBUG:colcon:Command line arguments: ['/usr/bin/colcon', 'build']
[0.053s] DEBUG:colcon:Parsed command line arguments: Namespace(log_base=None, log_level=None, verb_name='build', build_base='build', install_base='install', merge_install=False, symlink_install=False, test_result_base=None, continue_on_error=False, executor='parallel', parallel_workers=16, event_handlers=None, ignore_user_meta=False, metas=['./colcon.meta'], base_paths=['.'], packages_ignore=None, packages_ignore_regex=None, paths=None, packages_up_to=None, packages_up_to_regex=None, packages_above=None, packages_above_and_dependencies=None, packages_above_depth=None, packages_select_by_dep=None, packages_skip_by_dep=None, packages_skip_up_to=None, packages_select_build_failed=False, packages_skip_build_finished=False, packages_select_test_failures=False, packages_skip_test_passed=False, packages_select=None, packages_skip=None, packages_select_regex=None, packages_skip_regex=None, packages_start=None, packages_end=None, allow_overriding=[], cmake_args=None, cmake_target=None, cmake_target_skip_unavailable=False, cmake_clean_cache=False, cmake_clean_first=False, cmake_force_configure=False, ament_cmake_args=None, catkin_cmake_args=None, catkin_skip_building_tests=False, verb_parser=<colcon_defaults.argument_parser.defaults.DefaultArgumentsDecorator object at 0x71abed266200>, verb_extension=<colcon_core.verb.build.BuildVerb object at 0x71abed265cf0>, main=<bound method BuildVerb.main of <colcon_core.verb.build.BuildVerb object at 0x71abed265cf0>>)
[0.137s] Level 1:colcon.colcon_core.package_discovery:discover_packages(colcon_meta) check parameters
[0.137s] Level 1:colcon.colcon_core.package_discovery:discover_packages(recursive) check parameters
[0.137s] Level 1:colcon.colcon_core.package_discovery:discover_packages(ignore) check parameters
[0.137s] Level 1:colcon.colcon_core.package_discovery:discover_packages(path) check parameters
[0.137s] Level 1:colcon.colcon_core.package_discovery:discover_packages(colcon_meta) discover
[0.137s] Level 1:colcon.colcon_core.package_discovery:discover_packages(recursive) discover
[0.137s] INFO:colcon.colcon_core.package_discovery:Crawling recursively for packages in '/home/guyi/github/Modified_InMoov/Unity-ros-connection/ros2 nodes'
[0.137s] Level 1:colcon.colcon_core.package_identification:_identify(.) by extensions ['ignore', 'ignore_ament_install']
[0.138s] Level 1:colcon.colcon_core.package_identification:_identify(.) by extension 'ignore'
[0.138s] Level 1:colcon.colcon_core.package_identification:_identify(.) by extension 'ignore_ament_install'
[0.138s] Level 1:colcon.colcon_core.package_identification:_identify(.) by extensions ['colcon_pkg']
[0.138s] Level 1:colcon.colcon_core.package_identification:_identify(.) by extension 'colcon_pkg'
[0.138s] Level 1:colcon.colcon_core.package_identification:_identify(.) by extensions ['colcon_meta']
[0.138s] Level 1:colcon.colcon_core.package_identification:_identify(.) by extension 'colcon_meta'
[0.138s] Level 1:colcon.colcon_core.package_identification:_identify(.) by extensions ['ros']
[0.138s] Level 1:colcon.colcon_core.package_identification:_identify(.) by extension 'ros'
[0.143s] Level 1:colcon.colcon_core.package_identification:_identify(.) by extensions ['cmake', 'python']
[0.143s] Level 1:colcon.colcon_core.package_identification:_identify(.) by extension 'cmake'
[0.144s] Level 1:colcon.colcon_core.package_identification:_identify(.) by extension 'python'
[0.144s] Level 1:colcon.colcon_core.package_identification:_identify(.) by extensions ['python_setup_py']
[0.144s] Level 1:colcon.colcon_core.package_identification:_identify(.) by extension 'python_setup_py'
[0.144s] Level 1:colcon.colcon_core.package_identification:_identify(build) by extensions ['ignore', 'ignore_ament_install']
[0.144s] Level 1:colcon.colcon_core.package_identification:_identify(build) by extension 'ignore'
[0.144s] Level 1:colcon.colcon_core.package_identification:_identify(build) ignored
[0.144s] Level 1:colcon.colcon_core.package_identification:_identify(install) by extensions ['ignore', 'ignore_ament_install']
[0.144s] Level 1:colcon.colcon_core.package_identification:_identify(install) by extension 'ignore'
[0.144s] Level 1:colcon.colcon_core.package_identification:_identify(install) ignored
[0.144s] Level 1:colcon.colcon_core.package_identification:_identify(log) by extensions ['ignore', 'ignore_ament_install']
[0.144s] Level 1:colcon.colcon_core.package_identification:_identify(log) by extension 'ignore'
[0.144s] Level 1:colcon.colcon_core.package_identification:_identify(log) ignored
[0.144s] Level 1:colcon.colcon_core.package_identification:_identify(ros-bridge) by extensions ['ignore', 'ignore_ament_install']
[0.144s] Level 1:colcon.colcon_core.package_identification:_identify(ros-bridge) by extension 'ignore'
[0.144s] Level 1:colcon.colcon_core.package_identification:_identify(ros-bridge) by extension 'ignore_ament_install'
[0.144s] Level 1:colcon.colcon_core.package_identification:_identify(ros-bridge) by extensions ['colcon_pkg']
[0.144s] Level 1:colcon.colcon_core.package_identification:_identify(ros-bridge) by extension 'colcon_pkg'
[0.144s] Level 1:colcon.colcon_core.package_identification:_identify(ros-bridge) by extensions ['colcon_meta']
[0.144s] Level 1:colcon.colcon_core.package_identification:_identify(ros-bridge) by extension 'colcon_meta'
[0.144s] Level 1:colcon.colcon_core.package_identification:_identify(ros-bridge) by extensions ['ros']
[0.144s] Level 1:colcon.colcon_core.package_identification:_identify(ros-bridge) by extension 'ros'
[0.144s] Level 1:colcon.colcon_core.package_identification:_identify(ros-bridge) by extensions ['cmake', 'python']
[0.144s] Level 1:colcon.colcon_core.package_identification:_identify(ros-bridge) by extension 'cmake'
[0.144s] Level 1:colcon.colcon_core.package_identification:_identify(ros-bridge) by extension 'python'
[0.144s] Level 1:colcon.colcon_core.package_identification:_identify(ros-bridge) by extensions ['python_setup_py']
[0.144s] Level 1:colcon.colcon_core.package_identification:_identify(ros-bridge) by extension 'python_setup_py'
[0.144s] Level 1:colcon.colcon_core.package_identification:_identify(ros-bridge/build) by extensions ['ignore', 'ignore_ament_install']
[0.144s] Level 1:colcon.colcon_core.package_identification:_identify(ros-bridge/build) by extension 'ignore'
[0.144s] Level 1:colcon.colcon_core.package_identification:_identify(ros-bridge/build) ignored
[0.144s] Level 1:colcon.colcon_core.package_identification:_identify(ros-bridge/install) by extensions ['ignore', 'ignore_ament_install']
[0.144s] Level 1:colcon.colcon_core.package_identification:_identify(ros-bridge/install) by extension 'ignore'
[0.144s] Level 1:colcon.colcon_core.package_identification:_identify(ros-bridge/install) ignored
[0.144s] Level 1:colcon.colcon_core.package_identification:_identify(ros-bridge/log) by extensions ['ignore', 'ignore_ament_install']
[0.144s] Level 1:colcon.colcon_core.package_identification:_identify(ros-bridge/log) by extension 'ignore'
[0.144s] Level 1:colcon.colcon_core.package_identification:_identify(ros-bridge/log) ignored
[0.144s] Level 1:colcon.colcon_core.package_identification:_identify(ros-bridge/src) by extensions ['ignore', 'ignore_ament_install']
[0.145s] Level 1:colcon.colcon_core.package_identification:_identify(ros-bridge/src) by extension 'ignore'
[0.145s] Level 1:colcon.colcon_core.package_identification:_identify(ros-bridge/src) by extension 'ignore_ament_install'
[0.145s] Level 1:colcon.colcon_core.package_identification:_identify(ros-bridge/src) by extensions ['colcon_pkg']
[0.145s] Level 1:colcon.colcon_core.package_identification:_identify(ros-bridge/src) by extension 'colcon_pkg'
[0.145s] Level 1:colcon.colcon_core.package_identification:_identify(ros-bridge/src) by extensions ['colcon_meta']
[0.145s] Level 1:colcon.colcon_core.package_identification:_identify(ros-bridge/src) by extension 'colcon_meta'
[0.145s] Level 1:colcon.colcon_core.package_identification:_identify(ros-bridge/src) by extensions ['ros']
[0.145s] Level 1:colcon.colcon_core.package_identification:_identify(ros-bridge/src) by extension 'ros'
[0.145s] Level 1:colcon.colcon_core.package_identification:_identify(ros-bridge/src) by extensions ['cmake', 'python']
[0.145s] Level 1:colcon.colcon_core.package_identification:_identify(ros-bridge/src) by extension 'cmake'
[0.145s] Level 1:colcon.colcon_core.package_identification:_identify(ros-bridge/src) by extension 'python'
[0.145s] Level 1:colcon.colcon_core.package_identification:_identify(ros-bridge/src) by extensions ['python_setup_py']
[0.145s] Level 1:colcon.colcon_core.package_identification:_identify(ros-bridge/src) by extension 'python_setup_py'
[0.145s] Level 1:colcon.colcon_core.package_identification:_identify(ros-bridge/src/ROS-TCP-Connector) by extensions ['ignore', 'ignore_ament_install']
[0.145s] Level 1:colcon.colcon_core.package_identification:_identify(ros-bridge/src/ROS-TCP-Connector) by extension 'ignore'
[0.145s] Level 1:colcon.colcon_core.package_identification:_identify(ros-bridge/src/ROS-TCP-Connector) by extension 'ignore_ament_install'
[0.145s] Level 1:colcon.colcon_core.package_identification:_identify(ros-bridge/src/ROS-TCP-Connector) by extensions ['colcon_pkg']
[0.145s] Level 1:colcon.colcon_core.package_identification:_identify(ros-bridge/src/ROS-TCP-Connector) by extension 'colcon_pkg'
[0.145s] Level 1:colcon.colcon_core.package_identification:_identify(ros-bridge/src/ROS-TCP-Connector) by extensions ['colcon_meta']
[0.145s] Level 1:colcon.colcon_core.package_identification:_identify(ros-bridge/src/ROS-TCP-Connector) by extension 'colcon_meta'
[0.145s] Level 1:colcon.colcon_core.package_identification:_identify(ros-bridge/src/ROS-TCP-Connector) by extensions ['ros']
[0.145s] Level 1:colcon.colcon_core.package_identification:_identify(ros-bridge/src/ROS-TCP-Connector) by extension 'ros'
[0.145s] Level 1:colcon.colcon_core.package_identification:_identify(ros-bridge/src/ROS-TCP-Connector) by extensions ['cmake', 'python']
[0.145s] Level 1:colcon.colcon_core.package_identification:_identify(ros-bridge/src/ROS-TCP-Connector) by extension 'cmake'
[0.145s] Level 1:colcon.colcon_core.package_identification:_identify(ros-bridge/src/ROS-TCP-Connector) by extension 'python'
[0.145s] Level 1:colcon.colcon_core.package_identification:_identify(ros-bridge/src/ROS-TCP-Connector) by extensions ['python_setup_py']
[0.145s] Level 1:colcon.colcon_core.package_identification:_identify(ros-bridge/src/ROS-TCP-Connector) by extension 'python_setup_py'
[0.145s] Level 1:colcon.colcon_core.package_identification:_identify(ros-bridge/src/ROS-TCP-Connector/TestRosTcpConnector) by extensions ['ignore', 'ignore_ament_install']
[0.145s] Level 1:colcon.colcon_core.package_identification:_identify(ros-bridge/src/ROS-TCP-Connector/TestRosTcpConnector) by extension 'ignore'
[0.145s] Level 1:colcon.colcon_core.package_identification:_identify(ros-bridge/src/ROS-TCP-Connector/TestRosTcpConnector) by extension 'ignore_ament_install'
[0.145s] Level 1:colcon.colcon_core.package_identification:_identify(ros-bridge/src/ROS-TCP-Connector/TestRosTcpConnector) by extensions ['colcon_pkg']
[0.145s] Level 1:colcon.colcon_core.package_identification:_identify(ros-bridge/src/ROS-TCP-Connector/TestRosTcpConnector) by extension 'colcon_pkg'
[0.145s] Level 1:colcon.colcon_core.package_identification:_identify(ros-bridge/src/ROS-TCP-Connector/TestRosTcpConnector) by extensions ['colcon_meta']
[0.145s] Level 1:colcon.colcon_core.package_identification:_identify(ros-bridge/src/ROS-TCP-Connector/TestRosTcpConnector) by extension 'colcon_meta'
[0.145s] Level 1:colcon.colcon_core.package_identification:_identify(ros-bridge/src/ROS-TCP-Connector/TestRosTcpConnector) by extensions ['ros']
[0.145s] Level 1:colcon.colcon_core.package_identification:_identify(ros-bridge/src/ROS-TCP-Connector/TestRosTcpConnector) by extension 'ros'
[0.145s] Level 1:colcon.colcon_core.package_identification:_identify(ros-bridge/src/ROS-TCP-Connector/TestRosTcpConnector) by extensions ['cmake', 'python']
[0.145s] Level 1:colcon.colcon_core.package_identification:_identify(ros-bridge/src/ROS-TCP-Connector/TestRosTcpConnector) by extension 'cmake'
[0.145s] Level 1:colcon.colcon_core.package_identification:_identify(ros-bridge/src/ROS-TCP-Connector/TestRosTcpConnector) by extension 'python'
[0.145s] Level 1:colcon.colcon_core.package_identification:_identify(ros-bridge/src/ROS-TCP-Connector/TestRosTcpConnector) by extensions ['python_setup_py']
[0.145s] Level 1:colcon.colcon_core.package_identification:_identify(ros-bridge/src/ROS-TCP-Connector/TestRosTcpConnector) by extension 'python_setup_py'
[0.145s] Level 1:colcon.colcon_core.package_identification:_identify(ros-bridge/src/ROS-TCP-Connector/TestRosTcpConnector/Assets) by extensions ['ignore', 'ignore_ament_install']
[0.145s] Level 1:colcon.colcon_core.package_identification:_identify(ros-bridge/src/ROS-TCP-Connector/TestRosTcpConnector/Assets) by extension 'ignore'
[0.145s] Level 1:colcon.colcon_core.package_identification:_identify(ros-bridge/src/ROS-TCP-Connector/TestRosTcpConnector/Assets) by extension 'ignore_ament_install'
[0.145s] Level 1:colcon.colcon_core.package_identification:_identify(ros-bridge/src/ROS-TCP-Connector/TestRosTcpConnector/Assets) by extensions ['colcon_pkg']
[0.145s] Level 1:colcon.colcon_core.package_identification:_identify(ros-bridge/src/ROS-TCP-Connector/TestRosTcpConnector/Assets) by extension 'colcon_pkg'
[0.145s] Level 1:colcon.colcon_core.package_identification:_identify(ros-bridge/src/ROS-TCP-Connector/TestRosTcpConnector/Assets) by extensions ['colcon_meta']
[0.145s] Level 1:colcon.colcon_core.package_identification:_identify(ros-bridge/src/ROS-TCP-Connector/TestRosTcpConnector/Assets) by extension 'colcon_meta'
[0.145s] Level 1:colcon.colcon_core.package_identification:_identify(ros-bridge/src/ROS-TCP-Connector/TestRosTcpConnector/Assets) by extensions ['ros']
[0.146s] Level 1:colcon.colcon_core.package_identification:_identify(ros-bridge/src/ROS-TCP-Connector/TestRosTcpConnector/Assets) by extension 'ros'
[0.146s] Level 1:colcon.colcon_core.package_identification:_identify(ros-bridge/src/ROS-TCP-Connector/TestRosTcpConnector/Assets) by extensions ['cmake', 'python']
[0.146s] Level 1:colcon.colcon_core.package_identification:_identify(ros-bridge/src/ROS-TCP-Connector/TestRosTcpConnector/Assets) by extension 'cmake'
[0.146s] Level 1:colcon.colcon_core.package_identification:_identify(ros-bridge/src/ROS-TCP-Connector/TestRosTcpConnector/Assets) by extension 'python'
[0.146s] Level 1:colcon.colcon_core.package_identification:_identify(ros-bridge/src/ROS-TCP-Connector/TestRosTcpConnector/Assets) by extensions ['python_setup_py']
[0.146s] Level 1:colcon.colcon_core.package_identification:_identify(ros-bridge/src/ROS-TCP-Connector/TestRosTcpConnector/Assets) by extension 'python_setup_py'
[0.146s] Level 1:colcon.colcon_core.package_identification:_identify(ros-bridge/src/ROS-TCP-Connector/TestRosTcpConnector/Assets/Materials) by extensions ['ignore', 'ignore_ament_install']
[0.146s] Level 1:colcon.colcon_core.package_identification:_identify(ros-bridge/src/ROS-TCP-Connector/TestRosTcpConnector/Assets/Materials) by extension 'ignore'
[0.146s] Level 1:colcon.colcon_core.package_identification:_identify(ros-bridge/src/ROS-TCP-Connector/TestRosTcpConnector/Assets/Materials) by extension 'ignore_ament_install'
[0.146s] Level 1:colcon.colcon_core.package_identification:_identify(ros-bridge/src/ROS-TCP-Connector/TestRosTcpConnector/Assets/Materials) by extensions ['colcon_pkg']
[0.146s] Level 1:colcon.colcon_core.package_identification:_identify(ros-bridge/src/ROS-TCP-Connector/TestRosTcpConnector/Assets/Materials) by extension 'colcon_pkg'
[0.146s] Level 1:colcon.colcon_core.package_identification:_identify(ros-bridge/src/ROS-TCP-Connector/TestRosTcpConnector/Assets/Materials) by extensions ['colcon_meta']
[0.146s] Level 1:colcon.colcon_core.package_identification:_identify(ros-bridge/src/ROS-TCP-Connector/TestRosTcpConnector/Assets/Materials) by extension 'colcon_meta'
[0.146s] Level 1:colcon.colcon_core.package_identification:_identify(ros-bridge/src/ROS-TCP-Connector/TestRosTcpConnector/Assets/Materials) by extensions ['ros']
[0.146s] Level 1:colcon.colcon_core.package_identification:_identify(ros-bridge/src/ROS-TCP-Connector/TestRosTcpConnector/Assets/Materials) by extension 'ros'
[0.146s] Level 1:colcon.colcon_core.package_identification:_identify(ros-bridge/src/ROS-TCP-Connector/TestRosTcpConnector/Assets/Materials) by extensions ['cmake', 'python']
[0.146s] Level 1:colcon.colcon_core.package_identification:_identify(ros-bridge/src/ROS-TCP-Connector/TestRosTcpConnector/Assets/Materials) by extension 'cmake'
[0.146s] Level 1:colcon.colcon_core.package_identification:_identify(ros-bridge/src/ROS-TCP-Connector/TestRosTcpConnector/Assets/Materials) by extension 'python'
[0.146s] Level 1:colcon.colcon_core.package_identification:_identify(ros-bridge/src/ROS-TCP-Connector/TestRosTcpConnector/Assets/Materials) by extensions ['python_setup_py']
[0.146s] Level 1:colcon.colcon_core.package_identification:_identify(ros-bridge/src/ROS-TCP-Connector/TestRosTcpConnector/Assets/Materials) by extension 'python_setup_py'
[0.146s] Level 1:colcon.colcon_core.package_identification:_identify(ros-bridge/src/ROS-TCP-Connector/TestRosTcpConnector/Assets/Presets) by extensions ['ignore', 'ignore_ament_install']
[0.146s] Level 1:colcon.colcon_core.package_identification:_identify(ros-bridge/src/ROS-TCP-Connector/TestRosTcpConnector/Assets/Presets) by extension 'ignore'
[0.146s] Level 1:colcon.colcon_core.package_identification:_identify(ros-bridge/src/ROS-TCP-Connector/TestRosTcpConnector/Assets/Presets) by extension 'ignore_ament_install'
[0.146s] Level 1:colcon.colcon_core.package_identification:_identify(ros-bridge/src/ROS-TCP-Connector/TestRosTcpConnector/Assets/Presets) by extensions ['colcon_pkg']
[0.146s] Level 1:colcon.colcon_core.package_identification:_identify(ros-bridge/src/ROS-TCP-Connector/TestRosTcpConnector/Assets/Presets) by extension 'colcon_pkg'
[0.146s] Level 1:colcon.colcon_core.package_identification:_identify(ros-bridge/src/ROS-TCP-Connector/TestRosTcpConnector/Assets/Presets) by extensions ['colcon_meta']
[0.146s] Level 1:colcon.colcon_core.package_identification:_identify(ros-bridge/src/ROS-TCP-Connector/TestRosTcpConnector/Assets/Presets) by extension 'colcon_meta'
[0.146s] Level 1:colcon.colcon_core.package_identification:_identify(ros-bridge/src/ROS-TCP-Connector/TestRosTcpConnector/Assets/Presets) by extensions ['ros']
[0.146s] Level 1:colcon.colcon_core.package_identification:_identify(ros-bridge/src/ROS-TCP-Connector/TestRosTcpConnector/Assets/Presets) by extension 'ros'
[0.146s] Level 1:colcon.colcon_core.package_identification:_identify(ros-bridge/src/ROS-TCP-Connector/TestRosTcpConnector/Assets/Presets) by extensions ['cmake', 'python']
[0.146s] Level 1:colcon.colcon_core.package_identification:_identify(ros-bridge/src/ROS-TCP-Connector/TestRosTcpConnector/Assets/Presets) by extension 'cmake'
[0.146s] Level 1:colcon.colcon_core.package_identification:_identify(ros-bridge/src/ROS-TCP-Connector/TestRosTcpConnector/Assets/Presets) by extension 'python'
[0.146s] Level 1:colcon.colcon_core.package_identification:_identify(ros-bridge/src/ROS-TCP-Connector/TestRosTcpConnector/Assets/Presets) by extensions ['python_setup_py']
[0.146s] Level 1:colcon.colcon_core.package_identification:_identify(ros-bridge/src/ROS-TCP-Connector/TestRosTcpConnector/Assets/Presets) by extension 'python_setup_py'
[0.146s] Level 1:colcon.colcon_core.package_identification:_identify(ros-bridge/src/ROS-TCP-Connector/TestRosTcpConnector/Assets/Presets/Defaults) by extensions ['ignore', 'ignore_ament_install']
[0.146s] Level 1:colcon.colcon_core.package_identification:_identify(ros-bridge/src/ROS-TCP-Connector/TestRosTcpConnector/Assets/Presets/Defaults) by extension 'ignore'
[0.146s] Level 1:colcon.colcon_core.package_identification:_identify(ros-bridge/src/ROS-TCP-Connector/TestRosTcpConnector/Assets/Presets/Defaults) by extension 'ignore_ament_install'
[0.146s] Level 1:colcon.colcon_core.package_identification:_identify(ros-bridge/src/ROS-TCP-Connector/TestRosTcpConnector/Assets/Presets/Defaults) by extensions ['colcon_pkg']
[0.146s] Level 1:colcon.colcon_core.package_identification:_identify(ros-bridge/src/ROS-TCP-Connector/TestRosTcpConnector/Assets/Presets/Defaults) by extension 'colcon_pkg'
[0.146s] Level 1:colcon.colcon_core.package_identification:_identify(ros-bridge/src/ROS-TCP-Connector/TestRosTcpConnector/Assets/Presets/Defaults) by extensions ['colcon_meta']
[0.146s] Level 1:colcon.colcon_core.package_identification:_identify(ros-bridge/src/ROS-TCP-Connector/TestRosTcpConnector/Assets/Presets/Defaults) by extension 'colcon_meta'
[0.146s] Level 1:colcon.colcon_core.package_identification:_identify(ros-bridge/src/ROS-TCP-Connector/TestRosTcpConnector/Assets/Presets/Defaults) by extensions ['ros']
[0.147s] Level 1:colcon.colcon_core.package_identification:_identify(ros-bridge/src/ROS-TCP-Connector/TestRosTcpConnector/Assets/Presets/Defaults) by extension 'ros'
[0.147s] Level 1:colcon.colcon_core.package_identification:_identify(ros-bridge/src/ROS-TCP-Connector/TestRosTcpConnector/Assets/Presets/Defaults) by extensions ['cmake', 'python']
[0.147s] Level 1:colcon.colcon_core.package_identification:_identify(ros-bridge/src/ROS-TCP-Connector/TestRosTcpConnector/Assets/Presets/Defaults) by extension 'cmake'
[0.147s] Level 1:colcon.colcon_core.package_identification:_identify(ros-bridge/src/ROS-TCP-Connector/TestRosTcpConnector/Assets/Presets/Defaults) by extension 'python'
[0.147s] Level 1:colcon.colcon_core.package_identification:_identify(ros-bridge/src/ROS-TCP-Connector/TestRosTcpConnector/Assets/Presets/Defaults) by extensions ['python_setup_py']
[0.147s] Level 1:colcon.colcon_core.package_identification:_identify(ros-bridge/src/ROS-TCP-Connector/TestRosTcpConnector/Assets/Presets/Defaults) by extension 'python_setup_py'
[0.147s] Level 1:colcon.colcon_core.package_identification:_identify(ros-bridge/src/ROS-TCP-Connector/TestRosTcpConnector/Assets/Resources) by extensions ['ignore', 'ignore_ament_install']
[0.147s] Level 1:colcon.colcon_core.package_identification:_identify(ros-bridge/src/ROS-TCP-Connector/TestRosTcpConnector/Assets/Resources) by extension 'ignore'
[0.147s] Level 1:colcon.colcon_core.package_identification:_identify(ros-bridge/src/ROS-TCP-Connector/TestRosTcpConnector/Assets/Resources) by extension 'ignore_ament_install'
[0.147s] Level 1:colcon.colcon_core.package_identification:_identify(ros-bridge/src/ROS-TCP-Connector/TestRosTcpConnector/Assets/Resources) by extensions ['colcon_pkg']
[0.147s] Level 1:colcon.colcon_core.package_identification:_identify(ros-bridge/src/ROS-TCP-Connector/TestRosTcpConnector/Assets/Resources) by extension 'colcon_pkg'
[0.147s] Level 1:colcon.colcon_core.package_identification:_identify(ros-bridge/src/ROS-TCP-Connector/TestRosTcpConnector/Assets/Resources) by extensions ['colcon_meta']
[0.147s] Level 1:colcon.colcon_core.package_identification:_identify(ros-bridge/src/ROS-TCP-Connector/TestRosTcpConnector/Assets/Resources) by extension 'colcon_meta'
[0.147s] Level 1:colcon.colcon_core.package_identification:_identify(ros-bridge/src/ROS-TCP-Connector/TestRosTcpConnector/Assets/Resources) by extensions ['ros']
[0.147s] Level 1:colcon.colcon_core.package_identification:_identify(ros-bridge/src/ROS-TCP-Connector/TestRosTcpConnector/Assets/Resources) by extension 'ros'
[0.147s] Level 1:colcon.colcon_core.package_identification:_identify(ros-bridge/src/ROS-TCP-Connector/TestRosTcpConnector/Assets/Resources) by extensions ['cmake', 'python']
[0.147s] Level 1:colcon.colcon_core.package_identification:_identify(ros-bridge/src/ROS-TCP-Connector/TestRosTcpConnector/Assets/Resources) by extension 'cmake'
[0.147s] Level 1:colcon.colcon_core.package_identification:_identify(ros-bridge/src/ROS-TCP-Connector/TestRosTcpConnector/Assets/Resources) by extension 'python'
[0.147s] Level 1:colcon.colcon_core.package_identification:_identify(ros-bridge/src/ROS-TCP-Connector/TestRosTcpConnector/Assets/Resources) by extensions ['python_setup_py']
[0.147s] Level 1:colcon.colcon_core.package_identification:_identify(ros-bridge/src/ROS-TCP-Connector/TestRosTcpConnector/Assets/Resources) by extension 'python_setup_py'
[0.147s] Level 1:colcon.colcon_core.package_identification:_identify(ros-bridge/src/ROS-TCP-Connector/TestRosTcpConnector/Assets/Scenes) by extensions ['ignore', 'ignore_ament_install']
[0.147s] Level 1:colcon.colcon_core.package_identification:_identify(ros-bridge/src/ROS-TCP-Connector/TestRosTcpConnector/Assets/Scenes) by extension 'ignore'
[0.147s] Level 1:colcon.colcon_core.package_identification:_identify(ros-bridge/src/ROS-TCP-Connector/TestRosTcpConnector/Assets/Scenes) by extension 'ignore_ament_install'
[0.147s] Level 1:colcon.colcon_core.package_identification:_identify(ros-bridge/src/ROS-TCP-Connector/TestRosTcpConnector/Assets/Scenes) by extensions ['colcon_pkg']
[0.147s] Level 1:colcon.colcon_core.package_identification:_identify(ros-bridge/src/ROS-TCP-Connector/TestRosTcpConnector/Assets/Scenes) by extension 'colcon_pkg'
[0.147s] Level 1:colcon.colcon_core.package_identification:_identify(ros-bridge/src/ROS-TCP-Connector/TestRosTcpConnector/Assets/Scenes) by extensions ['colcon_meta']
[0.147s] Level 1:colcon.colcon_core.package_identification:_identify(ros-bridge/src/ROS-TCP-Connector/TestRosTcpConnector/Assets/Scenes) by extension 'colcon_meta'
[0.147s] Level 1:colcon.colcon_core.package_identification:_identify(ros-bridge/src/ROS-TCP-Connector/TestRosTcpConnector/Assets/Scenes) by extensions ['ros']
[0.147s] Level 1:colcon.colcon_core.package_identification:_identify(ros-bridge/src/ROS-TCP-Connector/TestRosTcpConnector/Assets/Scenes) by extension 'ros'
[0.147s] Level 1:colcon.colcon_core.package_identification:_identify(ros-bridge/src/ROS-TCP-Connector/TestRosTcpConnector/Assets/Scenes) by extensions ['cmake', 'python']
[0.147s] Level 1:colcon.colcon_core.package_identification:_identify(ros-bridge/src/ROS-TCP-Connector/TestRosTcpConnector/Assets/Scenes) by extension 'cmake'
[0.147s] Level 1:colcon.colcon_core.package_identification:_identify(ros-bridge/src/ROS-TCP-Connector/TestRosTcpConnector/Assets/Scenes) by extension 'python'
[0.147s] Level 1:colcon.colcon_core.package_identification:_identify(ros-bridge/src/ROS-TCP-Connector/TestRosTcpConnector/Assets/Scenes) by extensions ['python_setup_py']
[0.147s] Level 1:colcon.colcon_core.package_identification:_identify(ros-bridge/src/ROS-TCP-Connector/TestRosTcpConnector/Assets/Scenes) by extension 'python_setup_py'
[0.147s] Level 1:colcon.colcon_core.package_identification:_identify(ros-bridge/src/ROS-TCP-Connector/TestRosTcpConnector/Assets/Settings) by extensions ['ignore', 'ignore_ament_install']
[0.147s] Level 1:colcon.colcon_core.package_identification:_identify(ros-bridge/src/ROS-TCP-Connector/TestRosTcpConnector/Assets/Settings) by extension 'ignore'
[0.147s] Level 1:colcon.colcon_core.package_identification:_identify(ros-bridge/src/ROS-TCP-Connector/TestRosTcpConnector/Assets/Settings) by extension 'ignore_ament_install'
[0.147s] Level 1:colcon.colcon_core.package_identification:_identify(ros-bridge/src/ROS-TCP-Connector/TestRosTcpConnector/Assets/Settings) by extensions ['colcon_pkg']
[0.147s] Level 1:colcon.colcon_core.package_identification:_identify(ros-bridge/src/ROS-TCP-Connector/TestRosTcpConnector/Assets/Settings) by extension 'colcon_pkg'
[0.147s] Level 1:colcon.colcon_core.package_identification:_identify(ros-bridge/src/ROS-TCP-Connector/TestRosTcpConnector/Assets/Settings) by extensions ['colcon_meta']
[0.147s] Level 1:colcon.colcon_core.package_identification:_identify(ros-bridge/src/ROS-TCP-Connector/TestRosTcpConnector/Assets/Settings) by extension 'colcon_meta'
[0.147s] Level 1:colcon.colcon_core.package_identification:_identify(ros-bridge/src/ROS-TCP-Connector/TestRosTcpConnector/Assets/Settings) by extensions ['ros']
[0.147s] Level 1:colcon.colcon_core.package_identification:_identify(ros-bridge/src/ROS-TCP-Connector/TestRosTcpConnector/Assets/Settings) by extension 'ros'
[0.147s] Level 1:colcon.colcon_core.package_identification:_identify(ros-bridge/src/ROS-TCP-Connector/TestRosTcpConnector/Assets/Settings) by extensions ['cmake', 'python']
[0.147s] Level 1:colcon.colcon_core.package_identification:_identify(ros-bridge/src/ROS-TCP-Connector/TestRosTcpConnector/Assets/Settings) by extension 'cmake'
[0.147s] Level 1:colcon.colcon_core.package_identification:_identify(ros-bridge/src/ROS-TCP-Connector/TestRosTcpConnector/Assets/Settings) by extension 'python'
[0.147s] Level 1:colcon.colcon_core.package_identification:_identify(ros-bridge/src/ROS-TCP-Connector/TestRosTcpConnector/Assets/Settings) by extensions ['python_setup_py']
[0.147s] Level 1:colcon.colcon_core.package_identification:_identify(ros-bridge/src/ROS-TCP-Connector/TestRosTcpConnector/Assets/Settings) by extension 'python_setup_py'
[0.148s] Level 1:colcon.colcon_core.package_identification:_identify(ros-bridge/src/ROS-TCP-Connector/TestRosTcpConnector/Packages) by extensions ['ignore', 'ignore_ament_install']
[0.148s] Level 1:colcon.colcon_core.package_identification:_identify(ros-bridge/src/ROS-TCP-Connector/TestRosTcpConnector/Packages) by extension 'ignore'
[0.148s] Level 1:colcon.colcon_core.package_identification:_identify(ros-bridge/src/ROS-TCP-Connector/TestRosTcpConnector/Packages) by extension 'ignore_ament_install'
[0.148s] Level 1:colcon.colcon_core.package_identification:_identify(ros-bridge/src/ROS-TCP-Connector/TestRosTcpConnector/Packages) by extensions ['colcon_pkg']
[0.148s] Level 1:colcon.colcon_core.package_identification:_identify(ros-bridge/src/ROS-TCP-Connector/TestRosTcpConnector/Packages) by extension 'colcon_pkg'
[0.148s] Level 1:colcon.colcon_core.package_identification:_identify(ros-bridge/src/ROS-TCP-Connector/TestRosTcpConnector/Packages) by extensions ['colcon_meta']
[0.148s] Level 1:colcon.colcon_core.package_identification:_identify(ros-bridge/src/ROS-TCP-Connector/TestRosTcpConnector/Packages) by extension 'colcon_meta'
[0.148s] Level 1:colcon.colcon_core.package_identification:_identify(ros-bridge/src/ROS-TCP-Connector/TestRosTcpConnector/Packages) by extensions ['ros']
[0.148s] Level 1:colcon.colcon_core.package_identification:_identify(ros-bridge/src/ROS-TCP-Connector/TestRosTcpConnector/Packages) by extension 'ros'
[0.148s] Level 1:colcon.colcon_core.package_identification:_identify(ros-bridge/src/ROS-TCP-Connector/TestRosTcpConnector/Packages) by extensions ['cmake', 'python']
[0.148s] Level 1:colcon.colcon_core.package_identification:_identify(ros-bridge/src/ROS-TCP-Connector/TestRosTcpConnector/Packages) by extension 'cmake'
[0.148s] Level 1:colcon.colcon_core.package_identification:_identify(ros-bridge/src/ROS-TCP-Connector/TestRosTcpConnector/Packages) by extension 'python'
[0.148s] Level 1:colcon.colcon_core.package_identification:_identify(ros-bridge/src/ROS-TCP-Connector/TestRosTcpConnector/Packages) by extensions ['python_setup_py']
[0.148s] Level 1:colcon.colcon_core.package_identification:_identify(ros-bridge/src/ROS-TCP-Connector/TestRosTcpConnector/Packages) by extension 'python_setup_py'
[0.148s] Level 1:colcon.colcon_core.package_identification:_identify(ros-bridge/src/ROS-TCP-Connector/TestRosTcpConnector/ProjectSettings) by extensions ['ignore', 'ignore_ament_install']
[0.148s] Level 1:colcon.colcon_core.package_identification:_identify(ros-bridge/src/ROS-TCP-Connector/TestRosTcpConnector/ProjectSettings) by extension 'ignore'
[0.148s] Level 1:colcon.colcon_core.package_identification:_identify(ros-bridge/src/ROS-TCP-Connector/TestRosTcpConnector/ProjectSettings) by extension 'ignore_ament_install'
[0.148s] Level 1:colcon.colcon_core.package_identification:_identify(ros-bridge/src/ROS-TCP-Connector/TestRosTcpConnector/ProjectSettings) by extensions ['colcon_pkg']
[0.148s] Level 1:colcon.colcon_core.package_identification:_identify(ros-bridge/src/ROS-TCP-Connector/TestRosTcpConnector/ProjectSettings) by extension 'colcon_pkg'
[0.148s] Level 1:colcon.colcon_core.package_identification:_identify(ros-bridge/src/ROS-TCP-Connector/TestRosTcpConnector/ProjectSettings) by extensions ['colcon_meta']
[0.148s] Level 1:colcon.colcon_core.package_identification:_identify(ros-bridge/src/ROS-TCP-Connector/TestRosTcpConnector/ProjectSettings) by extension 'colcon_meta'
[0.148s] Level 1:colcon.colcon_core.package_identification:_identify(ros-bridge/src/ROS-TCP-Connector/TestRosTcpConnector/ProjectSettings) by extensions ['ros']
[0.148s] Level 1:colcon.colcon_core.package_identification:_identify(ros-bridge/src/ROS-TCP-Connector/TestRosTcpConnector/ProjectSettings) by extension 'ros'
[0.148s] Level 1:colcon.colcon_core.package_identification:_identify(ros-bridge/src/ROS-TCP-Connector/TestRosTcpConnector/ProjectSettings) by extensions ['cmake', 'python']
[0.148s] Level 1:colcon.colcon_core.package_identification:_identify(ros-bridge/src/ROS-TCP-Connector/TestRosTcpConnector/ProjectSettings) by extension 'cmake'
[0.148s] Level 1:colcon.colcon_core.package_identification:_identify(ros-bridge/src/ROS-TCP-Connector/TestRosTcpConnector/ProjectSettings) by extension 'python'
[0.148s] Level 1:colcon.colcon_core.package_identification:_identify(ros-bridge/src/ROS-TCP-Connector/TestRosTcpConnector/ProjectSettings) by extensions ['python_setup_py']
[0.148s] Level 1:colcon.colcon_core.package_identification:_identify(ros-bridge/src/ROS-TCP-Connector/TestRosTcpConnector/ProjectSettings) by extension 'python_setup_py'
[0.148s] Level 1:colcon.colcon_core.package_identification:_identify(ros-bridge/src/ROS-TCP-Connector/TestRosTcpConnector/ProjectSettings/Packages) by extensions ['ignore', 'ignore_ament_install']
[0.148s] Level 1:colcon.colcon_core.package_identification:_identify(ros-bridge/src/ROS-TCP-Connector/TestRosTcpConnector/ProjectSettings/Packages) by extension 'ignore'
[0.148s] Level 1:colcon.colcon_core.package_identification:_identify(ros-bridge/src/ROS-TCP-Connector/TestRosTcpConnector/ProjectSettings/Packages) by extension 'ignore_ament_install'
[0.148s] Level 1:colcon.colcon_core.package_identification:_identify(ros-bridge/src/ROS-TCP-Connector/TestRosTcpConnector/ProjectSettings/Packages) by extensions ['colcon_pkg']
[0.148s] Level 1:colcon.colcon_core.package_identification:_identify(ros-bridge/src/ROS-TCP-Connector/TestRosTcpConnector/ProjectSettings/Packages) by extension 'colcon_pkg'
[0.148s] Level 1:colcon.colcon_core.package_identification:_identify(ros-bridge/src/ROS-TCP-Connector/TestRosTcpConnector/ProjectSettings/Packages) by extensions ['colcon_meta']
[0.148s] Level 1:colcon.colcon_core.package_identification:_identify(ros-bridge/src/ROS-TCP-Connector/TestRosTcpConnector/ProjectSettings/Packages) by extension 'colcon_meta'
[0.148s] Level 1:colcon.colcon_core.package_identification:_identify(ros-bridge/src/ROS-TCP-Connector/TestRosTcpConnector/ProjectSettings/Packages) by extensions ['ros']
[0.148s] Level 1:colcon.colcon_core.package_identification:_identify(ros-bridge/src/ROS-TCP-Connector/TestRosTcpConnector/ProjectSettings/Packages) by extension 'ros'
[0.148s] Level 1:colcon.colcon_core.package_identification:_identify(ros-bridge/src/ROS-TCP-Connector/TestRosTcpConnector/ProjectSettings/Packages) by extensions ['cmake', 'python']
[0.148s] Level 1:colcon.colcon_core.package_identification:_identify(ros-bridge/src/ROS-TCP-Connector/TestRosTcpConnector/ProjectSettings/Packages) by extension 'cmake'
[0.148s] Level 1:colcon.colcon_core.package_identification:_identify(ros-bridge/src/ROS-TCP-Connector/TestRosTcpConnector/ProjectSettings/Packages) by extension 'python'
[0.148s] Level 1:colcon.colcon_core.package_identification:_identify(ros-bridge/src/ROS-TCP-Connector/TestRosTcpConnector/ProjectSettings/Packages) by extensions ['python_setup_py']
[0.148s] Level 1:colcon.colcon_core.package_identification:_identify(ros-bridge/src/ROS-TCP-Connector/TestRosTcpConnector/ProjectSettings/Packages) by extension 'python_setup_py'
[0.148s] Level 1:colcon.colcon_core.package_identification:_identify(ros-bridge/src/ROS-TCP-Connector/TestRosTcpConnector/ProjectSettings/Packages/com.unity.testtools.codecoverage) by extensions ['ignore', 'ignore_ament_install']
[0.148s] Level 1:colcon.colcon_core.package_identification:_identify(ros-bridge/src/ROS-TCP-Connector/TestRosTcpConnector/ProjectSettings/Packages/com.unity.testtools.codecoverage) by extension 'ignore'
[0.148s] Level 1:colcon.colcon_core.package_identification:_identify(ros-bridge/src/ROS-TCP-Connector/TestRosTcpConnector/ProjectSettings/Packages/com.unity.testtools.codecoverage) by extension 'ignore_ament_install'
[0.148s] Level 1:colcon.colcon_core.package_identification:_identify(ros-bridge/src/ROS-TCP-Connector/TestRosTcpConnector/ProjectSettings/Packages/com.unity.testtools.codecoverage) by extensions ['colcon_pkg']
[0.148s] Level 1:colcon.colcon_core.package_identification:_identify(ros-bridge/src/ROS-TCP-Connector/TestRosTcpConnector/ProjectSettings/Packages/com.unity.testtools.codecoverage) by extension 'colcon_pkg'
[0.148s] Level 1:colcon.colcon_core.package_identification:_identify(ros-bridge/src/ROS-TCP-Connector/TestRosTcpConnector/ProjectSettings/Packages/com.unity.testtools.codecoverage) by extensions ['colcon_meta']
[0.148s] Level 1:colcon.colcon_core.package_identification:_identify(ros-bridge/src/ROS-TCP-Connector/TestRosTcpConnector/ProjectSettings/Packages/com.unity.testtools.codecoverage) by extension 'colcon_meta'
[0.149s] Level 1:colcon.colcon_core.package_identification:_identify(ros-bridge/src/ROS-TCP-Connector/TestRosTcpConnector/ProjectSettings/Packages/com.unity.testtools.codecoverage) by extensions ['ros']
[0.149s] Level 1:colcon.colcon_core.package_identification:_identify(ros-bridge/src/ROS-TCP-Connector/TestRosTcpConnector/ProjectSettings/Packages/com.unity.testtools.codecoverage) by extension 'ros'
[0.149s] Level 1:colcon.colcon_core.package_identification:_identify(ros-bridge/src/ROS-TCP-Connector/TestRosTcpConnector/ProjectSettings/Packages/com.unity.testtools.codecoverage) by extensions ['cmake', 'python']
[0.149s] Level 1:colcon.colcon_core.package_identification:_identify(ros-bridge/src/ROS-TCP-Connector/TestRosTcpConnector/ProjectSettings/Packages/com.unity.testtools.codecoverage) by extension 'cmake'
[0.149s] Level 1:colcon.colcon_core.package_identification:_identify(ros-bridge/src/ROS-TCP-Connector/TestRosTcpConnector/ProjectSettings/Packages/com.unity.testtools.codecoverage) by extension 'python'
[0.149s] Level 1:colcon.colcon_core.package_identification:_identify(ros-bridge/src/ROS-TCP-Connector/TestRosTcpConnector/ProjectSettings/Packages/com.unity.testtools.codecoverage) by extensions ['python_setup_py']
[0.149s] Level 1:colcon.colcon_core.package_identification:_identify(ros-bridge/src/ROS-TCP-Connector/TestRosTcpConnector/ProjectSettings/Packages/com.unity.testtools.codecoverage) by extension 'python_setup_py'
[0.149s] Level 1:colcon.colcon_core.package_identification:_identify(ros-bridge/src/ROS-TCP-Connector/com.unity.robotics.ros-tcp-connector) by extensions ['ignore', 'ignore_ament_install']
[0.149s] Level 1:colcon.colcon_core.package_identification:_identify(ros-bridge/src/ROS-TCP-Connector/com.unity.robotics.ros-tcp-connector) by extension 'ignore'
[0.149s] Level 1:colcon.colcon_core.package_identification:_identify(ros-bridge/src/ROS-TCP-Connector/com.unity.robotics.ros-tcp-connector) by extension 'ignore_ament_install'
[0.149s] Level 1:colcon.colcon_core.package_identification:_identify(ros-bridge/src/ROS-TCP-Connector/com.unity.robotics.ros-tcp-connector) by extensions ['colcon_pkg']
[0.149s] Level 1:colcon.colcon_core.package_identification:_identify(ros-bridge/src/ROS-TCP-Connector/com.unity.robotics.ros-tcp-connector) by extension 'colcon_pkg'
[0.149s] Level 1:colcon.colcon_core.package_identification:_identify(ros-bridge/src/ROS-TCP-Connector/com.unity.robotics.ros-tcp-connector) by extensions ['colcon_meta']
[0.149s] Level 1:colcon.colcon_core.package_identification:_identify(ros-bridge/src/ROS-TCP-Connector/com.unity.robotics.ros-tcp-connector) by extension 'colcon_meta'
[0.149s] Level 1:colcon.colcon_core.package_identification:_identify(ros-bridge/src/ROS-TCP-Connector/com.unity.robotics.ros-tcp-connector) by extensions ['ros']
[0.149s] Level 1:colcon.colcon_core.package_identification:_identify(ros-bridge/src/ROS-TCP-Connector/com.unity.robotics.ros-tcp-connector) by extension 'ros'
[0.149s] Level 1:colcon.colcon_core.package_identification:_identify(ros-bridge/src/ROS-TCP-Connector/com.unity.robotics.ros-tcp-connector) by extensions ['cmake', 'python']
[0.149s] Level 1:colcon.colcon_core.package_identification:_identify(ros-bridge/src/ROS-TCP-Connector/com.unity.robotics.ros-tcp-connector) by extension 'cmake'
[0.149s] Level 1:colcon.colcon_core.package_identification:_identify(ros-bridge/src/ROS-TCP-Connector/com.unity.robotics.ros-tcp-connector) by extension 'python'
[0.149s] Level 1:colcon.colcon_core.package_identification:_identify(ros-bridge/src/ROS-TCP-Connector/com.unity.robotics.ros-tcp-connector) by extensions ['python_setup_py']
[0.149s] Level 1:colcon.colcon_core.package_identification:_identify(ros-bridge/src/ROS-TCP-Connector/com.unity.robotics.ros-tcp-connector) by extension 'python_setup_py'
[0.149s] Level 1:colcon.colcon_core.package_identification:_identify(ros-bridge/src/ROS-TCP-Connector/com.unity.robotics.ros-tcp-connector/Editor) by extensions ['ignore', 'ignore_ament_install']
[0.149s] Level 1:colcon.colcon_core.package_identification:_identify(ros-bridge/src/ROS-TCP-Connector/com.unity.robotics.ros-tcp-connector/Editor) by extension 'ignore'
[0.149s] Level 1:colcon.colcon_core.package_identification:_identify(ros-bridge/src/ROS-TCP-Connector/com.unity.robotics.ros-tcp-connector/Editor) by extension 'ignore_ament_install'
[0.149s] Level 1:colcon.colcon_core.package_identification:_identify(ros-bridge/src/ROS-TCP-Connector/com.unity.robotics.ros-tcp-connector/Editor) by extensions ['colcon_pkg']
[0.149s] Level 1:colcon.colcon_core.package_identification:_identify(ros-bridge/src/ROS-TCP-Connector/com.unity.robotics.ros-tcp-connector/Editor) by extension 'colcon_pkg'
[0.149s] Level 1:colcon.colcon_core.package_identification:_identify(ros-bridge/src/ROS-TCP-Connector/com.unity.robotics.ros-tcp-connector/Editor) by extensions ['colcon_meta']
[0.149s] Level 1:colcon.colcon_core.package_identification:_identify(ros-bridge/src/ROS-TCP-Connector/com.unity.robotics.ros-tcp-connector/Editor) by extension 'colcon_meta'
[0.149s] Level 1:colcon.colcon_core.package_identification:_identify(ros-bridge/src/ROS-TCP-Connector/com.unity.robotics.ros-tcp-connector/Editor) by extensions ['ros']
[0.149s] Level 1:colcon.colcon_core.package_identification:_identify(ros-bridge/src/ROS-TCP-Connector/com.unity.robotics.ros-tcp-connector/Editor) by extension 'ros'
[0.149s] Level 1:colcon.colcon_core.package_identification:_identify(ros-bridge/src/ROS-TCP-Connector/com.unity.robotics.ros-tcp-connector/Editor) by extensions ['cmake', 'python']
[0.149s] Level 1:colcon.colcon_core.package_identification:_identify(ros-bridge/src/ROS-TCP-Connector/com.unity.robotics.ros-tcp-connector/Editor) by extension 'cmake'
[0.149s] Level 1:colcon.colcon_core.package_identification:_identify(ros-bridge/src/ROS-TCP-Connector/com.unity.robotics.ros-tcp-connector/Editor) by extension 'python'
[0.149s] Level 1:colcon.colcon_core.package_identification:_identify(ros-bridge/src/ROS-TCP-Connector/com.unity.robotics.ros-tcp-connector/Editor) by extensions ['python_setup_py']
[0.149s] Level 1:colcon.colcon_core.package_identification:_identify(ros-bridge/src/ROS-TCP-Connector/com.unity.robotics.ros-tcp-connector/Editor) by extension 'python_setup_py'
[0.149s] Level 1:colcon.colcon_core.package_identification:_identify(ros-bridge/src/ROS-TCP-Connector/com.unity.robotics.ros-tcp-connector/Editor/MessageGeneration) by extensions ['ignore', 'ignore_ament_install']
[0.149s] Level 1:colcon.colcon_core.package_identification:_identify(ros-bridge/src/ROS-TCP-Connector/com.unity.robotics.ros-tcp-connector/Editor/MessageGeneration) by extension 'ignore'
[0.149s] Level 1:colcon.colcon_core.package_identification:_identify(ros-bridge/src/ROS-TCP-Connector/com.unity.robotics.ros-tcp-connector/Editor/MessageGeneration) by extension 'ignore_ament_install'
[0.149s] Level 1:colcon.colcon_core.package_identification:_identify(ros-bridge/src/ROS-TCP-Connector/com.unity.robotics.ros-tcp-connector/Editor/MessageGeneration) by extensions ['colcon_pkg']
[0.149s] Level 1:colcon.colcon_core.package_identification:_identify(ros-bridge/src/ROS-TCP-Connector/com.unity.robotics.ros-tcp-connector/Editor/MessageGeneration) by extension 'colcon_pkg'
[0.149s] Level 1:colcon.colcon_core.package_identification:_identify(ros-bridge/src/ROS-TCP-Connector/com.unity.robotics.ros-tcp-connector/Editor/MessageGeneration) by extensions ['colcon_meta']
[0.149s] Level 1:colcon.colcon_core.package_identification:_identify(ros-bridge/src/ROS-TCP-Connector/com.unity.robotics.ros-tcp-connector/Editor/MessageGeneration) by extension 'colcon_meta'
[0.149s] Level 1:colcon.colcon_core.package_identification:_identify(ros-bridge/src/ROS-TCP-Connector/com.unity.robotics.ros-tcp-connector/Editor/MessageGeneration) by extensions ['ros']
[0.149s] Level 1:colcon.colcon_core.package_identification:_identify(ros-bridge/src/ROS-TCP-Connector/com.unity.robotics.ros-tcp-connector/Editor/MessageGeneration) by extension 'ros'
[0.149s] Level 1:colcon.colcon_core.package_identification:_identify(ros-bridge/src/ROS-TCP-Connector/com.unity.robotics.ros-tcp-connector/Editor/MessageGeneration) by extensions ['cmake', 'python']
[0.149s] Level 1:colcon.colcon_core.package_identification:_identify(ros-bridge/src/ROS-TCP-Connector/com.unity.robotics.ros-tcp-connector/Editor/MessageGeneration) by extension 'cmake'
[0.149s] Level 1:colcon.colcon_core.package_identification:_identify(ros-bridge/src/ROS-TCP-Connector/com.unity.robotics.ros-tcp-connector/Editor/MessageGeneration) by extension 'python'
[0.149s] Level 1:colcon.colcon_core.package_identification:_identify(ros-bridge/src/ROS-TCP-Connector/com.unity.robotics.ros-tcp-connector/Editor/MessageGeneration) by extensions ['python_setup_py']
[0.149s] Level 1:colcon.colcon_core.package_identification:_identify(ros-bridge/src/ROS-TCP-Connector/com.unity.robotics.ros-tcp-connector/Editor/MessageGeneration) by extension 'python_setup_py'
[0.149s] Level 1:colcon.colcon_core.package_identification:_identify(ros-bridge/src/ROS-TCP-Connector/com.unity.robotics.ros-tcp-connector/Runtime) by extensions ['ignore', 'ignore_ament_install']
[0.150s] Level 1:colcon.colcon_core.package_identification:_identify(ros-bridge/src/ROS-TCP-Connector/com.unity.robotics.ros-tcp-connector/Runtime) by extension 'ignore'
[0.150s] Level 1:colcon.colcon_core.package_identification:_identify(ros-bridge/src/ROS-TCP-Connector/com.unity.robotics.ros-tcp-connector/Runtime) by extension 'ignore_ament_install'
[0.150s] Level 1:colcon.colcon_core.package_identification:_identify(ros-bridge/src/ROS-TCP-Connector/com.unity.robotics.ros-tcp-connector/Runtime) by extensions ['colcon_pkg']
[0.150s] Level 1:colcon.colcon_core.package_identification:_identify(ros-bridge/src/ROS-TCP-Connector/com.unity.robotics.ros-tcp-connector/Runtime) by extension 'colcon_pkg'
[0.150s] Level 1:colcon.colcon_core.package_identification:_identify(ros-bridge/src/ROS-TCP-Connector/com.unity.robotics.ros-tcp-connector/Runtime) by extensions ['colcon_meta']
[0.150s] Level 1:colcon.colcon_core.package_identification:_identify(ros-bridge/src/ROS-TCP-Connector/com.unity.robotics.ros-tcp-connector/Runtime) by extension 'colcon_meta'
[0.150s] Level 1:colcon.colcon_core.package_identification:_identify(ros-bridge/src/ROS-TCP-Connector/com.unity.robotics.ros-tcp-connector/Runtime) by extensions ['ros']
[0.150s] Level 1:colcon.colcon_core.package_identification:_identify(ros-bridge/src/ROS-TCP-Connector/com.unity.robotics.ros-tcp-connector/Runtime) by extension 'ros'
[0.150s] Level 1:colcon.colcon_core.package_identification:_identify(ros-bridge/src/ROS-TCP-Connector/com.unity.robotics.ros-tcp-connector/Runtime) by extensions ['cmake', 'python']
[0.150s] Level 1:colcon.colcon_core.package_identification:_identify(ros-bridge/src/ROS-TCP-Connector/com.unity.robotics.ros-tcp-connector/Runtime) by extension 'cmake'
[0.150s] Level 1:colcon.colcon_core.package_identification:_identify(ros-bridge/src/ROS-TCP-Connector/com.unity.robotics.ros-tcp-connector/Runtime) by extension 'python'
[0.150s] Level 1:colcon.colcon_core.package_identification:_identify(ros-bridge/src/ROS-TCP-Connector/com.unity.robotics.ros-tcp-connector/Runtime) by extensions ['python_setup_py']
[0.150s] Level 1:colcon.colcon_core.package_identification:_identify(ros-bridge/src/ROS-TCP-Connector/com.unity.robotics.ros-tcp-connector/Runtime) by extension 'python_setup_py'
[0.150s] Level 1:colcon.colcon_core.package_identification:_identify(ros-bridge/src/ROS-TCP-Connector/com.unity.robotics.ros-tcp-connector/Runtime/Extensions) by extensions ['ignore', 'ignore_ament_install']
[0.150s] Level 1:colcon.colcon_core.package_identification:_identify(ros-bridge/src/ROS-TCP-Connector/com.unity.robotics.ros-tcp-connector/Runtime/Extensions) by extension 'ignore'
[0.150s] Level 1:colcon.colcon_core.package_identification:_identify(ros-bridge/src/ROS-TCP-Connector/com.unity.robotics.ros-tcp-connector/Runtime/Extensions) by extension 'ignore_ament_install'
[0.150s] Level 1:colcon.colcon_core.package_identification:_identify(ros-bridge/src/ROS-TCP-Connector/com.unity.robotics.ros-tcp-connector/Runtime/Extensions) by extensions ['colcon_pkg']
[0.150s] Level 1:colcon.colcon_core.package_identification:_identify(ros-bridge/src/ROS-TCP-Connector/com.unity.robotics.ros-tcp-connector/Runtime/Extensions) by extension 'colcon_pkg'
[0.150s] Level 1:colcon.colcon_core.package_identification:_identify(ros-bridge/src/ROS-TCP-Connector/com.unity.robotics.ros-tcp-connector/Runtime/Extensions) by extensions ['colcon_meta']
[0.150s] Level 1:colcon.colcon_core.package_identification:_identify(ros-bridge/src/ROS-TCP-Connector/com.unity.robotics.ros-tcp-connector/Runtime/Extensions) by extension 'colcon_meta'
[0.150s] Level 1:colcon.colcon_core.package_identification:_identify(ros-bridge/src/ROS-TCP-Connector/com.unity.robotics.ros-tcp-connector/Runtime/Extensions) by extensions ['ros']
[0.150s] Level 1:colcon.colcon_core.package_identification:_identify(ros-bridge/src/ROS-TCP-Connector/com.unity.robotics.ros-tcp-connector/Runtime/Extensions) by extension 'ros'
[0.150s] Level 1:colcon.colcon_core.package_identification:_identify(ros-bridge/src/ROS-TCP-Connector/com.unity.robotics.ros-tcp-connector/Runtime/Extensions) by extensions ['cmake', 'python']
[0.150s] Level 1:colcon.colcon_core.package_identification:_identify(ros-bridge/src/ROS-TCP-Connector/com.unity.robotics.ros-tcp-connector/Runtime/Extensions) by extension 'cmake'
[0.150s] Level 1:colcon.colcon_core.package_identification:_identify(ros-bridge/src/ROS-TCP-Connector/com.unity.robotics.ros-tcp-connector/Runtime/Extensions) by extension 'python'
[0.150s] Level 1:colcon.colcon_core.package_identification:_identify(ros-bridge/src/ROS-TCP-Connector/com.unity.robotics.ros-tcp-connector/Runtime/Extensions) by extensions ['python_setup_py']
[0.150s] Level 1:colcon.colcon_core.package_identification:_identify(ros-bridge/src/ROS-TCP-Connector/com.unity.robotics.ros-tcp-connector/Runtime/Extensions) by extension 'python_setup_py'
[0.150s] Level 1:colcon.colcon_core.package_identification:_identify(ros-bridge/src/ROS-TCP-Connector/com.unity.robotics.ros-tcp-connector/Runtime/MessageGeneration) by extensions ['ignore', 'ignore_ament_install']
[0.150s] Level 1:colcon.colcon_core.package_identification:_identify(ros-bridge/src/ROS-TCP-Connector/com.unity.robotics.ros-tcp-connector/Runtime/MessageGeneration) by extension 'ignore'
[0.150s] Level 1:colcon.colcon_core.package_identification:_identify(ros-bridge/src/ROS-TCP-Connector/com.unity.robotics.ros-tcp-connector/Runtime/MessageGeneration) by extension 'ignore_ament_install'
[0.150s] Level 1:colcon.colcon_core.package_identification:_identify(ros-bridge/src/ROS-TCP-Connector/com.unity.robotics.ros-tcp-connector/Runtime/MessageGeneration) by extensions ['colcon_pkg']
[0.150s] Level 1:colcon.colcon_core.package_identification:_identify(ros-bridge/src/ROS-TCP-Connector/com.unity.robotics.ros-tcp-connector/Runtime/MessageGeneration) by extension 'colcon_pkg'
[0.150s] Level 1:colcon.colcon_core.package_identification:_identify(ros-bridge/src/ROS-TCP-Connector/com.unity.robotics.ros-tcp-connector/Runtime/MessageGeneration) by extensions ['colcon_meta']
[0.150s] Level 1:colcon.colcon_core.package_identification:_identify(ros-bridge/src/ROS-TCP-Connector/com.unity.robotics.ros-tcp-connector/Runtime/MessageGeneration) by extension 'colcon_meta'
[0.150s] Level 1:colcon.colcon_core.package_identification:_identify(ros-bridge/src/ROS-TCP-Connector/com.unity.robotics.ros-tcp-connector/Runtime/MessageGeneration) by extensions ['ros']
[0.150s] Level 1:colcon.colcon_core.package_identification:_identify(ros-bridge/src/ROS-TCP-Connector/com.unity.robotics.ros-tcp-connector/Runtime/MessageGeneration) by extension 'ros'
[0.150s] Level 1:colcon.colcon_core.package_identification:_identify(ros-bridge/src/ROS-TCP-Connector/com.unity.robotics.ros-tcp-connector/Runtime/MessageGeneration) by extensions ['cmake', 'python']
[0.150s] Level 1:colcon.colcon_core.package_identification:_identify(ros-bridge/src/ROS-TCP-Connector/com.unity.robotics.ros-tcp-connector/Runtime/MessageGeneration) by extension 'cmake'
[0.150s] Level 1:colcon.colcon_core.package_identification:_identify(ros-bridge/src/ROS-TCP-Connector/com.unity.robotics.ros-tcp-connector/Runtime/MessageGeneration) by extension 'python'
[0.150s] Level 1:colcon.colcon_core.package_identification:_identify(ros-bridge/src/ROS-TCP-Connector/com.unity.robotics.ros-tcp-connector/Runtime/MessageGeneration) by extensions ['python_setup_py']
[0.150s] Level 1:colcon.colcon_core.package_identification:_identify(ros-bridge/src/ROS-TCP-Connector/com.unity.robotics.ros-tcp-connector/Runtime/MessageGeneration) by extension 'python_setup_py'
[0.150s] Level 1:colcon.colcon_core.package_identification:_identify(ros-bridge/src/ROS-TCP-Connector/com.unity.robotics.ros-tcp-connector/Runtime/Messages) by extensions ['ignore', 'ignore_ament_install']
[0.150s] Level 1:colcon.colcon_core.package_identification:_identify(ros-bridge/src/ROS-TCP-Connector/com.unity.robotics.ros-tcp-connector/Runtime/Messages) by extension 'ignore'
[0.150s] Level 1:colcon.colcon_core.package_identification:_identify(ros-bridge/src/ROS-TCP-Connector/com.unity.robotics.ros-tcp-connector/Runtime/Messages) by extension 'ignore_ament_install'
[0.150s] Level 1:colcon.colcon_core.package_identification:_identify(ros-bridge/src/ROS-TCP-Connector/com.unity.robotics.ros-tcp-connector/Runtime/Messages) by extensions ['colcon_pkg']
[0.150s] Level 1:colcon.colcon_core.package_identification:_identify(ros-bridge/src/ROS-TCP-Connector/com.unity.robotics.ros-tcp-connector/Runtime/Messages) by extension 'colcon_pkg'
[0.150s] Level 1:colcon.colcon_core.package_identification:_identify(ros-bridge/src/ROS-TCP-Connector/com.unity.robotics.ros-tcp-connector/Runtime/Messages) by extensions ['colcon_meta']
[0.151s] Level 1:colcon.colcon_core.package_identification:_identify(ros-bridge/src/ROS-TCP-Connector/com.unity.robotics.ros-tcp-connector/Runtime/Messages) by extension 'colcon_meta'
[0.151s] Level 1:colcon.colcon_core.package_identification:_identify(ros-bridge/src/ROS-TCP-Connector/com.unity.robotics.ros-tcp-connector/Runtime/Messages) by extensions ['ros']
[0.151s] Level 1:colcon.colcon_core.package_identification:_identify(ros-bridge/src/ROS-TCP-Connector/com.unity.robotics.ros-tcp-connector/Runtime/Messages) by extension 'ros'
[0.151s] Level 1:colcon.colcon_core.package_identification:_identify(ros-bridge/src/ROS-TCP-Connector/com.unity.robotics.ros-tcp-connector/Runtime/Messages) by extensions ['cmake', 'python']
[0.151s] Level 1:colcon.colcon_core.package_identification:_identify(ros-bridge/src/ROS-TCP-Connector/com.unity.robotics.ros-tcp-connector/Runtime/Messages) by extension 'cmake'
[0.151s] Level 1:colcon.colcon_core.package_identification:_identify(ros-bridge/src/ROS-TCP-Connector/com.unity.robotics.ros-tcp-connector/Runtime/Messages) by extension 'python'
[0.151s] Level 1:colcon.colcon_core.package_identification:_identify(ros-bridge/src/ROS-TCP-Connector/com.unity.robotics.ros-tcp-connector/Runtime/Messages) by extensions ['python_setup_py']
[0.151s] Level 1:colcon.colcon_core.package_identification:_identify(ros-bridge/src/ROS-TCP-Connector/com.unity.robotics.ros-tcp-connector/Runtime/Messages) by extension 'python_setup_py'
[0.151s] Level 1:colcon.colcon_core.package_identification:_identify(ros-bridge/src/ROS-TCP-Connector/com.unity.robotics.ros-tcp-connector/Runtime/Messages/Actionlib) by extensions ['ignore', 'ignore_ament_install']
[0.151s] Level 1:colcon.colcon_core.package_identification:_identify(ros-bridge/src/ROS-TCP-Connector/com.unity.robotics.ros-tcp-connector/Runtime/Messages/Actionlib) by extension 'ignore'
[0.151s] Level 1:colcon.colcon_core.package_identification:_identify(ros-bridge/src/ROS-TCP-Connector/com.unity.robotics.ros-tcp-connector/Runtime/Messages/Actionlib) by extension 'ignore_ament_install'
[0.151s] Level 1:colcon.colcon_core.package_identification:_identify(ros-bridge/src/ROS-TCP-Connector/com.unity.robotics.ros-tcp-connector/Runtime/Messages/Actionlib) by extensions ['colcon_pkg']
[0.151s] Level 1:colcon.colcon_core.package_identification:_identify(ros-bridge/src/ROS-TCP-Connector/com.unity.robotics.ros-tcp-connector/Runtime/Messages/Actionlib) by extension 'colcon_pkg'
[0.151s] Level 1:colcon.colcon_core.package_identification:_identify(ros-bridge/src/ROS-TCP-Connector/com.unity.robotics.ros-tcp-connector/Runtime/Messages/Actionlib) by extensions ['colcon_meta']
[0.151s] Level 1:colcon.colcon_core.package_identification:_identify(ros-bridge/src/ROS-TCP-Connector/com.unity.robotics.ros-tcp-connector/Runtime/Messages/Actionlib) by extension 'colcon_meta'
[0.151s] Level 1:colcon.colcon_core.package_identification:_identify(ros-bridge/src/ROS-TCP-Connector/com.unity.robotics.ros-tcp-connector/Runtime/Messages/Actionlib) by extensions ['ros']
[0.151s] Level 1:colcon.colcon_core.package_identification:_identify(ros-bridge/src/ROS-TCP-Connector/com.unity.robotics.ros-tcp-connector/Runtime/Messages/Actionlib) by extension 'ros'
[0.151s] Level 1:colcon.colcon_core.package_identification:_identify(ros-bridge/src/ROS-TCP-Connector/com.unity.robotics.ros-tcp-connector/Runtime/Messages/Actionlib) by extensions ['cmake', 'python']
[0.151s] Level 1:colcon.colcon_core.package_identification:_identify(ros-bridge/src/ROS-TCP-Connector/com.unity.robotics.ros-tcp-connector/Runtime/Messages/Actionlib) by extension 'cmake'
[0.151s] Level 1:colcon.colcon_core.package_identification:_identify(ros-bridge/src/ROS-TCP-Connector/com.unity.robotics.ros-tcp-connector/Runtime/Messages/Actionlib) by extension 'python'
[0.151s] Level 1:colcon.colcon_core.package_identification:_identify(ros-bridge/src/ROS-TCP-Connector/com.unity.robotics.ros-tcp-connector/Runtime/Messages/Actionlib) by extensions ['python_setup_py']
[0.151s] Level 1:colcon.colcon_core.package_identification:_identify(ros-bridge/src/ROS-TCP-Connector/com.unity.robotics.ros-tcp-connector/Runtime/Messages/Actionlib) by extension 'python_setup_py'
[0.151s] Level 1:colcon.colcon_core.package_identification:_identify(ros-bridge/src/ROS-TCP-Connector/com.unity.robotics.ros-tcp-connector/Runtime/Messages/Actionlib/msg) by extensions ['ignore', 'ignore_ament_install']
[0.151s] Level 1:colcon.colcon_core.package_identification:_identify(ros-bridge/src/ROS-TCP-Connector/com.unity.robotics.ros-tcp-connector/Runtime/Messages/Actionlib/msg) by extension 'ignore'
[0.151s] Level 1:colcon.colcon_core.package_identification:_identify(ros-bridge/src/ROS-TCP-Connector/com.unity.robotics.ros-tcp-connector/Runtime/Messages/Actionlib/msg) by extension 'ignore_ament_install'
[0.151s] Level 1:colcon.colcon_core.package_identification:_identify(ros-bridge/src/ROS-TCP-Connector/com.unity.robotics.ros-tcp-connector/Runtime/Messages/Actionlib/msg) by extensions ['colcon_pkg']
[0.151s] Level 1:colcon.colcon_core.package_identification:_identify(ros-bridge/src/ROS-TCP-Connector/com.unity.robotics.ros-tcp-connector/Runtime/Messages/Actionlib/msg) by extension 'colcon_pkg'
[0.151s] Level 1:colcon.colcon_core.package_identification:_identify(ros-bridge/src/ROS-TCP-Connector/com.unity.robotics.ros-tcp-connector/Runtime/Messages/Actionlib/msg) by extensions ['colcon_meta']
[0.151s] Level 1:colcon.colcon_core.package_identification:_identify(ros-bridge/src/ROS-TCP-Connector/com.unity.robotics.ros-tcp-connector/Runtime/Messages/Actionlib/msg) by extension 'colcon_meta'
[0.151s] Level 1:colcon.colcon_core.package_identification:_identify(ros-bridge/src/ROS-TCP-Connector/com.unity.robotics.ros-tcp-connector/Runtime/Messages/Actionlib/msg) by extensions ['ros']
[0.151s] Level 1:colcon.colcon_core.package_identification:_identify(ros-bridge/src/ROS-TCP-Connector/com.unity.robotics.ros-tcp-connector/Runtime/Messages/Actionlib/msg) by extension 'ros'
[0.151s] Level 1:colcon.colcon_core.package_identification:_identify(ros-bridge/src/ROS-TCP-Connector/com.unity.robotics.ros-tcp-connector/Runtime/Messages/Actionlib/msg) by extensions ['cmake', 'python']
[0.151s] Level 1:colcon.colcon_core.package_identification:_identify(ros-bridge/src/ROS-TCP-Connector/com.unity.robotics.ros-tcp-connector/Runtime/Messages/Actionlib/msg) by extension 'cmake'
[0.151s] Level 1:colcon.colcon_core.package_identification:_identify(ros-bridge/src/ROS-TCP-Connector/com.unity.robotics.ros-tcp-connector/Runtime/Messages/Actionlib/msg) by extension 'python'
[0.151s] Level 1:colcon.colcon_core.package_identification:_identify(ros-bridge/src/ROS-TCP-Connector/com.unity.robotics.ros-tcp-connector/Runtime/Messages/Actionlib/msg) by extensions ['python_setup_py']
[0.151s] Level 1:colcon.colcon_core.package_identification:_identify(ros-bridge/src/ROS-TCP-Connector/com.unity.robotics.ros-tcp-connector/Runtime/Messages/Actionlib/msg) by extension 'python_setup_py'
[0.151s] Level 1:colcon.colcon_core.package_identification:_identify(ros-bridge/src/ROS-TCP-Connector/com.unity.robotics.ros-tcp-connector/Runtime/Messages/Diagnostic) by extensions ['ignore', 'ignore_ament_install']
[0.151s] Level 1:colcon.colcon_core.package_identification:_identify(ros-bridge/src/ROS-TCP-Connector/com.unity.robotics.ros-tcp-connector/Runtime/Messages/Diagnostic) by extension 'ignore'
[0.151s] Level 1:colcon.colcon_core.package_identification:_identify(ros-bridge/src/ROS-TCP-Connector/com.unity.robotics.ros-tcp-connector/Runtime/Messages/Diagnostic) by extension 'ignore_ament_install'
[0.151s] Level 1:colcon.colcon_core.package_identification:_identify(ros-bridge/src/ROS-TCP-Connector/com.unity.robotics.ros-tcp-connector/Runtime/Messages/Diagnostic) by extensions ['colcon_pkg']
[0.151s] Level 1:colcon.colcon_core.package_identification:_identify(ros-bridge/src/ROS-TCP-Connector/com.unity.robotics.ros-tcp-connector/Runtime/Messages/Diagnostic) by extension 'colcon_pkg'
[0.151s] Level 1:colcon.colcon_core.package_identification:_identify(ros-bridge/src/ROS-TCP-Connector/com.unity.robotics.ros-tcp-connector/Runtime/Messages/Diagnostic) by extensions ['colcon_meta']
[0.151s] Level 1:colcon.colcon_core.package_identification:_identify(ros-bridge/src/ROS-TCP-Connector/com.unity.robotics.ros-tcp-connector/Runtime/Messages/Diagnostic) by extension 'colcon_meta'
[0.151s] Level 1:colcon.colcon_core.package_identification:_identify(ros-bridge/src/ROS-TCP-Connector/com.unity.robotics.ros-tcp-connector/Runtime/Messages/Diagnostic) by extensions ['ros']
[0.151s] Level 1:colcon.colcon_core.package_identification:_identify(ros-bridge/src/ROS-TCP-Connector/com.unity.robotics.ros-tcp-connector/Runtime/Messages/Diagnostic) by extension 'ros'
[0.151s] Level 1:colcon.colcon_core.package_identification:_identify(ros-bridge/src/ROS-TCP-Connector/com.unity.robotics.ros-tcp-connector/Runtime/Messages/Diagnostic) by extensions ['cmake', 'python']
[0.151s] Level 1:colcon.colcon_core.package_identification:_identify(ros-bridge/src/ROS-TCP-Connector/com.unity.robotics.ros-tcp-connector/Runtime/Messages/Diagnostic) by extension 'cmake'
[0.151s] Level 1:colcon.colcon_core.package_identification:_identify(ros-bridge/src/ROS-TCP-Connector/com.unity.robotics.ros-tcp-connector/Runtime/Messages/Diagnostic) by extension 'python'
[0.151s] Level 1:colcon.colcon_core.package_identification:_identify(ros-bridge/src/ROS-TCP-Connector/com.unity.robotics.ros-tcp-connector/Runtime/Messages/Diagnostic) by extensions ['python_setup_py']
[0.151s] Level 1:colcon.colcon_core.package_identification:_identify(ros-bridge/src/ROS-TCP-Connector/com.unity.robotics.ros-tcp-connector/Runtime/Messages/Diagnostic) by extension 'python_setup_py'
[0.152s] Level 1:colcon.colcon_core.package_identification:_identify(ros-bridge/src/ROS-TCP-Connector/com.unity.robotics.ros-tcp-connector/Runtime/Messages/Diagnostic/msg) by extensions ['ignore', 'ignore_ament_install']
[0.152s] Level 1:colcon.colcon_core.package_identification:_identify(ros-bridge/src/ROS-TCP-Connector/com.unity.robotics.ros-tcp-connector/Runtime/Messages/Diagnostic/msg) by extension 'ignore'
[0.152s] Level 1:colcon.colcon_core.package_identification:_identify(ros-bridge/src/ROS-TCP-Connector/com.unity.robotics.ros-tcp-connector/Runtime/Messages/Diagnostic/msg) by extension 'ignore_ament_install'
[0.152s] Level 1:colcon.colcon_core.package_identification:_identify(ros-bridge/src/ROS-TCP-Connector/com.unity.robotics.ros-tcp-connector/Runtime/Messages/Diagnostic/msg) by extensions ['colcon_pkg']
[0.152s] Level 1:colcon.colcon_core.package_identification:_identify(ros-bridge/src/ROS-TCP-Connector/com.unity.robotics.ros-tcp-connector/Runtime/Messages/Diagnostic/msg) by extension 'colcon_pkg'
[0.152s] Level 1:colcon.colcon_core.package_identification:_identify(ros-bridge/src/ROS-TCP-Connector/com.unity.robotics.ros-tcp-connector/Runtime/Messages/Diagnostic/msg) by extensions ['colcon_meta']
[0.152s] Level 1:colcon.colcon_core.package_identification:_identify(ros-bridge/src/ROS-TCP-Connector/com.unity.robotics.ros-tcp-connector/Runtime/Messages/Diagnostic/msg) by extension 'colcon_meta'
[0.152s] Level 1:colcon.colcon_core.package_identification:_identify(ros-bridge/src/ROS-TCP-Connector/com.unity.robotics.ros-tcp-connector/Runtime/Messages/Diagnostic/msg) by extensions ['ros']
[0.152s] Level 1:colcon.colcon_core.package_identification:_identify(ros-bridge/src/ROS-TCP-Connector/com.unity.robotics.ros-tcp-connector/Runtime/Messages/Diagnostic/msg) by extension 'ros'
[0.152s] Level 1:colcon.colcon_core.package_identification:_identify(ros-bridge/src/ROS-TCP-Connector/com.unity.robotics.ros-tcp-connector/Runtime/Messages/Diagnostic/msg) by extensions ['cmake', 'python']
[0.152s] Level 1:colcon.colcon_core.package_identification:_identify(ros-bridge/src/ROS-TCP-Connector/com.unity.robotics.ros-tcp-connector/Runtime/Messages/Diagnostic/msg) by extension 'cmake'
[0.152s] Level 1:colcon.colcon_core.package_identification:_identify(ros-bridge/src/ROS-TCP-Connector/com.unity.robotics.ros-tcp-connector/Runtime/Messages/Diagnostic/msg) by extension 'python'
[0.152s] Level 1:colcon.colcon_core.package_identification:_identify(ros-bridge/src/ROS-TCP-Connector/com.unity.robotics.ros-tcp-connector/Runtime/Messages/Diagnostic/msg) by extensions ['python_setup_py']
[0.152s] Level 1:colcon.colcon_core.package_identification:_identify(ros-bridge/src/ROS-TCP-Connector/com.unity.robotics.ros-tcp-connector/Runtime/Messages/Diagnostic/msg) by extension 'python_setup_py'
[0.152s] Level 1:colcon.colcon_core.package_identification:_identify(ros-bridge/src/ROS-TCP-Connector/com.unity.robotics.ros-tcp-connector/Runtime/Messages/Diagnostic/srv) by extensions ['ignore', 'ignore_ament_install']
[0.152s] Level 1:colcon.colcon_core.package_identification:_identify(ros-bridge/src/ROS-TCP-Connector/com.unity.robotics.ros-tcp-connector/Runtime/Messages/Diagnostic/srv) by extension 'ignore'
[0.152s] Level 1:colcon.colcon_core.package_identification:_identify(ros-bridge/src/ROS-TCP-Connector/com.unity.robotics.ros-tcp-connector/Runtime/Messages/Diagnostic/srv) by extension 'ignore_ament_install'
[0.152s] Level 1:colcon.colcon_core.package_identification:_identify(ros-bridge/src/ROS-TCP-Connector/com.unity.robotics.ros-tcp-connector/Runtime/Messages/Diagnostic/srv) by extensions ['colcon_pkg']
[0.152s] Level 1:colcon.colcon_core.package_identification:_identify(ros-bridge/src/ROS-TCP-Connector/com.unity.robotics.ros-tcp-connector/Runtime/Messages/Diagnostic/srv) by extension 'colcon_pkg'
[0.152s] Level 1:colcon.colcon_core.package_identification:_identify(ros-bridge/src/ROS-TCP-Connector/com.unity.robotics.ros-tcp-connector/Runtime/Messages/Diagnostic/srv) by extensions ['colcon_meta']
[0.152s] Level 1:colcon.colcon_core.package_identification:_identify(ros-bridge/src/ROS-TCP-Connector/com.unity.robotics.ros-tcp-connector/Runtime/Messages/Diagnostic/srv) by extension 'colcon_meta'
[0.152s] Level 1:colcon.colcon_core.package_identification:_identify(ros-bridge/src/ROS-TCP-Connector/com.unity.robotics.ros-tcp-connector/Runtime/Messages/Diagnostic/srv) by extensions ['ros']
[0.152s] Level 1:colcon.colcon_core.package_identification:_identify(ros-bridge/src/ROS-TCP-Connector/com.unity.robotics.ros-tcp-connector/Runtime/Messages/Diagnostic/srv) by extension 'ros'
[0.152s] Level 1:colcon.colcon_core.package_identification:_identify(ros-bridge/src/ROS-TCP-Connector/com.unity.robotics.ros-tcp-connector/Runtime/Messages/Diagnostic/srv) by extensions ['cmake', 'python']
[0.152s] Level 1:colcon.colcon_core.package_identification:_identify(ros-bridge/src/ROS-TCP-Connector/com.unity.robotics.ros-tcp-connector/Runtime/Messages/Diagnostic/srv) by extension 'cmake'
[0.152s] Level 1:colcon.colcon_core.package_identification:_identify(ros-bridge/src/ROS-TCP-Connector/com.unity.robotics.ros-tcp-connector/Runtime/Messages/Diagnostic/srv) by extension 'python'
[0.152s] Level 1:colcon.colcon_core.package_identification:_identify(ros-bridge/src/ROS-TCP-Connector/com.unity.robotics.ros-tcp-connector/Runtime/Messages/Diagnostic/srv) by extensions ['python_setup_py']
[0.152s] Level 1:colcon.colcon_core.package_identification:_identify(ros-bridge/src/ROS-TCP-Connector/com.unity.robotics.ros-tcp-connector/Runtime/Messages/Diagnostic/srv) by extension 'python_setup_py'
[0.152s] Level 1:colcon.colcon_core.package_identification:_identify(ros-bridge/src/ROS-TCP-Connector/com.unity.robotics.ros-tcp-connector/Runtime/Messages/Geometry) by extensions ['ignore', 'ignore_ament_install']
[0.152s] Level 1:colcon.colcon_core.package_identification:_identify(ros-bridge/src/ROS-TCP-Connector/com.unity.robotics.ros-tcp-connector/Runtime/Messages/Geometry) by extension 'ignore'
[0.152s] Level 1:colcon.colcon_core.package_identification:_identify(ros-bridge/src/ROS-TCP-Connector/com.unity.robotics.ros-tcp-connector/Runtime/Messages/Geometry) by extension 'ignore_ament_install'
[0.152s] Level 1:colcon.colcon_core.package_identification:_identify(ros-bridge/src/ROS-TCP-Connector/com.unity.robotics.ros-tcp-connector/Runtime/Messages/Geometry) by extensions ['colcon_pkg']
[0.152s] Level 1:colcon.colcon_core.package_identification:_identify(ros-bridge/src/ROS-TCP-Connector/com.unity.robotics.ros-tcp-connector/Runtime/Messages/Geometry) by extension 'colcon_pkg'
[0.152s] Level 1:colcon.colcon_core.package_identification:_identify(ros-bridge/src/ROS-TCP-Connector/com.unity.robotics.ros-tcp-connector/Runtime/Messages/Geometry) by extensions ['colcon_meta']
[0.152s] Level 1:colcon.colcon_core.package_identification:_identify(ros-bridge/src/ROS-TCP-Connector/com.unity.robotics.ros-tcp-connector/Runtime/Messages/Geometry) by extension 'colcon_meta'
[0.152s] Level 1:colcon.colcon_core.package_identification:_identify(ros-bridge/src/ROS-TCP-Connector/com.unity.robotics.ros-tcp-connector/Runtime/Messages/Geometry) by extensions ['ros']
[0.152s] Level 1:colcon.colcon_core.package_identification:_identify(ros-bridge/src/ROS-TCP-Connector/com.unity.robotics.ros-tcp-connector/Runtime/Messages/Geometry) by extension 'ros'
[0.152s] Level 1:colcon.colcon_core.package_identification:_identify(ros-bridge/src/ROS-TCP-Connector/com.unity.robotics.ros-tcp-connector/Runtime/Messages/Geometry) by extensions ['cmake', 'python']
[0.152s] Level 1:colcon.colcon_core.package_identification:_identify(ros-bridge/src/ROS-TCP-Connector/com.unity.robotics.ros-tcp-connector/Runtime/Messages/Geometry) by extension 'cmake'
[0.152s] Level 1:colcon.colcon_core.package_identification:_identify(ros-bridge/src/ROS-TCP-Connector/com.unity.robotics.ros-tcp-connector/Runtime/Messages/Geometry) by extension 'python'
[0.152s] Level 1:colcon.colcon_core.package_identification:_identify(ros-bridge/src/ROS-TCP-Connector/com.unity.robotics.ros-tcp-connector/Runtime/Messages/Geometry) by extensions ['python_setup_py']
[0.152s] Level 1:colcon.colcon_core.package_identification:_identify(ros-bridge/src/ROS-TCP-Connector/com.unity.robotics.ros-tcp-connector/Runtime/Messages/Geometry) by extension 'python_setup_py'
[0.152s] Level 1:colcon.colcon_core.package_identification:_identify(ros-bridge/src/ROS-TCP-Connector/com.unity.robotics.ros-tcp-connector/Runtime/Messages/Geometry/msg) by extensions ['ignore', 'ignore_ament_install']
[0.153s] Level 1:colcon.colcon_core.package_identification:_identify(ros-bridge/src/ROS-TCP-Connector/com.unity.robotics.ros-tcp-connector/Runtime/Messages/Geometry/msg) by extension 'ignore'
[0.153s] Level 1:colcon.colcon_core.package_identification:_identify(ros-bridge/src/ROS-TCP-Connector/com.unity.robotics.ros-tcp-connector/Runtime/Messages/Geometry/msg) by extension 'ignore_ament_install'
[0.153s] Level 1:colcon.colcon_core.package_identification:_identify(ros-bridge/src/ROS-TCP-Connector/com.unity.robotics.ros-tcp-connector/Runtime/Messages/Geometry/msg) by extensions ['colcon_pkg']
[0.153s] Level 1:colcon.colcon_core.package_identification:_identify(ros-bridge/src/ROS-TCP-Connector/com.unity.robotics.ros-tcp-connector/Runtime/Messages/Geometry/msg) by extension 'colcon_pkg'
[0.153s] Level 1:colcon.colcon_core.package_identification:_identify(ros-bridge/src/ROS-TCP-Connector/com.unity.robotics.ros-tcp-connector/Runtime/Messages/Geometry/msg) by extensions ['colcon_meta']
[0.153s] Level 1:colcon.colcon_core.package_identification:_identify(ros-bridge/src/ROS-TCP-Connector/com.unity.robotics.ros-tcp-connector/Runtime/Messages/Geometry/msg) by extension 'colcon_meta'
[0.153s] Level 1:colcon.colcon_core.package_identification:_identify(ros-bridge/src/ROS-TCP-Connector/com.unity.robotics.ros-tcp-connector/Runtime/Messages/Geometry/msg) by extensions ['ros']
[0.153s] Level 1:colcon.colcon_core.package_identification:_identify(ros-bridge/src/ROS-TCP-Connector/com.unity.robotics.ros-tcp-connector/Runtime/Messages/Geometry/msg) by extension 'ros'
[0.153s] Level 1:colcon.colcon_core.package_identification:_identify(ros-bridge/src/ROS-TCP-Connector/com.unity.robotics.ros-tcp-connector/Runtime/Messages/Geometry/msg) by extensions ['cmake', 'python']
[0.153s] Level 1:colcon.colcon_core.package_identification:_identify(ros-bridge/src/ROS-TCP-Connector/com.unity.robotics.ros-tcp-connector/Runtime/Messages/Geometry/msg) by extension 'cmake'
[0.153s] Level 1:colcon.colcon_core.package_identification:_identify(ros-bridge/src/ROS-TCP-Connector/com.unity.robotics.ros-tcp-connector/Runtime/Messages/Geometry/msg) by extension 'python'
[0.153s] Level 1:colcon.colcon_core.package_identification:_identify(ros-bridge/src/ROS-TCP-Connector/com.unity.robotics.ros-tcp-connector/Runtime/Messages/Geometry/msg) by extensions ['python_setup_py']
[0.153s] Level 1:colcon.colcon_core.package_identification:_identify(ros-bridge/src/ROS-TCP-Connector/com.unity.robotics.ros-tcp-connector/Runtime/Messages/Geometry/msg) by extension 'python_setup_py'
[0.153s] Level 1:colcon.colcon_core.package_identification:_identify(ros-bridge/src/ROS-TCP-Connector/com.unity.robotics.ros-tcp-connector/Runtime/Messages/HandwrittenMessages) by extensions ['ignore', 'ignore_ament_install']
[0.153s] Level 1:colcon.colcon_core.package_identification:_identify(ros-bridge/src/ROS-TCP-Connector/com.unity.robotics.ros-tcp-connector/Runtime/Messages/HandwrittenMessages) by extension 'ignore'
[0.153s] Level 1:colcon.colcon_core.package_identification:_identify(ros-bridge/src/ROS-TCP-Connector/com.unity.robotics.ros-tcp-connector/Runtime/Messages/HandwrittenMessages) by extension 'ignore_ament_install'
[0.153s] Level 1:colcon.colcon_core.package_identification:_identify(ros-bridge/src/ROS-TCP-Connector/com.unity.robotics.ros-tcp-connector/Runtime/Messages/HandwrittenMessages) by extensions ['colcon_pkg']
[0.153s] Level 1:colcon.colcon_core.package_identification:_identify(ros-bridge/src/ROS-TCP-Connector/com.unity.robotics.ros-tcp-connector/Runtime/Messages/HandwrittenMessages) by extension 'colcon_pkg'
[0.153s] Level 1:colcon.colcon_core.package_identification:_identify(ros-bridge/src/ROS-TCP-Connector/com.unity.robotics.ros-tcp-connector/Runtime/Messages/HandwrittenMessages) by extensions ['colcon_meta']
[0.153s] Level 1:colcon.colcon_core.package_identification:_identify(ros-bridge/src/ROS-TCP-Connector/com.unity.robotics.ros-tcp-connector/Runtime/Messages/HandwrittenMessages) by extension 'colcon_meta'
[0.153s] Level 1:colcon.colcon_core.package_identification:_identify(ros-bridge/src/ROS-TCP-Connector/com.unity.robotics.ros-tcp-connector/Runtime/Messages/HandwrittenMessages) by extensions ['ros']
[0.153s] Level 1:colcon.colcon_core.package_identification:_identify(ros-bridge/src/ROS-TCP-Connector/com.unity.robotics.ros-tcp-connector/Runtime/Messages/HandwrittenMessages) by extension 'ros'
[0.153s] Level 1:colcon.colcon_core.package_identification:_identify(ros-bridge/src/ROS-TCP-Connector/com.unity.robotics.ros-tcp-connector/Runtime/Messages/HandwrittenMessages) by extensions ['cmake', 'python']
[0.153s] Level 1:colcon.colcon_core.package_identification:_identify(ros-bridge/src/ROS-TCP-Connector/com.unity.robotics.ros-tcp-connector/Runtime/Messages/HandwrittenMessages) by extension 'cmake'
[0.153s] Level 1:colcon.colcon_core.package_identification:_identify(ros-bridge/src/ROS-TCP-Connector/com.unity.robotics.ros-tcp-connector/Runtime/Messages/HandwrittenMessages) by extension 'python'
[0.153s] Level 1:colcon.colcon_core.package_identification:_identify(ros-bridge/src/ROS-TCP-Connector/com.unity.robotics.ros-tcp-connector/Runtime/Messages/HandwrittenMessages) by extensions ['python_setup_py']
[0.153s] Level 1:colcon.colcon_core.package_identification:_identify(ros-bridge/src/ROS-TCP-Connector/com.unity.robotics.ros-tcp-connector/Runtime/Messages/HandwrittenMessages) by extension 'python_setup_py'
[0.153s] Level 1:colcon.colcon_core.package_identification:_identify(ros-bridge/src/ROS-TCP-Connector/com.unity.robotics.ros-tcp-connector/Runtime/Messages/HandwrittenMessages/action) by extensions ['ignore', 'ignore_ament_install']
[0.153s] Level 1:colcon.colcon_core.package_identification:_identify(ros-bridge/src/ROS-TCP-Connector/com.unity.robotics.ros-tcp-connector/Runtime/Messages/HandwrittenMessages/action) by extension 'ignore'
[0.153s] Level 1:colcon.colcon_core.package_identification:_identify(ros-bridge/src/ROS-TCP-Connector/com.unity.robotics.ros-tcp-connector/Runtime/Messages/HandwrittenMessages/action) by extension 'ignore_ament_install'
[0.153s] Level 1:colcon.colcon_core.package_identification:_identify(ros-bridge/src/ROS-TCP-Connector/com.unity.robotics.ros-tcp-connector/Runtime/Messages/HandwrittenMessages/action) by extensions ['colcon_pkg']
[0.153s] Level 1:colcon.colcon_core.package_identification:_identify(ros-bridge/src/ROS-TCP-Connector/com.unity.robotics.ros-tcp-connector/Runtime/Messages/HandwrittenMessages/action) by extension 'colcon_pkg'
[0.153s] Level 1:colcon.colcon_core.package_identification:_identify(ros-bridge/src/ROS-TCP-Connector/com.unity.robotics.ros-tcp-connector/Runtime/Messages/HandwrittenMessages/action) by extensions ['colcon_meta']
[0.153s] Level 1:colcon.colcon_core.package_identification:_identify(ros-bridge/src/ROS-TCP-Connector/com.unity.robotics.ros-tcp-connector/Runtime/Messages/HandwrittenMessages/action) by extension 'colcon_meta'
[0.153s] Level 1:colcon.colcon_core.package_identification:_identify(ros-bridge/src/ROS-TCP-Connector/com.unity.robotics.ros-tcp-connector/Runtime/Messages/HandwrittenMessages/action) by extensions ['ros']
[0.153s] Level 1:colcon.colcon_core.package_identification:_identify(ros-bridge/src/ROS-TCP-Connector/com.unity.robotics.ros-tcp-connector/Runtime/Messages/HandwrittenMessages/action) by extension 'ros'
[0.153s] Level 1:colcon.colcon_core.package_identification:_identify(ros-bridge/src/ROS-TCP-Connector/com.unity.robotics.ros-tcp-connector/Runtime/Messages/HandwrittenMessages/action) by extensions ['cmake', 'python']
[0.153s] Level 1:colcon.colcon_core.package_identification:_identify(ros-bridge/src/ROS-TCP-Connector/com.unity.robotics.ros-tcp-connector/Runtime/Messages/HandwrittenMessages/action) by extension 'cmake'
[0.153s] Level 1:colcon.colcon_core.package_identification:_identify(ros-bridge/src/ROS-TCP-Connector/com.unity.robotics.ros-tcp-connector/Runtime/Messages/HandwrittenMessages/action) by extension 'python'
[0.153s] Level 1:colcon.colcon_core.package_identification:_identify(ros-bridge/src/ROS-TCP-Connector/com.unity.robotics.ros-tcp-connector/Runtime/Messages/HandwrittenMessages/action) by extensions ['python_setup_py']
[0.153s] Level 1:colcon.colcon_core.package_identification:_identify(ros-bridge/src/ROS-TCP-Connector/com.unity.robotics.ros-tcp-connector/Runtime/Messages/HandwrittenMessages/action) by extension 'python_setup_py'
[0.153s] Level 1:colcon.colcon_core.package_identification:_identify(ros-bridge/src/ROS-TCP-Connector/com.unity.robotics.ros-tcp-connector/Runtime/Messages/HandwrittenMessages/msg) by extensions ['ignore', 'ignore_ament_install']
[0.153s] Level 1:colcon.colcon_core.package_identification:_identify(ros-bridge/src/ROS-TCP-Connector/com.unity.robotics.ros-tcp-connector/Runtime/Messages/HandwrittenMessages/msg) by extension 'ignore'
[0.153s] Level 1:colcon.colcon_core.package_identification:_identify(ros-bridge/src/ROS-TCP-Connector/com.unity.robotics.ros-tcp-connector/Runtime/Messages/HandwrittenMessages/msg) by extension 'ignore_ament_install'
[0.153s] Level 1:colcon.colcon_core.package_identification:_identify(ros-bridge/src/ROS-TCP-Connector/com.unity.robotics.ros-tcp-connector/Runtime/Messages/HandwrittenMessages/msg) by extensions ['colcon_pkg']
[0.153s] Level 1:colcon.colcon_core.package_identification:_identify(ros-bridge/src/ROS-TCP-Connector/com.unity.robotics.ros-tcp-connector/Runtime/Messages/HandwrittenMessages/msg) by extension 'colcon_pkg'
[0.153s] Level 1:colcon.colcon_core.package_identification:_identify(ros-bridge/src/ROS-TCP-Connector/com.unity.robotics.ros-tcp-connector/Runtime/Messages/HandwrittenMessages/msg) by extensions ['colcon_meta']
[0.153s] Level 1:colcon.colcon_core.package_identification:_identify(ros-bridge/src/ROS-TCP-Connector/com.unity.robotics.ros-tcp-connector/Runtime/Messages/HandwrittenMessages/msg) by extension 'colcon_meta'
[0.153s] Level 1:colcon.colcon_core.package_identification:_identify(ros-bridge/src/ROS-TCP-Connector/com.unity.robotics.ros-tcp-connector/Runtime/Messages/HandwrittenMessages/msg) by extensions ['ros']
[0.154s] Level 1:colcon.colcon_core.package_identification:_identify(ros-bridge/src/ROS-TCP-Connector/com.unity.robotics.ros-tcp-connector/Runtime/Messages/HandwrittenMessages/msg) by extension 'ros'
[0.154s] Level 1:colcon.colcon_core.package_identification:_identify(ros-bridge/src/ROS-TCP-Connector/com.unity.robotics.ros-tcp-connector/Runtime/Messages/HandwrittenMessages/msg) by extensions ['cmake', 'python']
[0.154s] Level 1:colcon.colcon_core.package_identification:_identify(ros-bridge/src/ROS-TCP-Connector/com.unity.robotics.ros-tcp-connector/Runtime/Messages/HandwrittenMessages/msg) by extension 'cmake'
[0.154s] Level 1:colcon.colcon_core.package_identification:_identify(ros-bridge/src/ROS-TCP-Connector/com.unity.robotics.ros-tcp-connector/Runtime/Messages/HandwrittenMessages/msg) by extension 'python'
[0.154s] Level 1:colcon.colcon_core.package_identification:_identify(ros-bridge/src/ROS-TCP-Connector/com.unity.robotics.ros-tcp-connector/Runtime/Messages/HandwrittenMessages/msg) by extensions ['python_setup_py']
[0.154s] Level 1:colcon.colcon_core.package_identification:_identify(ros-bridge/src/ROS-TCP-Connector/com.unity.robotics.ros-tcp-connector/Runtime/Messages/HandwrittenMessages/msg) by extension 'python_setup_py'
[0.154s] Level 1:colcon.colcon_core.package_identification:_identify(ros-bridge/src/ROS-TCP-Connector/com.unity.robotics.ros-tcp-connector/Runtime/Messages/Nav) by extensions ['ignore', 'ignore_ament_install']
[0.154s] Level 1:colcon.colcon_core.package_identification:_identify(ros-bridge/src/ROS-TCP-Connector/com.unity.robotics.ros-tcp-connector/Runtime/Messages/Nav) by extension 'ignore'
[0.154s] Level 1:colcon.colcon_core.package_identification:_identify(ros-bridge/src/ROS-TCP-Connector/com.unity.robotics.ros-tcp-connector/Runtime/Messages/Nav) by extension 'ignore_ament_install'
[0.154s] Level 1:colcon.colcon_core.package_identification:_identify(ros-bridge/src/ROS-TCP-Connector/com.unity.robotics.ros-tcp-connector/Runtime/Messages/Nav) by extensions ['colcon_pkg']
[0.154s] Level 1:colcon.colcon_core.package_identification:_identify(ros-bridge/src/ROS-TCP-Connector/com.unity.robotics.ros-tcp-connector/Runtime/Messages/Nav) by extension 'colcon_pkg'
[0.154s] Level 1:colcon.colcon_core.package_identification:_identify(ros-bridge/src/ROS-TCP-Connector/com.unity.robotics.ros-tcp-connector/Runtime/Messages/Nav) by extensions ['colcon_meta']
[0.154s] Level 1:colcon.colcon_core.package_identification:_identify(ros-bridge/src/ROS-TCP-Connector/com.unity.robotics.ros-tcp-connector/Runtime/Messages/Nav) by extension 'colcon_meta'
[0.154s] Level 1:colcon.colcon_core.package_identification:_identify(ros-bridge/src/ROS-TCP-Connector/com.unity.robotics.ros-tcp-connector/Runtime/Messages/Nav) by extensions ['ros']
[0.154s] Level 1:colcon.colcon_core.package_identification:_identify(ros-bridge/src/ROS-TCP-Connector/com.unity.robotics.ros-tcp-connector/Runtime/Messages/Nav) by extension 'ros'
[0.154s] Level 1:colcon.colcon_core.package_identification:_identify(ros-bridge/src/ROS-TCP-Connector/com.unity.robotics.ros-tcp-connector/Runtime/Messages/Nav) by extensions ['cmake', 'python']
[0.154s] Level 1:colcon.colcon_core.package_identification:_identify(ros-bridge/src/ROS-TCP-Connector/com.unity.robotics.ros-tcp-connector/Runtime/Messages/Nav) by extension 'cmake'
[0.154s] Level 1:colcon.colcon_core.package_identification:_identify(ros-bridge/src/ROS-TCP-Connector/com.unity.robotics.ros-tcp-connector/Runtime/Messages/Nav) by extension 'python'
[0.154s] Level 1:colcon.colcon_core.package_identification:_identify(ros-bridge/src/ROS-TCP-Connector/com.unity.robotics.ros-tcp-connector/Runtime/Messages/Nav) by extensions ['python_setup_py']
[0.154s] Level 1:colcon.colcon_core.package_identification:_identify(ros-bridge/src/ROS-TCP-Connector/com.unity.robotics.ros-tcp-connector/Runtime/Messages/Nav) by extension 'python_setup_py'
[0.154s] Level 1:colcon.colcon_core.package_identification:_identify(ros-bridge/src/ROS-TCP-Connector/com.unity.robotics.ros-tcp-connector/Runtime/Messages/Nav/action) by extensions ['ignore', 'ignore_ament_install']
[0.154s] Level 1:colcon.colcon_core.package_identification:_identify(ros-bridge/src/ROS-TCP-Connector/com.unity.robotics.ros-tcp-connector/Runtime/Messages/Nav/action) by extension 'ignore'
[0.154s] Level 1:colcon.colcon_core.package_identification:_identify(ros-bridge/src/ROS-TCP-Connector/com.unity.robotics.ros-tcp-connector/Runtime/Messages/Nav/action) by extension 'ignore_ament_install'
[0.154s] Level 1:colcon.colcon_core.package_identification:_identify(ros-bridge/src/ROS-TCP-Connector/com.unity.robotics.ros-tcp-connector/Runtime/Messages/Nav/action) by extensions ['colcon_pkg']
[0.154s] Level 1:colcon.colcon_core.package_identification:_identify(ros-bridge/src/ROS-TCP-Connector/com.unity.robotics.ros-tcp-connector/Runtime/Messages/Nav/action) by extension 'colcon_pkg'
[0.154s] Level 1:colcon.colcon_core.package_identification:_identify(ros-bridge/src/ROS-TCP-Connector/com.unity.robotics.ros-tcp-connector/Runtime/Messages/Nav/action) by extensions ['colcon_meta']
[0.154s] Level 1:colcon.colcon_core.package_identification:_identify(ros-bridge/src/ROS-TCP-Connector/com.unity.robotics.ros-tcp-connector/Runtime/Messages/Nav/action) by extension 'colcon_meta'
[0.154s] Level 1:colcon.colcon_core.package_identification:_identify(ros-bridge/src/ROS-TCP-Connector/com.unity.robotics.ros-tcp-connector/Runtime/Messages/Nav/action) by extensions ['ros']
[0.154s] Level 1:colcon.colcon_core.package_identification:_identify(ros-bridge/src/ROS-TCP-Connector/com.unity.robotics.ros-tcp-connector/Runtime/Messages/Nav/action) by extension 'ros'
[0.154s] Level 1:colcon.colcon_core.package_identification:_identify(ros-bridge/src/ROS-TCP-Connector/com.unity.robotics.ros-tcp-connector/Runtime/Messages/Nav/action) by extensions ['cmake', 'python']
[0.154s] Level 1:colcon.colcon_core.package_identification:_identify(ros-bridge/src/ROS-TCP-Connector/com.unity.robotics.ros-tcp-connector/Runtime/Messages/Nav/action) by extension 'cmake'
[0.154s] Level 1:colcon.colcon_core.package_identification:_identify(ros-bridge/src/ROS-TCP-Connector/com.unity.robotics.ros-tcp-connector/Runtime/Messages/Nav/action) by extension 'python'
[0.154s] Level 1:colcon.colcon_core.package_identification:_identify(ros-bridge/src/ROS-TCP-Connector/com.unity.robotics.ros-tcp-connector/Runtime/Messages/Nav/action) by extensions ['python_setup_py']
[0.154s] Level 1:colcon.colcon_core.package_identification:_identify(ros-bridge/src/ROS-TCP-Connector/com.unity.robotics.ros-tcp-connector/Runtime/Messages/Nav/action) by extension 'python_setup_py'
[0.154s] Level 1:colcon.colcon_core.package_identification:_identify(ros-bridge/src/ROS-TCP-Connector/com.unity.robotics.ros-tcp-connector/Runtime/Messages/Nav/msg) by extensions ['ignore', 'ignore_ament_install']
[0.154s] Level 1:colcon.colcon_core.package_identification:_identify(ros-bridge/src/ROS-TCP-Connector/com.unity.robotics.ros-tcp-connector/Runtime/Messages/Nav/msg) by extension 'ignore'
[0.154s] Level 1:colcon.colcon_core.package_identification:_identify(ros-bridge/src/ROS-TCP-Connector/com.unity.robotics.ros-tcp-connector/Runtime/Messages/Nav/msg) by extension 'ignore_ament_install'
[0.154s] Level 1:colcon.colcon_core.package_identification:_identify(ros-bridge/src/ROS-TCP-Connector/com.unity.robotics.ros-tcp-connector/Runtime/Messages/Nav/msg) by extensions ['colcon_pkg']
[0.154s] Level 1:colcon.colcon_core.package_identification:_identify(ros-bridge/src/ROS-TCP-Connector/com.unity.robotics.ros-tcp-connector/Runtime/Messages/Nav/msg) by extension 'colcon_pkg'
[0.154s] Level 1:colcon.colcon_core.package_identification:_identify(ros-bridge/src/ROS-TCP-Connector/com.unity.robotics.ros-tcp-connector/Runtime/Messages/Nav/msg) by extensions ['colcon_meta']
[0.154s] Level 1:colcon.colcon_core.package_identification:_identify(ros-bridge/src/ROS-TCP-Connector/com.unity.robotics.ros-tcp-connector/Runtime/Messages/Nav/msg) by extension 'colcon_meta'
[0.154s] Level 1:colcon.colcon_core.package_identification:_identify(ros-bridge/src/ROS-TCP-Connector/com.unity.robotics.ros-tcp-connector/Runtime/Messages/Nav/msg) by extensions ['ros']
[0.154s] Level 1:colcon.colcon_core.package_identification:_identify(ros-bridge/src/ROS-TCP-Connector/com.unity.robotics.ros-tcp-connector/Runtime/Messages/Nav/msg) by extension 'ros'
[0.154s] Level 1:colcon.colcon_core.package_identification:_identify(ros-bridge/src/ROS-TCP-Connector/com.unity.robotics.ros-tcp-connector/Runtime/Messages/Nav/msg) by extensions ['cmake', 'python']
[0.154s] Level 1:colcon.colcon_core.package_identification:_identify(ros-bridge/src/ROS-TCP-Connector/com.unity.robotics.ros-tcp-connector/Runtime/Messages/Nav/msg) by extension 'cmake'
[0.154s] Level 1:colcon.colcon_core.package_identification:_identify(ros-bridge/src/ROS-TCP-Connector/com.unity.robotics.ros-tcp-connector/Runtime/Messages/Nav/msg) by extension 'python'
[0.154s] Level 1:colcon.colcon_core.package_identification:_identify(ros-bridge/src/ROS-TCP-Connector/com.unity.robotics.ros-tcp-connector/Runtime/Messages/Nav/msg) by extensions ['python_setup_py']
[0.154s] Level 1:colcon.colcon_core.package_identification:_identify(ros-bridge/src/ROS-TCP-Connector/com.unity.robotics.ros-tcp-connector/Runtime/Messages/Nav/msg) by extension 'python_setup_py'
[0.155s] Level 1:colcon.colcon_core.package_identification:_identify(ros-bridge/src/ROS-TCP-Connector/com.unity.robotics.ros-tcp-connector/Runtime/Messages/Nav/srv) by extensions ['ignore', 'ignore_ament_install']
[0.155s] Level 1:colcon.colcon_core.package_identification:_identify(ros-bridge/src/ROS-TCP-Connector/com.unity.robotics.ros-tcp-connector/Runtime/Messages/Nav/srv) by extension 'ignore'
[0.155s] Level 1:colcon.colcon_core.package_identification:_identify(ros-bridge/src/ROS-TCP-Connector/com.unity.robotics.ros-tcp-connector/Runtime/Messages/Nav/srv) by extension 'ignore_ament_install'
[0.155s] Level 1:colcon.colcon_core.package_identification:_identify(ros-bridge/src/ROS-TCP-Connector/com.unity.robotics.ros-tcp-connector/Runtime/Messages/Nav/srv) by extensions ['colcon_pkg']
[0.155s] Level 1:colcon.colcon_core.package_identification:_identify(ros-bridge/src/ROS-TCP-Connector/com.unity.robotics.ros-tcp-connector/Runtime/Messages/Nav/srv) by extension 'colcon_pkg'
[0.155s] Level 1:colcon.colcon_core.package_identification:_identify(ros-bridge/src/ROS-TCP-Connector/com.unity.robotics.ros-tcp-connector/Runtime/Messages/Nav/srv) by extensions ['colcon_meta']
[0.155s] Level 1:colcon.colcon_core.package_identification:_identify(ros-bridge/src/ROS-TCP-Connector/com.unity.robotics.ros-tcp-connector/Runtime/Messages/Nav/srv) by extension 'colcon_meta'
[0.155s] Level 1:colcon.colcon_core.package_identification:_identify(ros-bridge/src/ROS-TCP-Connector/com.unity.robotics.ros-tcp-connector/Runtime/Messages/Nav/srv) by extensions ['ros']
[0.155s] Level 1:colcon.colcon_core.package_identification:_identify(ros-bridge/src/ROS-TCP-Connector/com.unity.robotics.ros-tcp-connector/Runtime/Messages/Nav/srv) by extension 'ros'
[0.155s] Level 1:colcon.colcon_core.package_identification:_identify(ros-bridge/src/ROS-TCP-Connector/com.unity.robotics.ros-tcp-connector/Runtime/Messages/Nav/srv) by extensions ['cmake', 'python']
[0.155s] Level 1:colcon.colcon_core.package_identification:_identify(ros-bridge/src/ROS-TCP-Connector/com.unity.robotics.ros-tcp-connector/Runtime/Messages/Nav/srv) by extension 'cmake'
[0.155s] Level 1:colcon.colcon_core.package_identification:_identify(ros-bridge/src/ROS-TCP-Connector/com.unity.robotics.ros-tcp-connector/Runtime/Messages/Nav/srv) by extension 'python'
[0.155s] Level 1:colcon.colcon_core.package_identification:_identify(ros-bridge/src/ROS-TCP-Connector/com.unity.robotics.ros-tcp-connector/Runtime/Messages/Nav/srv) by extensions ['python_setup_py']
[0.155s] Level 1:colcon.colcon_core.package_identification:_identify(ros-bridge/src/ROS-TCP-Connector/com.unity.robotics.ros-tcp-connector/Runtime/Messages/Nav/srv) by extension 'python_setup_py'
[0.155s] Level 1:colcon.colcon_core.package_identification:_identify(ros-bridge/src/ROS-TCP-Connector/com.unity.robotics.ros-tcp-connector/Runtime/Messages/ObjectRecognition) by extensions ['ignore', 'ignore_ament_install']
[0.155s] Level 1:colcon.colcon_core.package_identification:_identify(ros-bridge/src/ROS-TCP-Connector/com.unity.robotics.ros-tcp-connector/Runtime/Messages/ObjectRecognition) by extension 'ignore'
[0.155s] Level 1:colcon.colcon_core.package_identification:_identify(ros-bridge/src/ROS-TCP-Connector/com.unity.robotics.ros-tcp-connector/Runtime/Messages/ObjectRecognition) by extension 'ignore_ament_install'
[0.155s] Level 1:colcon.colcon_core.package_identification:_identify(ros-bridge/src/ROS-TCP-Connector/com.unity.robotics.ros-tcp-connector/Runtime/Messages/ObjectRecognition) by extensions ['colcon_pkg']
[0.155s] Level 1:colcon.colcon_core.package_identification:_identify(ros-bridge/src/ROS-TCP-Connector/com.unity.robotics.ros-tcp-connector/Runtime/Messages/ObjectRecognition) by extension 'colcon_pkg'
[0.155s] Level 1:colcon.colcon_core.package_identification:_identify(ros-bridge/src/ROS-TCP-Connector/com.unity.robotics.ros-tcp-connector/Runtime/Messages/ObjectRecognition) by extensions ['colcon_meta']
[0.155s] Level 1:colcon.colcon_core.package_identification:_identify(ros-bridge/src/ROS-TCP-Connector/com.unity.robotics.ros-tcp-connector/Runtime/Messages/ObjectRecognition) by extension 'colcon_meta'
[0.155s] Level 1:colcon.colcon_core.package_identification:_identify(ros-bridge/src/ROS-TCP-Connector/com.unity.robotics.ros-tcp-connector/Runtime/Messages/ObjectRecognition) by extensions ['ros']
[0.155s] Level 1:colcon.colcon_core.package_identification:_identify(ros-bridge/src/ROS-TCP-Connector/com.unity.robotics.ros-tcp-connector/Runtime/Messages/ObjectRecognition) by extension 'ros'
[0.155s] Level 1:colcon.colcon_core.package_identification:_identify(ros-bridge/src/ROS-TCP-Connector/com.unity.robotics.ros-tcp-connector/Runtime/Messages/ObjectRecognition) by extensions ['cmake', 'python']
[0.155s] Level 1:colcon.colcon_core.package_identification:_identify(ros-bridge/src/ROS-TCP-Connector/com.unity.robotics.ros-tcp-connector/Runtime/Messages/ObjectRecognition) by extension 'cmake'
[0.155s] Level 1:colcon.colcon_core.package_identification:_identify(ros-bridge/src/ROS-TCP-Connector/com.unity.robotics.ros-tcp-connector/Runtime/Messages/ObjectRecognition) by extension 'python'
[0.155s] Level 1:colcon.colcon_core.package_identification:_identify(ros-bridge/src/ROS-TCP-Connector/com.unity.robotics.ros-tcp-connector/Runtime/Messages/ObjectRecognition) by extensions ['python_setup_py']
[0.155s] Level 1:colcon.colcon_core.package_identification:_identify(ros-bridge/src/ROS-TCP-Connector/com.unity.robotics.ros-tcp-connector/Runtime/Messages/ObjectRecognition) by extension 'python_setup_py'
[0.155s] Level 1:colcon.colcon_core.package_identification:_identify(ros-bridge/src/ROS-TCP-Connector/com.unity.robotics.ros-tcp-connector/Runtime/Messages/ObjectRecognition/action) by extensions ['ignore', 'ignore_ament_install']
[0.155s] Level 1:colcon.colcon_core.package_identification:_identify(ros-bridge/src/ROS-TCP-Connector/com.unity.robotics.ros-tcp-connector/Runtime/Messages/ObjectRecognition/action) by extension 'ignore'
[0.155s] Level 1:colcon.colcon_core.package_identification:_identify(ros-bridge/src/ROS-TCP-Connector/com.unity.robotics.ros-tcp-connector/Runtime/Messages/ObjectRecognition/action) by extension 'ignore_ament_install'
[0.155s] Level 1:colcon.colcon_core.package_identification:_identify(ros-bridge/src/ROS-TCP-Connector/com.unity.robotics.ros-tcp-connector/Runtime/Messages/ObjectRecognition/action) by extensions ['colcon_pkg']
[0.155s] Level 1:colcon.colcon_core.package_identification:_identify(ros-bridge/src/ROS-TCP-Connector/com.unity.robotics.ros-tcp-connector/Runtime/Messages/ObjectRecognition/action) by extension 'colcon_pkg'
[0.155s] Level 1:colcon.colcon_core.package_identification:_identify(ros-bridge/src/ROS-TCP-Connector/com.unity.robotics.ros-tcp-connector/Runtime/Messages/ObjectRecognition/action) by extensions ['colcon_meta']
[0.155s] Level 1:colcon.colcon_core.package_identification:_identify(ros-bridge/src/ROS-TCP-Connector/com.unity.robotics.ros-tcp-connector/Runtime/Messages/ObjectRecognition/action) by extension 'colcon_meta'
[0.155s] Level 1:colcon.colcon_core.package_identification:_identify(ros-bridge/src/ROS-TCP-Connector/com.unity.robotics.ros-tcp-connector/Runtime/Messages/ObjectRecognition/action) by extensions ['ros']
[0.155s] Level 1:colcon.colcon_core.package_identification:_identify(ros-bridge/src/ROS-TCP-Connector/com.unity.robotics.ros-tcp-connector/Runtime/Messages/ObjectRecognition/action) by extension 'ros'
[0.155s] Level 1:colcon.colcon_core.package_identification:_identify(ros-bridge/src/ROS-TCP-Connector/com.unity.robotics.ros-tcp-connector/Runtime/Messages/ObjectRecognition/action) by extensions ['cmake', 'python']
[0.155s] Level 1:colcon.colcon_core.package_identification:_identify(ros-bridge/src/ROS-TCP-Connector/com.unity.robotics.ros-tcp-connector/Runtime/Messages/ObjectRecognition/action) by extension 'cmake'
[0.155s] Level 1:colcon.colcon_core.package_identification:_identify(ros-bridge/src/ROS-TCP-Connector/com.unity.robotics.ros-tcp-connector/Runtime/Messages/ObjectRecognition/action) by extension 'python'
[0.155s] Level 1:colcon.colcon_core.package_identification:_identify(ros-bridge/src/ROS-TCP-Connector/com.unity.robotics.ros-tcp-connector/Runtime/Messages/ObjectRecognition/action) by extensions ['python_setup_py']
[0.155s] Level 1:colcon.colcon_core.package_identification:_identify(ros-bridge/src/ROS-TCP-Connector/com.unity.robotics.ros-tcp-connector/Runtime/Messages/ObjectRecognition/action) by extension 'python_setup_py'
[0.155s] Level 1:colcon.colcon_core.package_identification:_identify(ros-bridge/src/ROS-TCP-Connector/com.unity.robotics.ros-tcp-connector/Runtime/Messages/ObjectRecognition/msg) by extensions ['ignore', 'ignore_ament_install']
[0.155s] Level 1:colcon.colcon_core.package_identification:_identify(ros-bridge/src/ROS-TCP-Connector/com.unity.robotics.ros-tcp-connector/Runtime/Messages/ObjectRecognition/msg) by extension 'ignore'
[0.155s] Level 1:colcon.colcon_core.package_identification:_identify(ros-bridge/src/ROS-TCP-Connector/com.unity.robotics.ros-tcp-connector/Runtime/Messages/ObjectRecognition/msg) by extension 'ignore_ament_install'
[0.155s] Level 1:colcon.colcon_core.package_identification:_identify(ros-bridge/src/ROS-TCP-Connector/com.unity.robotics.ros-tcp-connector/Runtime/Messages/ObjectRecognition/msg) by extensions ['colcon_pkg']
[0.155s] Level 1:colcon.colcon_core.package_identification:_identify(ros-bridge/src/ROS-TCP-Connector/com.unity.robotics.ros-tcp-connector/Runtime/Messages/ObjectRecognition/msg) by extension 'colcon_pkg'
[0.155s] Level 1:colcon.colcon_core.package_identification:_identify(ros-bridge/src/ROS-TCP-Connector/com.unity.robotics.ros-tcp-connector/Runtime/Messages/ObjectRecognition/msg) by extensions ['colcon_meta']
[0.156s] Level 1:colcon.colcon_core.package_identification:_identify(ros-bridge/src/ROS-TCP-Connector/com.unity.robotics.ros-tcp-connector/Runtime/Messages/ObjectRecognition/msg) by extension 'colcon_meta'
[0.156s] Level 1:colcon.colcon_core.package_identification:_identify(ros-bridge/src/ROS-TCP-Connector/com.unity.robotics.ros-tcp-connector/Runtime/Messages/ObjectRecognition/msg) by extensions ['ros']
[0.156s] Level 1:colcon.colcon_core.package_identification:_identify(ros-bridge/src/ROS-TCP-Connector/com.unity.robotics.ros-tcp-connector/Runtime/Messages/ObjectRecognition/msg) by extension 'ros'
[0.156s] Level 1:colcon.colcon_core.package_identification:_identify(ros-bridge/src/ROS-TCP-Connector/com.unity.robotics.ros-tcp-connector/Runtime/Messages/ObjectRecognition/msg) by extensions ['cmake', 'python']
[0.156s] Level 1:colcon.colcon_core.package_identification:_identify(ros-bridge/src/ROS-TCP-Connector/com.unity.robotics.ros-tcp-connector/Runtime/Messages/ObjectRecognition/msg) by extension 'cmake'
[0.156s] Level 1:colcon.colcon_core.package_identification:_identify(ros-bridge/src/ROS-TCP-Connector/com.unity.robotics.ros-tcp-connector/Runtime/Messages/ObjectRecognition/msg) by extension 'python'
[0.156s] Level 1:colcon.colcon_core.package_identification:_identify(ros-bridge/src/ROS-TCP-Connector/com.unity.robotics.ros-tcp-connector/Runtime/Messages/ObjectRecognition/msg) by extensions ['python_setup_py']
[0.156s] Level 1:colcon.colcon_core.package_identification:_identify(ros-bridge/src/ROS-TCP-Connector/com.unity.robotics.ros-tcp-connector/Runtime/Messages/ObjectRecognition/msg) by extension 'python_setup_py'
[0.156s] Level 1:colcon.colcon_core.package_identification:_identify(ros-bridge/src/ROS-TCP-Connector/com.unity.robotics.ros-tcp-connector/Runtime/Messages/ObjectRecognition/srv) by extensions ['ignore', 'ignore_ament_install']
[0.156s] Level 1:colcon.colcon_core.package_identification:_identify(ros-bridge/src/ROS-TCP-Connector/com.unity.robotics.ros-tcp-connector/Runtime/Messages/ObjectRecognition/srv) by extension 'ignore'
[0.156s] Level 1:colcon.colcon_core.package_identification:_identify(ros-bridge/src/ROS-TCP-Connector/com.unity.robotics.ros-tcp-connector/Runtime/Messages/ObjectRecognition/srv) by extension 'ignore_ament_install'
[0.156s] Level 1:colcon.colcon_core.package_identification:_identify(ros-bridge/src/ROS-TCP-Connector/com.unity.robotics.ros-tcp-connector/Runtime/Messages/ObjectRecognition/srv) by extensions ['colcon_pkg']
[0.156s] Level 1:colcon.colcon_core.package_identification:_identify(ros-bridge/src/ROS-TCP-Connector/com.unity.robotics.ros-tcp-connector/Runtime/Messages/ObjectRecognition/srv) by extension 'colcon_pkg'
[0.156s] Level 1:colcon.colcon_core.package_identification:_identify(ros-bridge/src/ROS-TCP-Connector/com.unity.robotics.ros-tcp-connector/Runtime/Messages/ObjectRecognition/srv) by extensions ['colcon_meta']
[0.156s] Level 1:colcon.colcon_core.package_identification:_identify(ros-bridge/src/ROS-TCP-Connector/com.unity.robotics.ros-tcp-connector/Runtime/Messages/ObjectRecognition/srv) by extension 'colcon_meta'
[0.156s] Level 1:colcon.colcon_core.package_identification:_identify(ros-bridge/src/ROS-TCP-Connector/com.unity.robotics.ros-tcp-connector/Runtime/Messages/ObjectRecognition/srv) by extensions ['ros']
[0.156s] Level 1:colcon.colcon_core.package_identification:_identify(ros-bridge/src/ROS-TCP-Connector/com.unity.robotics.ros-tcp-connector/Runtime/Messages/ObjectRecognition/srv) by extension 'ros'
[0.156s] Level 1:colcon.colcon_core.package_identification:_identify(ros-bridge/src/ROS-TCP-Connector/com.unity.robotics.ros-tcp-connector/Runtime/Messages/ObjectRecognition/srv) by extensions ['cmake', 'python']
[0.156s] Level 1:colcon.colcon_core.package_identification:_identify(ros-bridge/src/ROS-TCP-Connector/com.unity.robotics.ros-tcp-connector/Runtime/Messages/ObjectRecognition/srv) by extension 'cmake'
[0.156s] Level 1:colcon.colcon_core.package_identification:_identify(ros-bridge/src/ROS-TCP-Connector/com.unity.robotics.ros-tcp-connector/Runtime/Messages/ObjectRecognition/srv) by extension 'python'
[0.156s] Level 1:colcon.colcon_core.package_identification:_identify(ros-bridge/src/ROS-TCP-Connector/com.unity.robotics.ros-tcp-connector/Runtime/Messages/ObjectRecognition/srv) by extensions ['python_setup_py']
[0.156s] Level 1:colcon.colcon_core.package_identification:_identify(ros-bridge/src/ROS-TCP-Connector/com.unity.robotics.ros-tcp-connector/Runtime/Messages/ObjectRecognition/srv) by extension 'python_setup_py'
[0.156s] Level 1:colcon.colcon_core.package_identification:_identify(ros-bridge/src/ROS-TCP-Connector/com.unity.robotics.ros-tcp-connector/Runtime/Messages/Octomap) by extensions ['ignore', 'ignore_ament_install']
[0.156s] Level 1:colcon.colcon_core.package_identification:_identify(ros-bridge/src/ROS-TCP-Connector/com.unity.robotics.ros-tcp-connector/Runtime/Messages/Octomap) by extension 'ignore'
[0.156s] Level 1:colcon.colcon_core.package_identification:_identify(ros-bridge/src/ROS-TCP-Connector/com.unity.robotics.ros-tcp-connector/Runtime/Messages/Octomap) by extension 'ignore_ament_install'
[0.156s] Level 1:colcon.colcon_core.package_identification:_identify(ros-bridge/src/ROS-TCP-Connector/com.unity.robotics.ros-tcp-connector/Runtime/Messages/Octomap) by extensions ['colcon_pkg']
[0.156s] Level 1:colcon.colcon_core.package_identification:_identify(ros-bridge/src/ROS-TCP-Connector/com.unity.robotics.ros-tcp-connector/Runtime/Messages/Octomap) by extension 'colcon_pkg'
[0.156s] Level 1:colcon.colcon_core.package_identification:_identify(ros-bridge/src/ROS-TCP-Connector/com.unity.robotics.ros-tcp-connector/Runtime/Messages/Octomap) by extensions ['colcon_meta']
[0.156s] Level 1:colcon.colcon_core.package_identification:_identify(ros-bridge/src/ROS-TCP-Connector/com.unity.robotics.ros-tcp-connector/Runtime/Messages/Octomap) by extension 'colcon_meta'
[0.156s] Level 1:colcon.colcon_core.package_identification:_identify(ros-bridge/src/ROS-TCP-Connector/com.unity.robotics.ros-tcp-connector/Runtime/Messages/Octomap) by extensions ['ros']
[0.156s] Level 1:colcon.colcon_core.package_identification:_identify(ros-bridge/src/ROS-TCP-Connector/com.unity.robotics.ros-tcp-connector/Runtime/Messages/Octomap) by extension 'ros'
[0.156s] Level 1:colcon.colcon_core.package_identification:_identify(ros-bridge/src/ROS-TCP-Connector/com.unity.robotics.ros-tcp-connector/Runtime/Messages/Octomap) by extensions ['cmake', 'python']
[0.156s] Level 1:colcon.colcon_core.package_identification:_identify(ros-bridge/src/ROS-TCP-Connector/com.unity.robotics.ros-tcp-connector/Runtime/Messages/Octomap) by extension 'cmake'
[0.156s] Level 1:colcon.colcon_core.package_identification:_identify(ros-bridge/src/ROS-TCP-Connector/com.unity.robotics.ros-tcp-connector/Runtime/Messages/Octomap) by extension 'python'
[0.156s] Level 1:colcon.colcon_core.package_identification:_identify(ros-bridge/src/ROS-TCP-Connector/com.unity.robotics.ros-tcp-connector/Runtime/Messages/Octomap) by extensions ['python_setup_py']
[0.156s] Level 1:colcon.colcon_core.package_identification:_identify(ros-bridge/src/ROS-TCP-Connector/com.unity.robotics.ros-tcp-connector/Runtime/Messages/Octomap) by extension 'python_setup_py'
[0.156s] Level 1:colcon.colcon_core.package_identification:_identify(ros-bridge/src/ROS-TCP-Connector/com.unity.robotics.ros-tcp-connector/Runtime/Messages/Octomap/msg) by extensions ['ignore', 'ignore_ament_install']
[0.156s] Level 1:colcon.colcon_core.package_identification:_identify(ros-bridge/src/ROS-TCP-Connector/com.unity.robotics.ros-tcp-connector/Runtime/Messages/Octomap/msg) by extension 'ignore'
[0.156s] Level 1:colcon.colcon_core.package_identification:_identify(ros-bridge/src/ROS-TCP-Connector/com.unity.robotics.ros-tcp-connector/Runtime/Messages/Octomap/msg) by extension 'ignore_ament_install'
[0.156s] Level 1:colcon.colcon_core.package_identification:_identify(ros-bridge/src/ROS-TCP-Connector/com.unity.robotics.ros-tcp-connector/Runtime/Messages/Octomap/msg) by extensions ['colcon_pkg']
[0.156s] Level 1:colcon.colcon_core.package_identification:_identify(ros-bridge/src/ROS-TCP-Connector/com.unity.robotics.ros-tcp-connector/Runtime/Messages/Octomap/msg) by extension 'colcon_pkg'
[0.156s] Level 1:colcon.colcon_core.package_identification:_identify(ros-bridge/src/ROS-TCP-Connector/com.unity.robotics.ros-tcp-connector/Runtime/Messages/Octomap/msg) by extensions ['colcon_meta']
[0.156s] Level 1:colcon.colcon_core.package_identification:_identify(ros-bridge/src/ROS-TCP-Connector/com.unity.robotics.ros-tcp-connector/Runtime/Messages/Octomap/msg) by extension 'colcon_meta'
[0.156s] Level 1:colcon.colcon_core.package_identification:_identify(ros-bridge/src/ROS-TCP-Connector/com.unity.robotics.ros-tcp-connector/Runtime/Messages/Octomap/msg) by extensions ['ros']
[0.156s] Level 1:colcon.colcon_core.package_identification:_identify(ros-bridge/src/ROS-TCP-Connector/com.unity.robotics.ros-tcp-connector/Runtime/Messages/Octomap/msg) by extension 'ros'
[0.156s] Level 1:colcon.colcon_core.package_identification:_identify(ros-bridge/src/ROS-TCP-Connector/com.unity.robotics.ros-tcp-connector/Runtime/Messages/Octomap/msg) by extensions ['cmake', 'python']
[0.156s] Level 1:colcon.colcon_core.package_identification:_identify(ros-bridge/src/ROS-TCP-Connector/com.unity.robotics.ros-tcp-connector/Runtime/Messages/Octomap/msg) by extension 'cmake'
[0.156s] Level 1:colcon.colcon_core.package_identification:_identify(ros-bridge/src/ROS-TCP-Connector/com.unity.robotics.ros-tcp-connector/Runtime/Messages/Octomap/msg) by extension 'python'
[0.156s] Level 1:colcon.colcon_core.package_identification:_identify(ros-bridge/src/ROS-TCP-Connector/com.unity.robotics.ros-tcp-connector/Runtime/Messages/Octomap/msg) by extensions ['python_setup_py']
[0.156s] Level 1:colcon.colcon_core.package_identification:_identify(ros-bridge/src/ROS-TCP-Connector/com.unity.robotics.ros-tcp-connector/Runtime/Messages/Octomap/msg) by extension 'python_setup_py'
[0.157s] Level 1:colcon.colcon_core.package_identification:_identify(ros-bridge/src/ROS-TCP-Connector/com.unity.robotics.ros-tcp-connector/Runtime/Messages/Octomap/srv) by extensions ['ignore', 'ignore_ament_install']
[0.157s] Level 1:colcon.colcon_core.package_identification:_identify(ros-bridge/src/ROS-TCP-Connector/com.unity.robotics.ros-tcp-connector/Runtime/Messages/Octomap/srv) by extension 'ignore'
[0.157s] Level 1:colcon.colcon_core.package_identification:_identify(ros-bridge/src/ROS-TCP-Connector/com.unity.robotics.ros-tcp-connector/Runtime/Messages/Octomap/srv) by extension 'ignore_ament_install'
[0.157s] Level 1:colcon.colcon_core.package_identification:_identify(ros-bridge/src/ROS-TCP-Connector/com.unity.robotics.ros-tcp-connector/Runtime/Messages/Octomap/srv) by extensions ['colcon_pkg']
[0.157s] Level 1:colcon.colcon_core.package_identification:_identify(ros-bridge/src/ROS-TCP-Connector/com.unity.robotics.ros-tcp-connector/Runtime/Messages/Octomap/srv) by extension 'colcon_pkg'
[0.157s] Level 1:colcon.colcon_core.package_identification:_identify(ros-bridge/src/ROS-TCP-Connector/com.unity.robotics.ros-tcp-connector/Runtime/Messages/Octomap/srv) by extensions ['colcon_meta']
[0.157s] Level 1:colcon.colcon_core.package_identification:_identify(ros-bridge/src/ROS-TCP-Connector/com.unity.robotics.ros-tcp-connector/Runtime/Messages/Octomap/srv) by extension 'colcon_meta'
[0.157s] Level 1:colcon.colcon_core.package_identification:_identify(ros-bridge/src/ROS-TCP-Connector/com.unity.robotics.ros-tcp-connector/Runtime/Messages/Octomap/srv) by extensions ['ros']
[0.157s] Level 1:colcon.colcon_core.package_identification:_identify(ros-bridge/src/ROS-TCP-Connector/com.unity.robotics.ros-tcp-connector/Runtime/Messages/Octomap/srv) by extension 'ros'
[0.157s] Level 1:colcon.colcon_core.package_identification:_identify(ros-bridge/src/ROS-TCP-Connector/com.unity.robotics.ros-tcp-connector/Runtime/Messages/Octomap/srv) by extensions ['cmake', 'python']
[0.157s] Level 1:colcon.colcon_core.package_identification:_identify(ros-bridge/src/ROS-TCP-Connector/com.unity.robotics.ros-tcp-connector/Runtime/Messages/Octomap/srv) by extension 'cmake'
[0.157s] Level 1:colcon.colcon_core.package_identification:_identify(ros-bridge/src/ROS-TCP-Connector/com.unity.robotics.ros-tcp-connector/Runtime/Messages/Octomap/srv) by extension 'python'
[0.157s] Level 1:colcon.colcon_core.package_identification:_identify(ros-bridge/src/ROS-TCP-Connector/com.unity.robotics.ros-tcp-connector/Runtime/Messages/Octomap/srv) by extensions ['python_setup_py']
[0.157s] Level 1:colcon.colcon_core.package_identification:_identify(ros-bridge/src/ROS-TCP-Connector/com.unity.robotics.ros-tcp-connector/Runtime/Messages/Octomap/srv) by extension 'python_setup_py'
[0.157s] Level 1:colcon.colcon_core.package_identification:_identify(ros-bridge/src/ROS-TCP-Connector/com.unity.robotics.ros-tcp-connector/Runtime/Messages/Rosgraph) by extensions ['ignore', 'ignore_ament_install']
[0.157s] Level 1:colcon.colcon_core.package_identification:_identify(ros-bridge/src/ROS-TCP-Connector/com.unity.robotics.ros-tcp-connector/Runtime/Messages/Rosgraph) by extension 'ignore'
[0.157s] Level 1:colcon.colcon_core.package_identification:_identify(ros-bridge/src/ROS-TCP-Connector/com.unity.robotics.ros-tcp-connector/Runtime/Messages/Rosgraph) by extension 'ignore_ament_install'
[0.157s] Level 1:colcon.colcon_core.package_identification:_identify(ros-bridge/src/ROS-TCP-Connector/com.unity.robotics.ros-tcp-connector/Runtime/Messages/Rosgraph) by extensions ['colcon_pkg']
[0.157s] Level 1:colcon.colcon_core.package_identification:_identify(ros-bridge/src/ROS-TCP-Connector/com.unity.robotics.ros-tcp-connector/Runtime/Messages/Rosgraph) by extension 'colcon_pkg'
[0.157s] Level 1:colcon.colcon_core.package_identification:_identify(ros-bridge/src/ROS-TCP-Connector/com.unity.robotics.ros-tcp-connector/Runtime/Messages/Rosgraph) by extensions ['colcon_meta']
[0.157s] Level 1:colcon.colcon_core.package_identification:_identify(ros-bridge/src/ROS-TCP-Connector/com.unity.robotics.ros-tcp-connector/Runtime/Messages/Rosgraph) by extension 'colcon_meta'
[0.157s] Level 1:colcon.colcon_core.package_identification:_identify(ros-bridge/src/ROS-TCP-Connector/com.unity.robotics.ros-tcp-connector/Runtime/Messages/Rosgraph) by extensions ['ros']
[0.157s] Level 1:colcon.colcon_core.package_identification:_identify(ros-bridge/src/ROS-TCP-Connector/com.unity.robotics.ros-tcp-connector/Runtime/Messages/Rosgraph) by extension 'ros'
[0.157s] Level 1:colcon.colcon_core.package_identification:_identify(ros-bridge/src/ROS-TCP-Connector/com.unity.robotics.ros-tcp-connector/Runtime/Messages/Rosgraph) by extensions ['cmake', 'python']
[0.157s] Level 1:colcon.colcon_core.package_identification:_identify(ros-bridge/src/ROS-TCP-Connector/com.unity.robotics.ros-tcp-connector/Runtime/Messages/Rosgraph) by extension 'cmake'
[0.157s] Level 1:colcon.colcon_core.package_identification:_identify(ros-bridge/src/ROS-TCP-Connector/com.unity.robotics.ros-tcp-connector/Runtime/Messages/Rosgraph) by extension 'python'
[0.157s] Level 1:colcon.colcon_core.package_identification:_identify(ros-bridge/src/ROS-TCP-Connector/com.unity.robotics.ros-tcp-connector/Runtime/Messages/Rosgraph) by extensions ['python_setup_py']
[0.157s] Level 1:colcon.colcon_core.package_identification:_identify(ros-bridge/src/ROS-TCP-Connector/com.unity.robotics.ros-tcp-connector/Runtime/Messages/Rosgraph) by extension 'python_setup_py'
[0.157s] Level 1:colcon.colcon_core.package_identification:_identify(ros-bridge/src/ROS-TCP-Connector/com.unity.robotics.ros-tcp-connector/Runtime/Messages/Rosgraph/msg) by extensions ['ignore', 'ignore_ament_install']
[0.157s] Level 1:colcon.colcon_core.package_identification:_identify(ros-bridge/src/ROS-TCP-Connector/com.unity.robotics.ros-tcp-connector/Runtime/Messages/Rosgraph/msg) by extension 'ignore'
[0.157s] Level 1:colcon.colcon_core.package_identification:_identify(ros-bridge/src/ROS-TCP-Connector/com.unity.robotics.ros-tcp-connector/Runtime/Messages/Rosgraph/msg) by extension 'ignore_ament_install'
[0.157s] Level 1:colcon.colcon_core.package_identification:_identify(ros-bridge/src/ROS-TCP-Connector/com.unity.robotics.ros-tcp-connector/Runtime/Messages/Rosgraph/msg) by extensions ['colcon_pkg']
[0.157s] Level 1:colcon.colcon_core.package_identification:_identify(ros-bridge/src/ROS-TCP-Connector/com.unity.robotics.ros-tcp-connector/Runtime/Messages/Rosgraph/msg) by extension 'colcon_pkg'
[0.157s] Level 1:colcon.colcon_core.package_identification:_identify(ros-bridge/src/ROS-TCP-Connector/com.unity.robotics.ros-tcp-connector/Runtime/Messages/Rosgraph/msg) by extensions ['colcon_meta']
[0.157s] Level 1:colcon.colcon_core.package_identification:_identify(ros-bridge/src/ROS-TCP-Connector/com.unity.robotics.ros-tcp-connector/Runtime/Messages/Rosgraph/msg) by extension 'colcon_meta'
[0.157s] Level 1:colcon.colcon_core.package_identification:_identify(ros-bridge/src/ROS-TCP-Connector/com.unity.robotics.ros-tcp-connector/Runtime/Messages/Rosgraph/msg) by extensions ['ros']
[0.157s] Level 1:colcon.colcon_core.package_identification:_identify(ros-bridge/src/ROS-TCP-Connector/com.unity.robotics.ros-tcp-connector/Runtime/Messages/Rosgraph/msg) by extension 'ros'
[0.157s] Level 1:colcon.colcon_core.package_identification:_identify(ros-bridge/src/ROS-TCP-Connector/com.unity.robotics.ros-tcp-connector/Runtime/Messages/Rosgraph/msg) by extensions ['cmake', 'python']
[0.157s] Level 1:colcon.colcon_core.package_identification:_identify(ros-bridge/src/ROS-TCP-Connector/com.unity.robotics.ros-tcp-connector/Runtime/Messages/Rosgraph/msg) by extension 'cmake'
[0.157s] Level 1:colcon.colcon_core.package_identification:_identify(ros-bridge/src/ROS-TCP-Connector/com.unity.robotics.ros-tcp-connector/Runtime/Messages/Rosgraph/msg) by extension 'python'
[0.157s] Level 1:colcon.colcon_core.package_identification:_identify(ros-bridge/src/ROS-TCP-Connector/com.unity.robotics.ros-tcp-connector/Runtime/Messages/Rosgraph/msg) by extensions ['python_setup_py']
[0.157s] Level 1:colcon.colcon_core.package_identification:_identify(ros-bridge/src/ROS-TCP-Connector/com.unity.robotics.ros-tcp-connector/Runtime/Messages/Rosgraph/msg) by extension 'python_setup_py'
[0.157s] Level 1:colcon.colcon_core.package_identification:_identify(ros-bridge/src/ROS-TCP-Connector/com.unity.robotics.ros-tcp-connector/Runtime/Messages/Sensor) by extensions ['ignore', 'ignore_ament_install']
[0.157s] Level 1:colcon.colcon_core.package_identification:_identify(ros-bridge/src/ROS-TCP-Connector/com.unity.robotics.ros-tcp-connector/Runtime/Messages/Sensor) by extension 'ignore'
[0.157s] Level 1:colcon.colcon_core.package_identification:_identify(ros-bridge/src/ROS-TCP-Connector/com.unity.robotics.ros-tcp-connector/Runtime/Messages/Sensor) by extension 'ignore_ament_install'
[0.157s] Level 1:colcon.colcon_core.package_identification:_identify(ros-bridge/src/ROS-TCP-Connector/com.unity.robotics.ros-tcp-connector/Runtime/Messages/Sensor) by extensions ['colcon_pkg']
[0.157s] Level 1:colcon.colcon_core.package_identification:_identify(ros-bridge/src/ROS-TCP-Connector/com.unity.robotics.ros-tcp-connector/Runtime/Messages/Sensor) by extension 'colcon_pkg'
[0.158s] Level 1:colcon.colcon_core.package_identification:_identify(ros-bridge/src/ROS-TCP-Connector/com.unity.robotics.ros-tcp-connector/Runtime/Messages/Sensor) by extensions ['colcon_meta']
[0.158s] Level 1:colcon.colcon_core.package_identification:_identify(ros-bridge/src/ROS-TCP-Connector/com.unity.robotics.ros-tcp-connector/Runtime/Messages/Sensor) by extension 'colcon_meta'
[0.158s] Level 1:colcon.colcon_core.package_identification:_identify(ros-bridge/src/ROS-TCP-Connector/com.unity.robotics.ros-tcp-connector/Runtime/Messages/Sensor) by extensions ['ros']
[0.158s] Level 1:colcon.colcon_core.package_identification:_identify(ros-bridge/src/ROS-TCP-Connector/com.unity.robotics.ros-tcp-connector/Runtime/Messages/Sensor) by extension 'ros'
[0.158s] Level 1:colcon.colcon_core.package_identification:_identify(ros-bridge/src/ROS-TCP-Connector/com.unity.robotics.ros-tcp-connector/Runtime/Messages/Sensor) by extensions ['cmake', 'python']
[0.158s] Level 1:colcon.colcon_core.package_identification:_identify(ros-bridge/src/ROS-TCP-Connector/com.unity.robotics.ros-tcp-connector/Runtime/Messages/Sensor) by extension 'cmake'
[0.158s] Level 1:colcon.colcon_core.package_identification:_identify(ros-bridge/src/ROS-TCP-Connector/com.unity.robotics.ros-tcp-connector/Runtime/Messages/Sensor) by extension 'python'
[0.158s] Level 1:colcon.colcon_core.package_identification:_identify(ros-bridge/src/ROS-TCP-Connector/com.unity.robotics.ros-tcp-connector/Runtime/Messages/Sensor) by extensions ['python_setup_py']
[0.158s] Level 1:colcon.colcon_core.package_identification:_identify(ros-bridge/src/ROS-TCP-Connector/com.unity.robotics.ros-tcp-connector/Runtime/Messages/Sensor) by extension 'python_setup_py'
[0.158s] Level 1:colcon.colcon_core.package_identification:_identify(ros-bridge/src/ROS-TCP-Connector/com.unity.robotics.ros-tcp-connector/Runtime/Messages/Sensor/msg) by extensions ['ignore', 'ignore_ament_install']
[0.158s] Level 1:colcon.colcon_core.package_identification:_identify(ros-bridge/src/ROS-TCP-Connector/com.unity.robotics.ros-tcp-connector/Runtime/Messages/Sensor/msg) by extension 'ignore'
[0.158s] Level 1:colcon.colcon_core.package_identification:_identify(ros-bridge/src/ROS-TCP-Connector/com.unity.robotics.ros-tcp-connector/Runtime/Messages/Sensor/msg) by extension 'ignore_ament_install'
[0.158s] Level 1:colcon.colcon_core.package_identification:_identify(ros-bridge/src/ROS-TCP-Connector/com.unity.robotics.ros-tcp-connector/Runtime/Messages/Sensor/msg) by extensions ['colcon_pkg']
[0.158s] Level 1:colcon.colcon_core.package_identification:_identify(ros-bridge/src/ROS-TCP-Connector/com.unity.robotics.ros-tcp-connector/Runtime/Messages/Sensor/msg) by extension 'colcon_pkg'
[0.158s] Level 1:colcon.colcon_core.package_identification:_identify(ros-bridge/src/ROS-TCP-Connector/com.unity.robotics.ros-tcp-connector/Runtime/Messages/Sensor/msg) by extensions ['colcon_meta']
[0.158s] Level 1:colcon.colcon_core.package_identification:_identify(ros-bridge/src/ROS-TCP-Connector/com.unity.robotics.ros-tcp-connector/Runtime/Messages/Sensor/msg) by extension 'colcon_meta'
[0.158s] Level 1:colcon.colcon_core.package_identification:_identify(ros-bridge/src/ROS-TCP-Connector/com.unity.robotics.ros-tcp-connector/Runtime/Messages/Sensor/msg) by extensions ['ros']
[0.158s] Level 1:colcon.colcon_core.package_identification:_identify(ros-bridge/src/ROS-TCP-Connector/com.unity.robotics.ros-tcp-connector/Runtime/Messages/Sensor/msg) by extension 'ros'
[0.158s] Level 1:colcon.colcon_core.package_identification:_identify(ros-bridge/src/ROS-TCP-Connector/com.unity.robotics.ros-tcp-connector/Runtime/Messages/Sensor/msg) by extensions ['cmake', 'python']
[0.158s] Level 1:colcon.colcon_core.package_identification:_identify(ros-bridge/src/ROS-TCP-Connector/com.unity.robotics.ros-tcp-connector/Runtime/Messages/Sensor/msg) by extension 'cmake'
[0.158s] Level 1:colcon.colcon_core.package_identification:_identify(ros-bridge/src/ROS-TCP-Connector/com.unity.robotics.ros-tcp-connector/Runtime/Messages/Sensor/msg) by extension 'python'
[0.158s] Level 1:colcon.colcon_core.package_identification:_identify(ros-bridge/src/ROS-TCP-Connector/com.unity.robotics.ros-tcp-connector/Runtime/Messages/Sensor/msg) by extensions ['python_setup_py']
[0.158s] Level 1:colcon.colcon_core.package_identification:_identify(ros-bridge/src/ROS-TCP-Connector/com.unity.robotics.ros-tcp-connector/Runtime/Messages/Sensor/msg) by extension 'python_setup_py'
[0.158s] Level 1:colcon.colcon_core.package_identification:_identify(ros-bridge/src/ROS-TCP-Connector/com.unity.robotics.ros-tcp-connector/Runtime/Messages/Sensor/srv) by extensions ['ignore', 'ignore_ament_install']
[0.158s] Level 1:colcon.colcon_core.package_identification:_identify(ros-bridge/src/ROS-TCP-Connector/com.unity.robotics.ros-tcp-connector/Runtime/Messages/Sensor/srv) by extension 'ignore'
[0.158s] Level 1:colcon.colcon_core.package_identification:_identify(ros-bridge/src/ROS-TCP-Connector/com.unity.robotics.ros-tcp-connector/Runtime/Messages/Sensor/srv) by extension 'ignore_ament_install'
[0.158s] Level 1:colcon.colcon_core.package_identification:_identify(ros-bridge/src/ROS-TCP-Connector/com.unity.robotics.ros-tcp-connector/Runtime/Messages/Sensor/srv) by extensions ['colcon_pkg']
[0.158s] Level 1:colcon.colcon_core.package_identification:_identify(ros-bridge/src/ROS-TCP-Connector/com.unity.robotics.ros-tcp-connector/Runtime/Messages/Sensor/srv) by extension 'colcon_pkg'
[0.158s] Level 1:colcon.colcon_core.package_identification:_identify(ros-bridge/src/ROS-TCP-Connector/com.unity.robotics.ros-tcp-connector/Runtime/Messages/Sensor/srv) by extensions ['colcon_meta']
[0.158s] Level 1:colcon.colcon_core.package_identification:_identify(ros-bridge/src/ROS-TCP-Connector/com.unity.robotics.ros-tcp-connector/Runtime/Messages/Sensor/srv) by extension 'colcon_meta'
[0.158s] Level 1:colcon.colcon_core.package_identification:_identify(ros-bridge/src/ROS-TCP-Connector/com.unity.robotics.ros-tcp-connector/Runtime/Messages/Sensor/srv) by extensions ['ros']
[0.158s] Level 1:colcon.colcon_core.package_identification:_identify(ros-bridge/src/ROS-TCP-Connector/com.unity.robotics.ros-tcp-connector/Runtime/Messages/Sensor/srv) by extension 'ros'
[0.158s] Level 1:colcon.colcon_core.package_identification:_identify(ros-bridge/src/ROS-TCP-Connector/com.unity.robotics.ros-tcp-connector/Runtime/Messages/Sensor/srv) by extensions ['cmake', 'python']
[0.158s] Level 1:colcon.colcon_core.package_identification:_identify(ros-bridge/src/ROS-TCP-Connector/com.unity.robotics.ros-tcp-connector/Runtime/Messages/Sensor/srv) by extension 'cmake'
[0.158s] Level 1:colcon.colcon_core.package_identification:_identify(ros-bridge/src/ROS-TCP-Connector/com.unity.robotics.ros-tcp-connector/Runtime/Messages/Sensor/srv) by extension 'python'
[0.158s] Level 1:colcon.colcon_core.package_identification:_identify(ros-bridge/src/ROS-TCP-Connector/com.unity.robotics.ros-tcp-connector/Runtime/Messages/Sensor/srv) by extensions ['python_setup_py']
[0.158s] Level 1:colcon.colcon_core.package_identification:_identify(ros-bridge/src/ROS-TCP-Connector/com.unity.robotics.ros-tcp-connector/Runtime/Messages/Sensor/srv) by extension 'python_setup_py'
[0.158s] Level 1:colcon.colcon_core.package_identification:_identify(ros-bridge/src/ROS-TCP-Connector/com.unity.robotics.ros-tcp-connector/Runtime/Messages/Shape) by extensions ['ignore', 'ignore_ament_install']
[0.158s] Level 1:colcon.colcon_core.package_identification:_identify(ros-bridge/src/ROS-TCP-Connector/com.unity.robotics.ros-tcp-connector/Runtime/Messages/Shape) by extension 'ignore'
[0.158s] Level 1:colcon.colcon_core.package_identification:_identify(ros-bridge/src/ROS-TCP-Connector/com.unity.robotics.ros-tcp-connector/Runtime/Messages/Shape) by extension 'ignore_ament_install'
[0.158s] Level 1:colcon.colcon_core.package_identification:_identify(ros-bridge/src/ROS-TCP-Connector/com.unity.robotics.ros-tcp-connector/Runtime/Messages/Shape) by extensions ['colcon_pkg']
[0.158s] Level 1:colcon.colcon_core.package_identification:_identify(ros-bridge/src/ROS-TCP-Connector/com.unity.robotics.ros-tcp-connector/Runtime/Messages/Shape) by extension 'colcon_pkg'
[0.158s] Level 1:colcon.colcon_core.package_identification:_identify(ros-bridge/src/ROS-TCP-Connector/com.unity.robotics.ros-tcp-connector/Runtime/Messages/Shape) by extensions ['colcon_meta']
[0.158s] Level 1:colcon.colcon_core.package_identification:_identify(ros-bridge/src/ROS-TCP-Connector/com.unity.robotics.ros-tcp-connector/Runtime/Messages/Shape) by extension 'colcon_meta'
[0.158s] Level 1:colcon.colcon_core.package_identification:_identify(ros-bridge/src/ROS-TCP-Connector/com.unity.robotics.ros-tcp-connector/Runtime/Messages/Shape) by extensions ['ros']
[0.158s] Level 1:colcon.colcon_core.package_identification:_identify(ros-bridge/src/ROS-TCP-Connector/com.unity.robotics.ros-tcp-connector/Runtime/Messages/Shape) by extension 'ros'
[0.158s] Level 1:colcon.colcon_core.package_identification:_identify(ros-bridge/src/ROS-TCP-Connector/com.unity.robotics.ros-tcp-connector/Runtime/Messages/Shape) by extensions ['cmake', 'python']
[0.158s] Level 1:colcon.colcon_core.package_identification:_identify(ros-bridge/src/ROS-TCP-Connector/com.unity.robotics.ros-tcp-connector/Runtime/Messages/Shape) by extension 'cmake'
[0.159s] Level 1:colcon.colcon_core.package_identification:_identify(ros-bridge/src/ROS-TCP-Connector/com.unity.robotics.ros-tcp-connector/Runtime/Messages/Shape) by extension 'python'
[0.159s] Level 1:colcon.colcon_core.package_identification:_identify(ros-bridge/src/ROS-TCP-Connector/com.unity.robotics.ros-tcp-connector/Runtime/Messages/Shape) by extensions ['python_setup_py']
[0.159s] Level 1:colcon.colcon_core.package_identification:_identify(ros-bridge/src/ROS-TCP-Connector/com.unity.robotics.ros-tcp-connector/Runtime/Messages/Shape) by extension 'python_setup_py'
[0.159s] Level 1:colcon.colcon_core.package_identification:_identify(ros-bridge/src/ROS-TCP-Connector/com.unity.robotics.ros-tcp-connector/Runtime/Messages/Shape/msg) by extensions ['ignore', 'ignore_ament_install']
[0.159s] Level 1:colcon.colcon_core.package_identification:_identify(ros-bridge/src/ROS-TCP-Connector/com.unity.robotics.ros-tcp-connector/Runtime/Messages/Shape/msg) by extension 'ignore'
[0.159s] Level 1:colcon.colcon_core.package_identification:_identify(ros-bridge/src/ROS-TCP-Connector/com.unity.robotics.ros-tcp-connector/Runtime/Messages/Shape/msg) by extension 'ignore_ament_install'
[0.159s] Level 1:colcon.colcon_core.package_identification:_identify(ros-bridge/src/ROS-TCP-Connector/com.unity.robotics.ros-tcp-connector/Runtime/Messages/Shape/msg) by extensions ['colcon_pkg']
[0.159s] Level 1:colcon.colcon_core.package_identification:_identify(ros-bridge/src/ROS-TCP-Connector/com.unity.robotics.ros-tcp-connector/Runtime/Messages/Shape/msg) by extension 'colcon_pkg'
[0.159s] Level 1:colcon.colcon_core.package_identification:_identify(ros-bridge/src/ROS-TCP-Connector/com.unity.robotics.ros-tcp-connector/Runtime/Messages/Shape/msg) by extensions ['colcon_meta']
[0.159s] Level 1:colcon.colcon_core.package_identification:_identify(ros-bridge/src/ROS-TCP-Connector/com.unity.robotics.ros-tcp-connector/Runtime/Messages/Shape/msg) by extension 'colcon_meta'
[0.159s] Level 1:colcon.colcon_core.package_identification:_identify(ros-bridge/src/ROS-TCP-Connector/com.unity.robotics.ros-tcp-connector/Runtime/Messages/Shape/msg) by extensions ['ros']
[0.159s] Level 1:colcon.colcon_core.package_identification:_identify(ros-bridge/src/ROS-TCP-Connector/com.unity.robotics.ros-tcp-connector/Runtime/Messages/Shape/msg) by extension 'ros'
[0.159s] Level 1:colcon.colcon_core.package_identification:_identify(ros-bridge/src/ROS-TCP-Connector/com.unity.robotics.ros-tcp-connector/Runtime/Messages/Shape/msg) by extensions ['cmake', 'python']
[0.159s] Level 1:colcon.colcon_core.package_identification:_identify(ros-bridge/src/ROS-TCP-Connector/com.unity.robotics.ros-tcp-connector/Runtime/Messages/Shape/msg) by extension 'cmake'
[0.159s] Level 1:colcon.colcon_core.package_identification:_identify(ros-bridge/src/ROS-TCP-Connector/com.unity.robotics.ros-tcp-connector/Runtime/Messages/Shape/msg) by extension 'python'
[0.159s] Level 1:colcon.colcon_core.package_identification:_identify(ros-bridge/src/ROS-TCP-Connector/com.unity.robotics.ros-tcp-connector/Runtime/Messages/Shape/msg) by extensions ['python_setup_py']
[0.159s] Level 1:colcon.colcon_core.package_identification:_identify(ros-bridge/src/ROS-TCP-Connector/com.unity.robotics.ros-tcp-connector/Runtime/Messages/Shape/msg) by extension 'python_setup_py'
[0.159s] Level 1:colcon.colcon_core.package_identification:_identify(ros-bridge/src/ROS-TCP-Connector/com.unity.robotics.ros-tcp-connector/Runtime/Messages/Std) by extensions ['ignore', 'ignore_ament_install']
[0.159s] Level 1:colcon.colcon_core.package_identification:_identify(ros-bridge/src/ROS-TCP-Connector/com.unity.robotics.ros-tcp-connector/Runtime/Messages/Std) by extension 'ignore'
[0.159s] Level 1:colcon.colcon_core.package_identification:_identify(ros-bridge/src/ROS-TCP-Connector/com.unity.robotics.ros-tcp-connector/Runtime/Messages/Std) by extension 'ignore_ament_install'
[0.159s] Level 1:colcon.colcon_core.package_identification:_identify(ros-bridge/src/ROS-TCP-Connector/com.unity.robotics.ros-tcp-connector/Runtime/Messages/Std) by extensions ['colcon_pkg']
[0.159s] Level 1:colcon.colcon_core.package_identification:_identify(ros-bridge/src/ROS-TCP-Connector/com.unity.robotics.ros-tcp-connector/Runtime/Messages/Std) by extension 'colcon_pkg'
[0.159s] Level 1:colcon.colcon_core.package_identification:_identify(ros-bridge/src/ROS-TCP-Connector/com.unity.robotics.ros-tcp-connector/Runtime/Messages/Std) by extensions ['colcon_meta']
[0.159s] Level 1:colcon.colcon_core.package_identification:_identify(ros-bridge/src/ROS-TCP-Connector/com.unity.robotics.ros-tcp-connector/Runtime/Messages/Std) by extension 'colcon_meta'
[0.159s] Level 1:colcon.colcon_core.package_identification:_identify(ros-bridge/src/ROS-TCP-Connector/com.unity.robotics.ros-tcp-connector/Runtime/Messages/Std) by extensions ['ros']
[0.159s] Level 1:colcon.colcon_core.package_identification:_identify(ros-bridge/src/ROS-TCP-Connector/com.unity.robotics.ros-tcp-connector/Runtime/Messages/Std) by extension 'ros'
[0.159s] Level 1:colcon.colcon_core.package_identification:_identify(ros-bridge/src/ROS-TCP-Connector/com.unity.robotics.ros-tcp-connector/Runtime/Messages/Std) by extensions ['cmake', 'python']
[0.159s] Level 1:colcon.colcon_core.package_identification:_identify(ros-bridge/src/ROS-TCP-Connector/com.unity.robotics.ros-tcp-connector/Runtime/Messages/Std) by extension 'cmake'
[0.159s] Level 1:colcon.colcon_core.package_identification:_identify(ros-bridge/src/ROS-TCP-Connector/com.unity.robotics.ros-tcp-connector/Runtime/Messages/Std) by extension 'python'
[0.159s] Level 1:colcon.colcon_core.package_identification:_identify(ros-bridge/src/ROS-TCP-Connector/com.unity.robotics.ros-tcp-connector/Runtime/Messages/Std) by extensions ['python_setup_py']
[0.159s] Level 1:colcon.colcon_core.package_identification:_identify(ros-bridge/src/ROS-TCP-Connector/com.unity.robotics.ros-tcp-connector/Runtime/Messages/Std) by extension 'python_setup_py'
[0.159s] Level 1:colcon.colcon_core.package_identification:_identify(ros-bridge/src/ROS-TCP-Connector/com.unity.robotics.ros-tcp-connector/Runtime/Messages/Std/msg) by extensions ['ignore', 'ignore_ament_install']
[0.159s] Level 1:colcon.colcon_core.package_identification:_identify(ros-bridge/src/ROS-TCP-Connector/com.unity.robotics.ros-tcp-connector/Runtime/Messages/Std/msg) by extension 'ignore'
[0.159s] Level 1:colcon.colcon_core.package_identification:_identify(ros-bridge/src/ROS-TCP-Connector/com.unity.robotics.ros-tcp-connector/Runtime/Messages/Std/msg) by extension 'ignore_ament_install'
[0.159s] Level 1:colcon.colcon_core.package_identification:_identify(ros-bridge/src/ROS-TCP-Connector/com.unity.robotics.ros-tcp-connector/Runtime/Messages/Std/msg) by extensions ['colcon_pkg']
[0.159s] Level 1:colcon.colcon_core.package_identification:_identify(ros-bridge/src/ROS-TCP-Connector/com.unity.robotics.ros-tcp-connector/Runtime/Messages/Std/msg) by extension 'colcon_pkg'
[0.159s] Level 1:colcon.colcon_core.package_identification:_identify(ros-bridge/src/ROS-TCP-Connector/com.unity.robotics.ros-tcp-connector/Runtime/Messages/Std/msg) by extensions ['colcon_meta']
[0.159s] Level 1:colcon.colcon_core.package_identification:_identify(ros-bridge/src/ROS-TCP-Connector/com.unity.robotics.ros-tcp-connector/Runtime/Messages/Std/msg) by extension 'colcon_meta'
[0.159s] Level 1:colcon.colcon_core.package_identification:_identify(ros-bridge/src/ROS-TCP-Connector/com.unity.robotics.ros-tcp-connector/Runtime/Messages/Std/msg) by extensions ['ros']
[0.159s] Level 1:colcon.colcon_core.package_identification:_identify(ros-bridge/src/ROS-TCP-Connector/com.unity.robotics.ros-tcp-connector/Runtime/Messages/Std/msg) by extension 'ros'
[0.159s] Level 1:colcon.colcon_core.package_identification:_identify(ros-bridge/src/ROS-TCP-Connector/com.unity.robotics.ros-tcp-connector/Runtime/Messages/Std/msg) by extensions ['cmake', 'python']
[0.159s] Level 1:colcon.colcon_core.package_identification:_identify(ros-bridge/src/ROS-TCP-Connector/com.unity.robotics.ros-tcp-connector/Runtime/Messages/Std/msg) by extension 'cmake'
[0.159s] Level 1:colcon.colcon_core.package_identification:_identify(ros-bridge/src/ROS-TCP-Connector/com.unity.robotics.ros-tcp-connector/Runtime/Messages/Std/msg) by extension 'python'
[0.159s] Level 1:colcon.colcon_core.package_identification:_identify(ros-bridge/src/ROS-TCP-Connector/com.unity.robotics.ros-tcp-connector/Runtime/Messages/Std/msg) by extensions ['python_setup_py']
[0.159s] Level 1:colcon.colcon_core.package_identification:_identify(ros-bridge/src/ROS-TCP-Connector/com.unity.robotics.ros-tcp-connector/Runtime/Messages/Std/msg) by extension 'python_setup_py'
[0.159s] Level 1:colcon.colcon_core.package_identification:_identify(ros-bridge/src/ROS-TCP-Connector/com.unity.robotics.ros-tcp-connector/Runtime/Messages/Std/srv) by extensions ['ignore', 'ignore_ament_install']
[0.160s] Level 1:colcon.colcon_core.package_identification:_identify(ros-bridge/src/ROS-TCP-Connector/com.unity.robotics.ros-tcp-connector/Runtime/Messages/Std/srv) by extension 'ignore'
[0.160s] Level 1:colcon.colcon_core.package_identification:_identify(ros-bridge/src/ROS-TCP-Connector/com.unity.robotics.ros-tcp-connector/Runtime/Messages/Std/srv) by extension 'ignore_ament_install'
[0.160s] Level 1:colcon.colcon_core.package_identification:_identify(ros-bridge/src/ROS-TCP-Connector/com.unity.robotics.ros-tcp-connector/Runtime/Messages/Std/srv) by extensions ['colcon_pkg']
[0.160s] Level 1:colcon.colcon_core.package_identification:_identify(ros-bridge/src/ROS-TCP-Connector/com.unity.robotics.ros-tcp-connector/Runtime/Messages/Std/srv) by extension 'colcon_pkg'
[0.160s] Level 1:colcon.colcon_core.package_identification:_identify(ros-bridge/src/ROS-TCP-Connector/com.unity.robotics.ros-tcp-connector/Runtime/Messages/Std/srv) by extensions ['colcon_meta']
[0.160s] Level 1:colcon.colcon_core.package_identification:_identify(ros-bridge/src/ROS-TCP-Connector/com.unity.robotics.ros-tcp-connector/Runtime/Messages/Std/srv) by extension 'colcon_meta'
[0.160s] Level 1:colcon.colcon_core.package_identification:_identify(ros-bridge/src/ROS-TCP-Connector/com.unity.robotics.ros-tcp-connector/Runtime/Messages/Std/srv) by extensions ['ros']
[0.160s] Level 1:colcon.colcon_core.package_identification:_identify(ros-bridge/src/ROS-TCP-Connector/com.unity.robotics.ros-tcp-connector/Runtime/Messages/Std/srv) by extension 'ros'
[0.160s] Level 1:colcon.colcon_core.package_identification:_identify(ros-bridge/src/ROS-TCP-Connector/com.unity.robotics.ros-tcp-connector/Runtime/Messages/Std/srv) by extensions ['cmake', 'python']
[0.160s] Level 1:colcon.colcon_core.package_identification:_identify(ros-bridge/src/ROS-TCP-Connector/com.unity.robotics.ros-tcp-connector/Runtime/Messages/Std/srv) by extension 'cmake'
[0.160s] Level 1:colcon.colcon_core.package_identification:_identify(ros-bridge/src/ROS-TCP-Connector/com.unity.robotics.ros-tcp-connector/Runtime/Messages/Std/srv) by extension 'python'
[0.160s] Level 1:colcon.colcon_core.package_identification:_identify(ros-bridge/src/ROS-TCP-Connector/com.unity.robotics.ros-tcp-connector/Runtime/Messages/Std/srv) by extensions ['python_setup_py']
[0.160s] Level 1:colcon.colcon_core.package_identification:_identify(ros-bridge/src/ROS-TCP-Connector/com.unity.robotics.ros-tcp-connector/Runtime/Messages/Std/srv) by extension 'python_setup_py'
[0.160s] Level 1:colcon.colcon_core.package_identification:_identify(ros-bridge/src/ROS-TCP-Connector/com.unity.robotics.ros-tcp-connector/Runtime/Messages/Stereo) by extensions ['ignore', 'ignore_ament_install']
[0.160s] Level 1:colcon.colcon_core.package_identification:_identify(ros-bridge/src/ROS-TCP-Connector/com.unity.robotics.ros-tcp-connector/Runtime/Messages/Stereo) by extension 'ignore'
[0.160s] Level 1:colcon.colcon_core.package_identification:_identify(ros-bridge/src/ROS-TCP-Connector/com.unity.robotics.ros-tcp-connector/Runtime/Messages/Stereo) by extension 'ignore_ament_install'
[0.160s] Level 1:colcon.colcon_core.package_identification:_identify(ros-bridge/src/ROS-TCP-Connector/com.unity.robotics.ros-tcp-connector/Runtime/Messages/Stereo) by extensions ['colcon_pkg']
[0.160s] Level 1:colcon.colcon_core.package_identification:_identify(ros-bridge/src/ROS-TCP-Connector/com.unity.robotics.ros-tcp-connector/Runtime/Messages/Stereo) by extension 'colcon_pkg'
[0.160s] Level 1:colcon.colcon_core.package_identification:_identify(ros-bridge/src/ROS-TCP-Connector/com.unity.robotics.ros-tcp-connector/Runtime/Messages/Stereo) by extensions ['colcon_meta']
[0.160s] Level 1:colcon.colcon_core.package_identification:_identify(ros-bridge/src/ROS-TCP-Connector/com.unity.robotics.ros-tcp-connector/Runtime/Messages/Stereo) by extension 'colcon_meta'
[0.160s] Level 1:colcon.colcon_core.package_identification:_identify(ros-bridge/src/ROS-TCP-Connector/com.unity.robotics.ros-tcp-connector/Runtime/Messages/Stereo) by extensions ['ros']
[0.160s] Level 1:colcon.colcon_core.package_identification:_identify(ros-bridge/src/ROS-TCP-Connector/com.unity.robotics.ros-tcp-connector/Runtime/Messages/Stereo) by extension 'ros'
[0.160s] Level 1:colcon.colcon_core.package_identification:_identify(ros-bridge/src/ROS-TCP-Connector/com.unity.robotics.ros-tcp-connector/Runtime/Messages/Stereo) by extensions ['cmake', 'python']
[0.160s] Level 1:colcon.colcon_core.package_identification:_identify(ros-bridge/src/ROS-TCP-Connector/com.unity.robotics.ros-tcp-connector/Runtime/Messages/Stereo) by extension 'cmake'
[0.160s] Level 1:colcon.colcon_core.package_identification:_identify(ros-bridge/src/ROS-TCP-Connector/com.unity.robotics.ros-tcp-connector/Runtime/Messages/Stereo) by extension 'python'
[0.160s] Level 1:colcon.colcon_core.package_identification:_identify(ros-bridge/src/ROS-TCP-Connector/com.unity.robotics.ros-tcp-connector/Runtime/Messages/Stereo) by extensions ['python_setup_py']
[0.160s] Level 1:colcon.colcon_core.package_identification:_identify(ros-bridge/src/ROS-TCP-Connector/com.unity.robotics.ros-tcp-connector/Runtime/Messages/Stereo) by extension 'python_setup_py'
[0.160s] Level 1:colcon.colcon_core.package_identification:_identify(ros-bridge/src/ROS-TCP-Connector/com.unity.robotics.ros-tcp-connector/Runtime/Messages/Stereo/msg) by extensions ['ignore', 'ignore_ament_install']
[0.160s] Level 1:colcon.colcon_core.package_identification:_identify(ros-bridge/src/ROS-TCP-Connector/com.unity.robotics.ros-tcp-connector/Runtime/Messages/Stereo/msg) by extension 'ignore'
[0.160s] Level 1:colcon.colcon_core.package_identification:_identify(ros-bridge/src/ROS-TCP-Connector/com.unity.robotics.ros-tcp-connector/Runtime/Messages/Stereo/msg) by extension 'ignore_ament_install'
[0.160s] Level 1:colcon.colcon_core.package_identification:_identify(ros-bridge/src/ROS-TCP-Connector/com.unity.robotics.ros-tcp-connector/Runtime/Messages/Stereo/msg) by extensions ['colcon_pkg']
[0.160s] Level 1:colcon.colcon_core.package_identification:_identify(ros-bridge/src/ROS-TCP-Connector/com.unity.robotics.ros-tcp-connector/Runtime/Messages/Stereo/msg) by extension 'colcon_pkg'
[0.160s] Level 1:colcon.colcon_core.package_identification:_identify(ros-bridge/src/ROS-TCP-Connector/com.unity.robotics.ros-tcp-connector/Runtime/Messages/Stereo/msg) by extensions ['colcon_meta']
[0.160s] Level 1:colcon.colcon_core.package_identification:_identify(ros-bridge/src/ROS-TCP-Connector/com.unity.robotics.ros-tcp-connector/Runtime/Messages/Stereo/msg) by extension 'colcon_meta'
[0.160s] Level 1:colcon.colcon_core.package_identification:_identify(ros-bridge/src/ROS-TCP-Connector/com.unity.robotics.ros-tcp-connector/Runtime/Messages/Stereo/msg) by extensions ['ros']
[0.160s] Level 1:colcon.colcon_core.package_identification:_identify(ros-bridge/src/ROS-TCP-Connector/com.unity.robotics.ros-tcp-connector/Runtime/Messages/Stereo/msg) by extension 'ros'
[0.160s] Level 1:colcon.colcon_core.package_identification:_identify(ros-bridge/src/ROS-TCP-Connector/com.unity.robotics.ros-tcp-connector/Runtime/Messages/Stereo/msg) by extensions ['cmake', 'python']
[0.160s] Level 1:colcon.colcon_core.package_identification:_identify(ros-bridge/src/ROS-TCP-Connector/com.unity.robotics.ros-tcp-connector/Runtime/Messages/Stereo/msg) by extension 'cmake'
[0.160s] Level 1:colcon.colcon_core.package_identification:_identify(ros-bridge/src/ROS-TCP-Connector/com.unity.robotics.ros-tcp-connector/Runtime/Messages/Stereo/msg) by extension 'python'
[0.160s] Level 1:colcon.colcon_core.package_identification:_identify(ros-bridge/src/ROS-TCP-Connector/com.unity.robotics.ros-tcp-connector/Runtime/Messages/Stereo/msg) by extensions ['python_setup_py']
[0.160s] Level 1:colcon.colcon_core.package_identification:_identify(ros-bridge/src/ROS-TCP-Connector/com.unity.robotics.ros-tcp-connector/Runtime/Messages/Stereo/msg) by extension 'python_setup_py'
[0.160s] Level 1:colcon.colcon_core.package_identification:_identify(ros-bridge/src/ROS-TCP-Connector/com.unity.robotics.ros-tcp-connector/Runtime/Messages/Tf2) by extensions ['ignore', 'ignore_ament_install']
[0.160s] Level 1:colcon.colcon_core.package_identification:_identify(ros-bridge/src/ROS-TCP-Connector/com.unity.robotics.ros-tcp-connector/Runtime/Messages/Tf2) by extension 'ignore'
[0.160s] Level 1:colcon.colcon_core.package_identification:_identify(ros-bridge/src/ROS-TCP-Connector/com.unity.robotics.ros-tcp-connector/Runtime/Messages/Tf2) by extension 'ignore_ament_install'
[0.160s] Level 1:colcon.colcon_core.package_identification:_identify(ros-bridge/src/ROS-TCP-Connector/com.unity.robotics.ros-tcp-connector/Runtime/Messages/Tf2) by extensions ['colcon_pkg']
[0.160s] Level 1:colcon.colcon_core.package_identification:_identify(ros-bridge/src/ROS-TCP-Connector/com.unity.robotics.ros-tcp-connector/Runtime/Messages/Tf2) by extension 'colcon_pkg'
[0.160s] Level 1:colcon.colcon_core.package_identification:_identify(ros-bridge/src/ROS-TCP-Connector/com.unity.robotics.ros-tcp-connector/Runtime/Messages/Tf2) by extensions ['colcon_meta']
[0.161s] Level 1:colcon.colcon_core.package_identification:_identify(ros-bridge/src/ROS-TCP-Connector/com.unity.robotics.ros-tcp-connector/Runtime/Messages/Tf2) by extension 'colcon_meta'
[0.161s] Level 1:colcon.colcon_core.package_identification:_identify(ros-bridge/src/ROS-TCP-Connector/com.unity.robotics.ros-tcp-connector/Runtime/Messages/Tf2) by extensions ['ros']
[0.161s] Level 1:colcon.colcon_core.package_identification:_identify(ros-bridge/src/ROS-TCP-Connector/com.unity.robotics.ros-tcp-connector/Runtime/Messages/Tf2) by extension 'ros'
[0.161s] Level 1:colcon.colcon_core.package_identification:_identify(ros-bridge/src/ROS-TCP-Connector/com.unity.robotics.ros-tcp-connector/Runtime/Messages/Tf2) by extensions ['cmake', 'python']
[0.161s] Level 1:colcon.colcon_core.package_identification:_identify(ros-bridge/src/ROS-TCP-Connector/com.unity.robotics.ros-tcp-connector/Runtime/Messages/Tf2) by extension 'cmake'
[0.161s] Level 1:colcon.colcon_core.package_identification:_identify(ros-bridge/src/ROS-TCP-Connector/com.unity.robotics.ros-tcp-connector/Runtime/Messages/Tf2) by extension 'python'
[0.161s] Level 1:colcon.colcon_core.package_identification:_identify(ros-bridge/src/ROS-TCP-Connector/com.unity.robotics.ros-tcp-connector/Runtime/Messages/Tf2) by extensions ['python_setup_py']
[0.161s] Level 1:colcon.colcon_core.package_identification:_identify(ros-bridge/src/ROS-TCP-Connector/com.unity.robotics.ros-tcp-connector/Runtime/Messages/Tf2) by extension 'python_setup_py'
[0.161s] Level 1:colcon.colcon_core.package_identification:_identify(ros-bridge/src/ROS-TCP-Connector/com.unity.robotics.ros-tcp-connector/Runtime/Messages/Tf2/action) by extensions ['ignore', 'ignore_ament_install']
[0.161s] Level 1:colcon.colcon_core.package_identification:_identify(ros-bridge/src/ROS-TCP-Connector/com.unity.robotics.ros-tcp-connector/Runtime/Messages/Tf2/action) by extension 'ignore'
[0.161s] Level 1:colcon.colcon_core.package_identification:_identify(ros-bridge/src/ROS-TCP-Connector/com.unity.robotics.ros-tcp-connector/Runtime/Messages/Tf2/action) by extension 'ignore_ament_install'
[0.161s] Level 1:colcon.colcon_core.package_identification:_identify(ros-bridge/src/ROS-TCP-Connector/com.unity.robotics.ros-tcp-connector/Runtime/Messages/Tf2/action) by extensions ['colcon_pkg']
[0.161s] Level 1:colcon.colcon_core.package_identification:_identify(ros-bridge/src/ROS-TCP-Connector/com.unity.robotics.ros-tcp-connector/Runtime/Messages/Tf2/action) by extension 'colcon_pkg'
[0.161s] Level 1:colcon.colcon_core.package_identification:_identify(ros-bridge/src/ROS-TCP-Connector/com.unity.robotics.ros-tcp-connector/Runtime/Messages/Tf2/action) by extensions ['colcon_meta']
[0.161s] Level 1:colcon.colcon_core.package_identification:_identify(ros-bridge/src/ROS-TCP-Connector/com.unity.robotics.ros-tcp-connector/Runtime/Messages/Tf2/action) by extension 'colcon_meta'
[0.161s] Level 1:colcon.colcon_core.package_identification:_identify(ros-bridge/src/ROS-TCP-Connector/com.unity.robotics.ros-tcp-connector/Runtime/Messages/Tf2/action) by extensions ['ros']
[0.161s] Level 1:colcon.colcon_core.package_identification:_identify(ros-bridge/src/ROS-TCP-Connector/com.unity.robotics.ros-tcp-connector/Runtime/Messages/Tf2/action) by extension 'ros'
[0.161s] Level 1:colcon.colcon_core.package_identification:_identify(ros-bridge/src/ROS-TCP-Connector/com.unity.robotics.ros-tcp-connector/Runtime/Messages/Tf2/action) by extensions ['cmake', 'python']
[0.161s] Level 1:colcon.colcon_core.package_identification:_identify(ros-bridge/src/ROS-TCP-Connector/com.unity.robotics.ros-tcp-connector/Runtime/Messages/Tf2/action) by extension 'cmake'
[0.161s] Level 1:colcon.colcon_core.package_identification:_identify(ros-bridge/src/ROS-TCP-Connector/com.unity.robotics.ros-tcp-connector/Runtime/Messages/Tf2/action) by extension 'python'
[0.161s] Level 1:colcon.colcon_core.package_identification:_identify(ros-bridge/src/ROS-TCP-Connector/com.unity.robotics.ros-tcp-connector/Runtime/Messages/Tf2/action) by extensions ['python_setup_py']
[0.161s] Level 1:colcon.colcon_core.package_identification:_identify(ros-bridge/src/ROS-TCP-Connector/com.unity.robotics.ros-tcp-connector/Runtime/Messages/Tf2/action) by extension 'python_setup_py'
[0.161s] Level 1:colcon.colcon_core.package_identification:_identify(ros-bridge/src/ROS-TCP-Connector/com.unity.robotics.ros-tcp-connector/Runtime/Messages/Tf2/msg) by extensions ['ignore', 'ignore_ament_install']
[0.161s] Level 1:colcon.colcon_core.package_identification:_identify(ros-bridge/src/ROS-TCP-Connector/com.unity.robotics.ros-tcp-connector/Runtime/Messages/Tf2/msg) by extension 'ignore'
[0.161s] Level 1:colcon.colcon_core.package_identification:_identify(ros-bridge/src/ROS-TCP-Connector/com.unity.robotics.ros-tcp-connector/Runtime/Messages/Tf2/msg) by extension 'ignore_ament_install'
[0.161s] Level 1:colcon.colcon_core.package_identification:_identify(ros-bridge/src/ROS-TCP-Connector/com.unity.robotics.ros-tcp-connector/Runtime/Messages/Tf2/msg) by extensions ['colcon_pkg']
[0.161s] Level 1:colcon.colcon_core.package_identification:_identify(ros-bridge/src/ROS-TCP-Connector/com.unity.robotics.ros-tcp-connector/Runtime/Messages/Tf2/msg) by extension 'colcon_pkg'
[0.161s] Level 1:colcon.colcon_core.package_identification:_identify(ros-bridge/src/ROS-TCP-Connector/com.unity.robotics.ros-tcp-connector/Runtime/Messages/Tf2/msg) by extensions ['colcon_meta']
[0.161s] Level 1:colcon.colcon_core.package_identification:_identify(ros-bridge/src/ROS-TCP-Connector/com.unity.robotics.ros-tcp-connector/Runtime/Messages/Tf2/msg) by extension 'colcon_meta'
[0.161s] Level 1:colcon.colcon_core.package_identification:_identify(ros-bridge/src/ROS-TCP-Connector/com.unity.robotics.ros-tcp-connector/Runtime/Messages/Tf2/msg) by extensions ['ros']
[0.161s] Level 1:colcon.colcon_core.package_identification:_identify(ros-bridge/src/ROS-TCP-Connector/com.unity.robotics.ros-tcp-connector/Runtime/Messages/Tf2/msg) by extension 'ros'
[0.161s] Level 1:colcon.colcon_core.package_identification:_identify(ros-bridge/src/ROS-TCP-Connector/com.unity.robotics.ros-tcp-connector/Runtime/Messages/Tf2/msg) by extensions ['cmake', 'python']
[0.161s] Level 1:colcon.colcon_core.package_identification:_identify(ros-bridge/src/ROS-TCP-Connector/com.unity.robotics.ros-tcp-connector/Runtime/Messages/Tf2/msg) by extension 'cmake'
[0.161s] Level 1:colcon.colcon_core.package_identification:_identify(ros-bridge/src/ROS-TCP-Connector/com.unity.robotics.ros-tcp-connector/Runtime/Messages/Tf2/msg) by extension 'python'
[0.161s] Level 1:colcon.colcon_core.package_identification:_identify(ros-bridge/src/ROS-TCP-Connector/com.unity.robotics.ros-tcp-connector/Runtime/Messages/Tf2/msg) by extensions ['python_setup_py']
[0.161s] Level 1:colcon.colcon_core.package_identification:_identify(ros-bridge/src/ROS-TCP-Connector/com.unity.robotics.ros-tcp-connector/Runtime/Messages/Tf2/msg) by extension 'python_setup_py'
[0.161s] Level 1:colcon.colcon_core.package_identification:_identify(ros-bridge/src/ROS-TCP-Connector/com.unity.robotics.ros-tcp-connector/Runtime/Messages/Tf2/srv) by extensions ['ignore', 'ignore_ament_install']
[0.161s] Level 1:colcon.colcon_core.package_identification:_identify(ros-bridge/src/ROS-TCP-Connector/com.unity.robotics.ros-tcp-connector/Runtime/Messages/Tf2/srv) by extension 'ignore'
[0.161s] Level 1:colcon.colcon_core.package_identification:_identify(ros-bridge/src/ROS-TCP-Connector/com.unity.robotics.ros-tcp-connector/Runtime/Messages/Tf2/srv) by extension 'ignore_ament_install'
[0.161s] Level 1:colcon.colcon_core.package_identification:_identify(ros-bridge/src/ROS-TCP-Connector/com.unity.robotics.ros-tcp-connector/Runtime/Messages/Tf2/srv) by extensions ['colcon_pkg']
[0.161s] Level 1:colcon.colcon_core.package_identification:_identify(ros-bridge/src/ROS-TCP-Connector/com.unity.robotics.ros-tcp-connector/Runtime/Messages/Tf2/srv) by extension 'colcon_pkg'
[0.161s] Level 1:colcon.colcon_core.package_identification:_identify(ros-bridge/src/ROS-TCP-Connector/com.unity.robotics.ros-tcp-connector/Runtime/Messages/Tf2/srv) by extensions ['colcon_meta']
[0.161s] Level 1:colcon.colcon_core.package_identification:_identify(ros-bridge/src/ROS-TCP-Connector/com.unity.robotics.ros-tcp-connector/Runtime/Messages/Tf2/srv) by extension 'colcon_meta'
[0.161s] Level 1:colcon.colcon_core.package_identification:_identify(ros-bridge/src/ROS-TCP-Connector/com.unity.robotics.ros-tcp-connector/Runtime/Messages/Tf2/srv) by extensions ['ros']
[0.161s] Level 1:colcon.colcon_core.package_identification:_identify(ros-bridge/src/ROS-TCP-Connector/com.unity.robotics.ros-tcp-connector/Runtime/Messages/Tf2/srv) by extension 'ros'
[0.161s] Level 1:colcon.colcon_core.package_identification:_identify(ros-bridge/src/ROS-TCP-Connector/com.unity.robotics.ros-tcp-connector/Runtime/Messages/Tf2/srv) by extensions ['cmake', 'python']
[0.161s] Level 1:colcon.colcon_core.package_identification:_identify(ros-bridge/src/ROS-TCP-Connector/com.unity.robotics.ros-tcp-connector/Runtime/Messages/Tf2/srv) by extension 'cmake'
[0.161s] Level 1:colcon.colcon_core.package_identification:_identify(ros-bridge/src/ROS-TCP-Connector/com.unity.robotics.ros-tcp-connector/Runtime/Messages/Tf2/srv) by extension 'python'
[0.161s] Level 1:colcon.colcon_core.package_identification:_identify(ros-bridge/src/ROS-TCP-Connector/com.unity.robotics.ros-tcp-connector/Runtime/Messages/Tf2/srv) by extensions ['python_setup_py']
[0.161s] Level 1:colcon.colcon_core.package_identification:_identify(ros-bridge/src/ROS-TCP-Connector/com.unity.robotics.ros-tcp-connector/Runtime/Messages/Tf2/srv) by extension 'python_setup_py'
[0.162s] Level 1:colcon.colcon_core.package_identification:_identify(ros-bridge/src/ROS-TCP-Connector/com.unity.robotics.ros-tcp-connector/Runtime/Messages/Trajectory) by extensions ['ignore', 'ignore_ament_install']
[0.162s] Level 1:colcon.colcon_core.package_identification:_identify(ros-bridge/src/ROS-TCP-Connector/com.unity.robotics.ros-tcp-connector/Runtime/Messages/Trajectory) by extension 'ignore'
[0.162s] Level 1:colcon.colcon_core.package_identification:_identify(ros-bridge/src/ROS-TCP-Connector/com.unity.robotics.ros-tcp-connector/Runtime/Messages/Trajectory) by extension 'ignore_ament_install'
[0.162s] Level 1:colcon.colcon_core.package_identification:_identify(ros-bridge/src/ROS-TCP-Connector/com.unity.robotics.ros-tcp-connector/Runtime/Messages/Trajectory) by extensions ['colcon_pkg']
[0.162s] Level 1:colcon.colcon_core.package_identification:_identify(ros-bridge/src/ROS-TCP-Connector/com.unity.robotics.ros-tcp-connector/Runtime/Messages/Trajectory) by extension 'colcon_pkg'
[0.162s] Level 1:colcon.colcon_core.package_identification:_identify(ros-bridge/src/ROS-TCP-Connector/com.unity.robotics.ros-tcp-connector/Runtime/Messages/Trajectory) by extensions ['colcon_meta']
[0.162s] Level 1:colcon.colcon_core.package_identification:_identify(ros-bridge/src/ROS-TCP-Connector/com.unity.robotics.ros-tcp-connector/Runtime/Messages/Trajectory) by extension 'colcon_meta'
[0.162s] Level 1:colcon.colcon_core.package_identification:_identify(ros-bridge/src/ROS-TCP-Connector/com.unity.robotics.ros-tcp-connector/Runtime/Messages/Trajectory) by extensions ['ros']
[0.162s] Level 1:colcon.colcon_core.package_identification:_identify(ros-bridge/src/ROS-TCP-Connector/com.unity.robotics.ros-tcp-connector/Runtime/Messages/Trajectory) by extension 'ros'
[0.162s] Level 1:colcon.colcon_core.package_identification:_identify(ros-bridge/src/ROS-TCP-Connector/com.unity.robotics.ros-tcp-connector/Runtime/Messages/Trajectory) by extensions ['cmake', 'python']
[0.162s] Level 1:colcon.colcon_core.package_identification:_identify(ros-bridge/src/ROS-TCP-Connector/com.unity.robotics.ros-tcp-connector/Runtime/Messages/Trajectory) by extension 'cmake'
[0.162s] Level 1:colcon.colcon_core.package_identification:_identify(ros-bridge/src/ROS-TCP-Connector/com.unity.robotics.ros-tcp-connector/Runtime/Messages/Trajectory) by extension 'python'
[0.162s] Level 1:colcon.colcon_core.package_identification:_identify(ros-bridge/src/ROS-TCP-Connector/com.unity.robotics.ros-tcp-connector/Runtime/Messages/Trajectory) by extensions ['python_setup_py']
[0.162s] Level 1:colcon.colcon_core.package_identification:_identify(ros-bridge/src/ROS-TCP-Connector/com.unity.robotics.ros-tcp-connector/Runtime/Messages/Trajectory) by extension 'python_setup_py'
[0.162s] Level 1:colcon.colcon_core.package_identification:_identify(ros-bridge/src/ROS-TCP-Connector/com.unity.robotics.ros-tcp-connector/Runtime/Messages/Trajectory/msg) by extensions ['ignore', 'ignore_ament_install']
[0.162s] Level 1:colcon.colcon_core.package_identification:_identify(ros-bridge/src/ROS-TCP-Connector/com.unity.robotics.ros-tcp-connector/Runtime/Messages/Trajectory/msg) by extension 'ignore'
[0.162s] Level 1:colcon.colcon_core.package_identification:_identify(ros-bridge/src/ROS-TCP-Connector/com.unity.robotics.ros-tcp-connector/Runtime/Messages/Trajectory/msg) by extension 'ignore_ament_install'
[0.162s] Level 1:colcon.colcon_core.package_identification:_identify(ros-bridge/src/ROS-TCP-Connector/com.unity.robotics.ros-tcp-connector/Runtime/Messages/Trajectory/msg) by extensions ['colcon_pkg']
[0.162s] Level 1:colcon.colcon_core.package_identification:_identify(ros-bridge/src/ROS-TCP-Connector/com.unity.robotics.ros-tcp-connector/Runtime/Messages/Trajectory/msg) by extension 'colcon_pkg'
[0.162s] Level 1:colcon.colcon_core.package_identification:_identify(ros-bridge/src/ROS-TCP-Connector/com.unity.robotics.ros-tcp-connector/Runtime/Messages/Trajectory/msg) by extensions ['colcon_meta']
[0.162s] Level 1:colcon.colcon_core.package_identification:_identify(ros-bridge/src/ROS-TCP-Connector/com.unity.robotics.ros-tcp-connector/Runtime/Messages/Trajectory/msg) by extension 'colcon_meta'
[0.162s] Level 1:colcon.colcon_core.package_identification:_identify(ros-bridge/src/ROS-TCP-Connector/com.unity.robotics.ros-tcp-connector/Runtime/Messages/Trajectory/msg) by extensions ['ros']
[0.162s] Level 1:colcon.colcon_core.package_identification:_identify(ros-bridge/src/ROS-TCP-Connector/com.unity.robotics.ros-tcp-connector/Runtime/Messages/Trajectory/msg) by extension 'ros'
[0.162s] Level 1:colcon.colcon_core.package_identification:_identify(ros-bridge/src/ROS-TCP-Connector/com.unity.robotics.ros-tcp-connector/Runtime/Messages/Trajectory/msg) by extensions ['cmake', 'python']
[0.162s] Level 1:colcon.colcon_core.package_identification:_identify(ros-bridge/src/ROS-TCP-Connector/com.unity.robotics.ros-tcp-connector/Runtime/Messages/Trajectory/msg) by extension 'cmake'
[0.162s] Level 1:colcon.colcon_core.package_identification:_identify(ros-bridge/src/ROS-TCP-Connector/com.unity.robotics.ros-tcp-connector/Runtime/Messages/Trajectory/msg) by extension 'python'
[0.162s] Level 1:colcon.colcon_core.package_identification:_identify(ros-bridge/src/ROS-TCP-Connector/com.unity.robotics.ros-tcp-connector/Runtime/Messages/Trajectory/msg) by extensions ['python_setup_py']
[0.162s] Level 1:colcon.colcon_core.package_identification:_identify(ros-bridge/src/ROS-TCP-Connector/com.unity.robotics.ros-tcp-connector/Runtime/Messages/Trajectory/msg) by extension 'python_setup_py'
[0.162s] Level 1:colcon.colcon_core.package_identification:_identify(ros-bridge/src/ROS-TCP-Connector/com.unity.robotics.ros-tcp-connector/Runtime/Messages/Visualization) by extensions ['ignore', 'ignore_ament_install']
[0.162s] Level 1:colcon.colcon_core.package_identification:_identify(ros-bridge/src/ROS-TCP-Connector/com.unity.robotics.ros-tcp-connector/Runtime/Messages/Visualization) by extension 'ignore'
[0.162s] Level 1:colcon.colcon_core.package_identification:_identify(ros-bridge/src/ROS-TCP-Connector/com.unity.robotics.ros-tcp-connector/Runtime/Messages/Visualization) by extension 'ignore_ament_install'
[0.162s] Level 1:colcon.colcon_core.package_identification:_identify(ros-bridge/src/ROS-TCP-Connector/com.unity.robotics.ros-tcp-connector/Runtime/Messages/Visualization) by extensions ['colcon_pkg']
[0.162s] Level 1:colcon.colcon_core.package_identification:_identify(ros-bridge/src/ROS-TCP-Connector/com.unity.robotics.ros-tcp-connector/Runtime/Messages/Visualization) by extension 'colcon_pkg'
[0.162s] Level 1:colcon.colcon_core.package_identification:_identify(ros-bridge/src/ROS-TCP-Connector/com.unity.robotics.ros-tcp-connector/Runtime/Messages/Visualization) by extensions ['colcon_meta']
[0.162s] Level 1:colcon.colcon_core.package_identification:_identify(ros-bridge/src/ROS-TCP-Connector/com.unity.robotics.ros-tcp-connector/Runtime/Messages/Visualization) by extension 'colcon_meta'
[0.162s] Level 1:colcon.colcon_core.package_identification:_identify(ros-bridge/src/ROS-TCP-Connector/com.unity.robotics.ros-tcp-connector/Runtime/Messages/Visualization) by extensions ['ros']
[0.162s] Level 1:colcon.colcon_core.package_identification:_identify(ros-bridge/src/ROS-TCP-Connector/com.unity.robotics.ros-tcp-connector/Runtime/Messages/Visualization) by extension 'ros'
[0.162s] Level 1:colcon.colcon_core.package_identification:_identify(ros-bridge/src/ROS-TCP-Connector/com.unity.robotics.ros-tcp-connector/Runtime/Messages/Visualization) by extensions ['cmake', 'python']
[0.162s] Level 1:colcon.colcon_core.package_identification:_identify(ros-bridge/src/ROS-TCP-Connector/com.unity.robotics.ros-tcp-connector/Runtime/Messages/Visualization) by extension 'cmake'
[0.162s] Level 1:colcon.colcon_core.package_identification:_identify(ros-bridge/src/ROS-TCP-Connector/com.unity.robotics.ros-tcp-connector/Runtime/Messages/Visualization) by extension 'python'
[0.162s] Level 1:colcon.colcon_core.package_identification:_identify(ros-bridge/src/ROS-TCP-Connector/com.unity.robotics.ros-tcp-connector/Runtime/Messages/Visualization) by extensions ['python_setup_py']
[0.162s] Level 1:colcon.colcon_core.package_identification:_identify(ros-bridge/src/ROS-TCP-Connector/com.unity.robotics.ros-tcp-connector/Runtime/Messages/Visualization) by extension 'python_setup_py'
[0.162s] Level 1:colcon.colcon_core.package_identification:_identify(ros-bridge/src/ROS-TCP-Connector/com.unity.robotics.ros-tcp-connector/Runtime/Messages/Visualization/msg) by extensions ['ignore', 'ignore_ament_install']
[0.162s] Level 1:colcon.colcon_core.package_identification:_identify(ros-bridge/src/ROS-TCP-Connector/com.unity.robotics.ros-tcp-connector/Runtime/Messages/Visualization/msg) by extension 'ignore'
[0.162s] Level 1:colcon.colcon_core.package_identification:_identify(ros-bridge/src/ROS-TCP-Connector/com.unity.robotics.ros-tcp-connector/Runtime/Messages/Visualization/msg) by extension 'ignore_ament_install'
[0.163s] Level 1:colcon.colcon_core.package_identification:_identify(ros-bridge/src/ROS-TCP-Connector/com.unity.robotics.ros-tcp-connector/Runtime/Messages/Visualization/msg) by extensions ['colcon_pkg']
[0.163s] Level 1:colcon.colcon_core.package_identification:_identify(ros-bridge/src/ROS-TCP-Connector/com.unity.robotics.ros-tcp-connector/Runtime/Messages/Visualization/msg) by extension 'colcon_pkg'
[0.163s] Level 1:colcon.colcon_core.package_identification:_identify(ros-bridge/src/ROS-TCP-Connector/com.unity.robotics.ros-tcp-connector/Runtime/Messages/Visualization/msg) by extensions ['colcon_meta']
[0.163s] Level 1:colcon.colcon_core.package_identification:_identify(ros-bridge/src/ROS-TCP-Connector/com.unity.robotics.ros-tcp-connector/Runtime/Messages/Visualization/msg) by extension 'colcon_meta'
[0.163s] Level 1:colcon.colcon_core.package_identification:_identify(ros-bridge/src/ROS-TCP-Connector/com.unity.robotics.ros-tcp-connector/Runtime/Messages/Visualization/msg) by extensions ['ros']
[0.163s] Level 1:colcon.colcon_core.package_identification:_identify(ros-bridge/src/ROS-TCP-Connector/com.unity.robotics.ros-tcp-connector/Runtime/Messages/Visualization/msg) by extension 'ros'
[0.163s] Level 1:colcon.colcon_core.package_identification:_identify(ros-bridge/src/ROS-TCP-Connector/com.unity.robotics.ros-tcp-connector/Runtime/Messages/Visualization/msg) by extensions ['cmake', 'python']
[0.163s] Level 1:colcon.colcon_core.package_identification:_identify(ros-bridge/src/ROS-TCP-Connector/com.unity.robotics.ros-tcp-connector/Runtime/Messages/Visualization/msg) by extension 'cmake'
[0.163s] Level 1:colcon.colcon_core.package_identification:_identify(ros-bridge/src/ROS-TCP-Connector/com.unity.robotics.ros-tcp-connector/Runtime/Messages/Visualization/msg) by extension 'python'
[0.163s] Level 1:colcon.colcon_core.package_identification:_identify(ros-bridge/src/ROS-TCP-Connector/com.unity.robotics.ros-tcp-connector/Runtime/Messages/Visualization/msg) by extensions ['python_setup_py']
[0.163s] Level 1:colcon.colcon_core.package_identification:_identify(ros-bridge/src/ROS-TCP-Connector/com.unity.robotics.ros-tcp-connector/Runtime/Messages/Visualization/msg) by extension 'python_setup_py'
[0.163s] Level 1:colcon.colcon_core.package_identification:_identify(ros-bridge/src/ROS-TCP-Connector/com.unity.robotics.ros-tcp-connector/Runtime/Messages/Visualization/srv) by extensions ['ignore', 'ignore_ament_install']
[0.163s] Level 1:colcon.colcon_core.package_identification:_identify(ros-bridge/src/ROS-TCP-Connector/com.unity.robotics.ros-tcp-connector/Runtime/Messages/Visualization/srv) by extension 'ignore'
[0.163s] Level 1:colcon.colcon_core.package_identification:_identify(ros-bridge/src/ROS-TCP-Connector/com.unity.robotics.ros-tcp-connector/Runtime/Messages/Visualization/srv) by extension 'ignore_ament_install'
[0.163s] Level 1:colcon.colcon_core.package_identification:_identify(ros-bridge/src/ROS-TCP-Connector/com.unity.robotics.ros-tcp-connector/Runtime/Messages/Visualization/srv) by extensions ['colcon_pkg']
[0.163s] Level 1:colcon.colcon_core.package_identification:_identify(ros-bridge/src/ROS-TCP-Connector/com.unity.robotics.ros-tcp-connector/Runtime/Messages/Visualization/srv) by extension 'colcon_pkg'
[0.163s] Level 1:colcon.colcon_core.package_identification:_identify(ros-bridge/src/ROS-TCP-Connector/com.unity.robotics.ros-tcp-connector/Runtime/Messages/Visualization/srv) by extensions ['colcon_meta']
[0.163s] Level 1:colcon.colcon_core.package_identification:_identify(ros-bridge/src/ROS-TCP-Connector/com.unity.robotics.ros-tcp-connector/Runtime/Messages/Visualization/srv) by extension 'colcon_meta'
[0.163s] Level 1:colcon.colcon_core.package_identification:_identify(ros-bridge/src/ROS-TCP-Connector/com.unity.robotics.ros-tcp-connector/Runtime/Messages/Visualization/srv) by extensions ['ros']
[0.163s] Level 1:colcon.colcon_core.package_identification:_identify(ros-bridge/src/ROS-TCP-Connector/com.unity.robotics.ros-tcp-connector/Runtime/Messages/Visualization/srv) by extension 'ros'
[0.163s] Level 1:colcon.colcon_core.package_identification:_identify(ros-bridge/src/ROS-TCP-Connector/com.unity.robotics.ros-tcp-connector/Runtime/Messages/Visualization/srv) by extensions ['cmake', 'python']
[0.163s] Level 1:colcon.colcon_core.package_identification:_identify(ros-bridge/src/ROS-TCP-Connector/com.unity.robotics.ros-tcp-connector/Runtime/Messages/Visualization/srv) by extension 'cmake'
[0.163s] Level 1:colcon.colcon_core.package_identification:_identify(ros-bridge/src/ROS-TCP-Connector/com.unity.robotics.ros-tcp-connector/Runtime/Messages/Visualization/srv) by extension 'python'
[0.163s] Level 1:colcon.colcon_core.package_identification:_identify(ros-bridge/src/ROS-TCP-Connector/com.unity.robotics.ros-tcp-connector/Runtime/Messages/Visualization/srv) by extensions ['python_setup_py']
[0.163s] Level 1:colcon.colcon_core.package_identification:_identify(ros-bridge/src/ROS-TCP-Connector/com.unity.robotics.ros-tcp-connector/Runtime/Messages/Visualization/srv) by extension 'python_setup_py'
[0.163s] Level 1:colcon.colcon_core.package_identification:_identify(ros-bridge/src/ROS-TCP-Connector/com.unity.robotics.ros-tcp-connector/Runtime/ROSGeometry) by extensions ['ignore', 'ignore_ament_install']
[0.163s] Level 1:colcon.colcon_core.package_identification:_identify(ros-bridge/src/ROS-TCP-Connector/com.unity.robotics.ros-tcp-connector/Runtime/ROSGeometry) by extension 'ignore'
[0.163s] Level 1:colcon.colcon_core.package_identification:_identify(ros-bridge/src/ROS-TCP-Connector/com.unity.robotics.ros-tcp-connector/Runtime/ROSGeometry) by extension 'ignore_ament_install'
[0.163s] Level 1:colcon.colcon_core.package_identification:_identify(ros-bridge/src/ROS-TCP-Connector/com.unity.robotics.ros-tcp-connector/Runtime/ROSGeometry) by extensions ['colcon_pkg']
[0.163s] Level 1:colcon.colcon_core.package_identification:_identify(ros-bridge/src/ROS-TCP-Connector/com.unity.robotics.ros-tcp-connector/Runtime/ROSGeometry) by extension 'colcon_pkg'
[0.163s] Level 1:colcon.colcon_core.package_identification:_identify(ros-bridge/src/ROS-TCP-Connector/com.unity.robotics.ros-tcp-connector/Runtime/ROSGeometry) by extensions ['colcon_meta']
[0.163s] Level 1:colcon.colcon_core.package_identification:_identify(ros-bridge/src/ROS-TCP-Connector/com.unity.robotics.ros-tcp-connector/Runtime/ROSGeometry) by extension 'colcon_meta'
[0.163s] Level 1:colcon.colcon_core.package_identification:_identify(ros-bridge/src/ROS-TCP-Connector/com.unity.robotics.ros-tcp-connector/Runtime/ROSGeometry) by extensions ['ros']
[0.163s] Level 1:colcon.colcon_core.package_identification:_identify(ros-bridge/src/ROS-TCP-Connector/com.unity.robotics.ros-tcp-connector/Runtime/ROSGeometry) by extension 'ros'
[0.163s] Level 1:colcon.colcon_core.package_identification:_identify(ros-bridge/src/ROS-TCP-Connector/com.unity.robotics.ros-tcp-connector/Runtime/ROSGeometry) by extensions ['cmake', 'python']
[0.163s] Level 1:colcon.colcon_core.package_identification:_identify(ros-bridge/src/ROS-TCP-Connector/com.unity.robotics.ros-tcp-connector/Runtime/ROSGeometry) by extension 'cmake'
[0.163s] Level 1:colcon.colcon_core.package_identification:_identify(ros-bridge/src/ROS-TCP-Connector/com.unity.robotics.ros-tcp-connector/Runtime/ROSGeometry) by extension 'python'
[0.163s] Level 1:colcon.colcon_core.package_identification:_identify(ros-bridge/src/ROS-TCP-Connector/com.unity.robotics.ros-tcp-connector/Runtime/ROSGeometry) by extensions ['python_setup_py']
[0.163s] Level 1:colcon.colcon_core.package_identification:_identify(ros-bridge/src/ROS-TCP-Connector/com.unity.robotics.ros-tcp-connector/Runtime/ROSGeometry) by extension 'python_setup_py'
[0.163s] Level 1:colcon.colcon_core.package_identification:_identify(ros-bridge/src/ROS-TCP-Connector/com.unity.robotics.ros-tcp-connector/Runtime/TcpConnector) by extensions ['ignore', 'ignore_ament_install']
[0.163s] Level 1:colcon.colcon_core.package_identification:_identify(ros-bridge/src/ROS-TCP-Connector/com.unity.robotics.ros-tcp-connector/Runtime/TcpConnector) by extension 'ignore'
[0.163s] Level 1:colcon.colcon_core.package_identification:_identify(ros-bridge/src/ROS-TCP-Connector/com.unity.robotics.ros-tcp-connector/Runtime/TcpConnector) by extension 'ignore_ament_install'
[0.163s] Level 1:colcon.colcon_core.package_identification:_identify(ros-bridge/src/ROS-TCP-Connector/com.unity.robotics.ros-tcp-connector/Runtime/TcpConnector) by extensions ['colcon_pkg']
[0.163s] Level 1:colcon.colcon_core.package_identification:_identify(ros-bridge/src/ROS-TCP-Connector/com.unity.robotics.ros-tcp-connector/Runtime/TcpConnector) by extension 'colcon_pkg'
[0.163s] Level 1:colcon.colcon_core.package_identification:_identify(ros-bridge/src/ROS-TCP-Connector/com.unity.robotics.ros-tcp-connector/Runtime/TcpConnector) by extensions ['colcon_meta']
[0.163s] Level 1:colcon.colcon_core.package_identification:_identify(ros-bridge/src/ROS-TCP-Connector/com.unity.robotics.ros-tcp-connector/Runtime/TcpConnector) by extension 'colcon_meta'
[0.163s] Level 1:colcon.colcon_core.package_identification:_identify(ros-bridge/src/ROS-TCP-Connector/com.unity.robotics.ros-tcp-connector/Runtime/TcpConnector) by extensions ['ros']
[0.163s] Level 1:colcon.colcon_core.package_identification:_identify(ros-bridge/src/ROS-TCP-Connector/com.unity.robotics.ros-tcp-connector/Runtime/TcpConnector) by extension 'ros'
[0.163s] Level 1:colcon.colcon_core.package_identification:_identify(ros-bridge/src/ROS-TCP-Connector/com.unity.robotics.ros-tcp-connector/Runtime/TcpConnector) by extensions ['cmake', 'python']
[0.163s] Level 1:colcon.colcon_core.package_identification:_identify(ros-bridge/src/ROS-TCP-Connector/com.unity.robotics.ros-tcp-connector/Runtime/TcpConnector) by extension 'cmake'
[0.164s] Level 1:colcon.colcon_core.package_identification:_identify(ros-bridge/src/ROS-TCP-Connector/com.unity.robotics.ros-tcp-connector/Runtime/TcpConnector) by extension 'python'
[0.164s] Level 1:colcon.colcon_core.package_identification:_identify(ros-bridge/src/ROS-TCP-Connector/com.unity.robotics.ros-tcp-connector/Runtime/TcpConnector) by extensions ['python_setup_py']
[0.164s] Level 1:colcon.colcon_core.package_identification:_identify(ros-bridge/src/ROS-TCP-Connector/com.unity.robotics.ros-tcp-connector/Runtime/TcpConnector) by extension 'python_setup_py'
[0.164s] Level 1:colcon.colcon_core.package_identification:_identify(ros-bridge/src/ROS-TCP-Connector/com.unity.robotics.ros-tcp-connector/Tests) by extensions ['ignore', 'ignore_ament_install']
[0.164s] Level 1:colcon.colcon_core.package_identification:_identify(ros-bridge/src/ROS-TCP-Connector/com.unity.robotics.ros-tcp-connector/Tests) by extension 'ignore'
[0.164s] Level 1:colcon.colcon_core.package_identification:_identify(ros-bridge/src/ROS-TCP-Connector/com.unity.robotics.ros-tcp-connector/Tests) by extension 'ignore_ament_install'
[0.164s] Level 1:colcon.colcon_core.package_identification:_identify(ros-bridge/src/ROS-TCP-Connector/com.unity.robotics.ros-tcp-connector/Tests) by extensions ['colcon_pkg']
[0.164s] Level 1:colcon.colcon_core.package_identification:_identify(ros-bridge/src/ROS-TCP-Connector/com.unity.robotics.ros-tcp-connector/Tests) by extension 'colcon_pkg'
[0.164s] Level 1:colcon.colcon_core.package_identification:_identify(ros-bridge/src/ROS-TCP-Connector/com.unity.robotics.ros-tcp-connector/Tests) by extensions ['colcon_meta']
[0.164s] Level 1:colcon.colcon_core.package_identification:_identify(ros-bridge/src/ROS-TCP-Connector/com.unity.robotics.ros-tcp-connector/Tests) by extension 'colcon_meta'
[0.164s] Level 1:colcon.colcon_core.package_identification:_identify(ros-bridge/src/ROS-TCP-Connector/com.unity.robotics.ros-tcp-connector/Tests) by extensions ['ros']
[0.164s] Level 1:colcon.colcon_core.package_identification:_identify(ros-bridge/src/ROS-TCP-Connector/com.unity.robotics.ros-tcp-connector/Tests) by extension 'ros'
[0.164s] Level 1:colcon.colcon_core.package_identification:_identify(ros-bridge/src/ROS-TCP-Connector/com.unity.robotics.ros-tcp-connector/Tests) by extensions ['cmake', 'python']
[0.164s] Level 1:colcon.colcon_core.package_identification:_identify(ros-bridge/src/ROS-TCP-Connector/com.unity.robotics.ros-tcp-connector/Tests) by extension 'cmake'
[0.164s] Level 1:colcon.colcon_core.package_identification:_identify(ros-bridge/src/ROS-TCP-Connector/com.unity.robotics.ros-tcp-connector/Tests) by extension 'python'
[0.164s] Level 1:colcon.colcon_core.package_identification:_identify(ros-bridge/src/ROS-TCP-Connector/com.unity.robotics.ros-tcp-connector/Tests) by extensions ['python_setup_py']
[0.164s] Level 1:colcon.colcon_core.package_identification:_identify(ros-bridge/src/ROS-TCP-Connector/com.unity.robotics.ros-tcp-connector/Tests) by extension 'python_setup_py'
[0.164s] Level 1:colcon.colcon_core.package_identification:_identify(ros-bridge/src/ROS-TCP-Connector/com.unity.robotics.ros-tcp-connector/Tests/Editor) by extensions ['ignore', 'ignore_ament_install']
[0.164s] Level 1:colcon.colcon_core.package_identification:_identify(ros-bridge/src/ROS-TCP-Connector/com.unity.robotics.ros-tcp-connector/Tests/Editor) by extension 'ignore'
[0.164s] Level 1:colcon.colcon_core.package_identification:_identify(ros-bridge/src/ROS-TCP-Connector/com.unity.robotics.ros-tcp-connector/Tests/Editor) by extension 'ignore_ament_install'
[0.164s] Level 1:colcon.colcon_core.package_identification:_identify(ros-bridge/src/ROS-TCP-Connector/com.unity.robotics.ros-tcp-connector/Tests/Editor) by extensions ['colcon_pkg']
[0.164s] Level 1:colcon.colcon_core.package_identification:_identify(ros-bridge/src/ROS-TCP-Connector/com.unity.robotics.ros-tcp-connector/Tests/Editor) by extension 'colcon_pkg'
[0.164s] Level 1:colcon.colcon_core.package_identification:_identify(ros-bridge/src/ROS-TCP-Connector/com.unity.robotics.ros-tcp-connector/Tests/Editor) by extensions ['colcon_meta']
[0.164s] Level 1:colcon.colcon_core.package_identification:_identify(ros-bridge/src/ROS-TCP-Connector/com.unity.robotics.ros-tcp-connector/Tests/Editor) by extension 'colcon_meta'
[0.164s] Level 1:colcon.colcon_core.package_identification:_identify(ros-bridge/src/ROS-TCP-Connector/com.unity.robotics.ros-tcp-connector/Tests/Editor) by extensions ['ros']
[0.164s] Level 1:colcon.colcon_core.package_identification:_identify(ros-bridge/src/ROS-TCP-Connector/com.unity.robotics.ros-tcp-connector/Tests/Editor) by extension 'ros'
[0.164s] Level 1:colcon.colcon_core.package_identification:_identify(ros-bridge/src/ROS-TCP-Connector/com.unity.robotics.ros-tcp-connector/Tests/Editor) by extensions ['cmake', 'python']
[0.164s] Level 1:colcon.colcon_core.package_identification:_identify(ros-bridge/src/ROS-TCP-Connector/com.unity.robotics.ros-tcp-connector/Tests/Editor) by extension 'cmake'
[0.164s] Level 1:colcon.colcon_core.package_identification:_identify(ros-bridge/src/ROS-TCP-Connector/com.unity.robotics.ros-tcp-connector/Tests/Editor) by extension 'python'
[0.164s] Level 1:colcon.colcon_core.package_identification:_identify(ros-bridge/src/ROS-TCP-Connector/com.unity.robotics.ros-tcp-connector/Tests/Editor) by extensions ['python_setup_py']
[0.164s] Level 1:colcon.colcon_core.package_identification:_identify(ros-bridge/src/ROS-TCP-Connector/com.unity.robotics.ros-tcp-connector/Tests/Editor) by extension 'python_setup_py'
[0.164s] Level 1:colcon.colcon_core.package_identification:_identify(ros-bridge/src/ROS-TCP-Connector/com.unity.robotics.ros-tcp-connector/Tests/Runtime) by extensions ['ignore', 'ignore_ament_install']
[0.164s] Level 1:colcon.colcon_core.package_identification:_identify(ros-bridge/src/ROS-TCP-Connector/com.unity.robotics.ros-tcp-connector/Tests/Runtime) by extension 'ignore'
[0.164s] Level 1:colcon.colcon_core.package_identification:_identify(ros-bridge/src/ROS-TCP-Connector/com.unity.robotics.ros-tcp-connector/Tests/Runtime) by extension 'ignore_ament_install'
[0.164s] Level 1:colcon.colcon_core.package_identification:_identify(ros-bridge/src/ROS-TCP-Connector/com.unity.robotics.ros-tcp-connector/Tests/Runtime) by extensions ['colcon_pkg']
[0.164s] Level 1:colcon.colcon_core.package_identification:_identify(ros-bridge/src/ROS-TCP-Connector/com.unity.robotics.ros-tcp-connector/Tests/Runtime) by extension 'colcon_pkg'
[0.164s] Level 1:colcon.colcon_core.package_identification:_identify(ros-bridge/src/ROS-TCP-Connector/com.unity.robotics.ros-tcp-connector/Tests/Runtime) by extensions ['colcon_meta']
[0.164s] Level 1:colcon.colcon_core.package_identification:_identify(ros-bridge/src/ROS-TCP-Connector/com.unity.robotics.ros-tcp-connector/Tests/Runtime) by extension 'colcon_meta'
[0.164s] Level 1:colcon.colcon_core.package_identification:_identify(ros-bridge/src/ROS-TCP-Connector/com.unity.robotics.ros-tcp-connector/Tests/Runtime) by extensions ['ros']
[0.164s] Level 1:colcon.colcon_core.package_identification:_identify(ros-bridge/src/ROS-TCP-Connector/com.unity.robotics.ros-tcp-connector/Tests/Runtime) by extension 'ros'
[0.164s] Level 1:colcon.colcon_core.package_identification:_identify(ros-bridge/src/ROS-TCP-Connector/com.unity.robotics.ros-tcp-connector/Tests/Runtime) by extensions ['cmake', 'python']
[0.164s] Level 1:colcon.colcon_core.package_identification:_identify(ros-bridge/src/ROS-TCP-Connector/com.unity.robotics.ros-tcp-connector/Tests/Runtime) by extension 'cmake'
[0.164s] Level 1:colcon.colcon_core.package_identification:_identify(ros-bridge/src/ROS-TCP-Connector/com.unity.robotics.ros-tcp-connector/Tests/Runtime) by extension 'python'
[0.164s] Level 1:colcon.colcon_core.package_identification:_identify(ros-bridge/src/ROS-TCP-Connector/com.unity.robotics.ros-tcp-connector/Tests/Runtime) by extensions ['python_setup_py']
[0.164s] Level 1:colcon.colcon_core.package_identification:_identify(ros-bridge/src/ROS-TCP-Connector/com.unity.robotics.ros-tcp-connector/Tests/Runtime) by extension 'python_setup_py'
[0.164s] Level 1:colcon.colcon_core.package_identification:_identify(ros-bridge/src/ROS-TCP-Connector/com.unity.robotics.visualizations) by extensions ['ignore', 'ignore_ament_install']
[0.164s] Level 1:colcon.colcon_core.package_identification:_identify(ros-bridge/src/ROS-TCP-Connector/com.unity.robotics.visualizations) by extension 'ignore'
[0.164s] Level 1:colcon.colcon_core.package_identification:_identify(ros-bridge/src/ROS-TCP-Connector/com.unity.robotics.visualizations) by extension 'ignore_ament_install'
[0.165s] Level 1:colcon.colcon_core.package_identification:_identify(ros-bridge/src/ROS-TCP-Connector/com.unity.robotics.visualizations) by extensions ['colcon_pkg']
[0.165s] Level 1:colcon.colcon_core.package_identification:_identify(ros-bridge/src/ROS-TCP-Connector/com.unity.robotics.visualizations) by extension 'colcon_pkg'
[0.165s] Level 1:colcon.colcon_core.package_identification:_identify(ros-bridge/src/ROS-TCP-Connector/com.unity.robotics.visualizations) by extensions ['colcon_meta']
[0.165s] Level 1:colcon.colcon_core.package_identification:_identify(ros-bridge/src/ROS-TCP-Connector/com.unity.robotics.visualizations) by extension 'colcon_meta'
[0.165s] Level 1:colcon.colcon_core.package_identification:_identify(ros-bridge/src/ROS-TCP-Connector/com.unity.robotics.visualizations) by extensions ['ros']
[0.165s] Level 1:colcon.colcon_core.package_identification:_identify(ros-bridge/src/ROS-TCP-Connector/com.unity.robotics.visualizations) by extension 'ros'
[0.165s] Level 1:colcon.colcon_core.package_identification:_identify(ros-bridge/src/ROS-TCP-Connector/com.unity.robotics.visualizations) by extensions ['cmake', 'python']
[0.165s] Level 1:colcon.colcon_core.package_identification:_identify(ros-bridge/src/ROS-TCP-Connector/com.unity.robotics.visualizations) by extension 'cmake'
[0.165s] Level 1:colcon.colcon_core.package_identification:_identify(ros-bridge/src/ROS-TCP-Connector/com.unity.robotics.visualizations) by extension 'python'
[0.165s] Level 1:colcon.colcon_core.package_identification:_identify(ros-bridge/src/ROS-TCP-Connector/com.unity.robotics.visualizations) by extensions ['python_setup_py']
[0.165s] Level 1:colcon.colcon_core.package_identification:_identify(ros-bridge/src/ROS-TCP-Connector/com.unity.robotics.visualizations) by extension 'python_setup_py'
[0.165s] Level 1:colcon.colcon_core.package_identification:_identify(ros-bridge/src/ROS-TCP-Connector/com.unity.robotics.visualizations/Documentation~) by extensions ['ignore', 'ignore_ament_install']
[0.165s] Level 1:colcon.colcon_core.package_identification:_identify(ros-bridge/src/ROS-TCP-Connector/com.unity.robotics.visualizations/Documentation~) by extension 'ignore'
[0.165s] Level 1:colcon.colcon_core.package_identification:_identify(ros-bridge/src/ROS-TCP-Connector/com.unity.robotics.visualizations/Documentation~) by extension 'ignore_ament_install'
[0.165s] Level 1:colcon.colcon_core.package_identification:_identify(ros-bridge/src/ROS-TCP-Connector/com.unity.robotics.visualizations/Documentation~) by extensions ['colcon_pkg']
[0.165s] Level 1:colcon.colcon_core.package_identification:_identify(ros-bridge/src/ROS-TCP-Connector/com.unity.robotics.visualizations/Documentation~) by extension 'colcon_pkg'
[0.165s] Level 1:colcon.colcon_core.package_identification:_identify(ros-bridge/src/ROS-TCP-Connector/com.unity.robotics.visualizations/Documentation~) by extensions ['colcon_meta']
[0.165s] Level 1:colcon.colcon_core.package_identification:_identify(ros-bridge/src/ROS-TCP-Connector/com.unity.robotics.visualizations/Documentation~) by extension 'colcon_meta'
[0.165s] Level 1:colcon.colcon_core.package_identification:_identify(ros-bridge/src/ROS-TCP-Connector/com.unity.robotics.visualizations/Documentation~) by extensions ['ros']
[0.165s] Level 1:colcon.colcon_core.package_identification:_identify(ros-bridge/src/ROS-TCP-Connector/com.unity.robotics.visualizations/Documentation~) by extension 'ros'
[0.165s] Level 1:colcon.colcon_core.package_identification:_identify(ros-bridge/src/ROS-TCP-Connector/com.unity.robotics.visualizations/Documentation~) by extensions ['cmake', 'python']
[0.165s] Level 1:colcon.colcon_core.package_identification:_identify(ros-bridge/src/ROS-TCP-Connector/com.unity.robotics.visualizations/Documentation~) by extension 'cmake'
[0.165s] Level 1:colcon.colcon_core.package_identification:_identify(ros-bridge/src/ROS-TCP-Connector/com.unity.robotics.visualizations/Documentation~) by extension 'python'
[0.165s] Level 1:colcon.colcon_core.package_identification:_identify(ros-bridge/src/ROS-TCP-Connector/com.unity.robotics.visualizations/Documentation~) by extensions ['python_setup_py']
[0.165s] Level 1:colcon.colcon_core.package_identification:_identify(ros-bridge/src/ROS-TCP-Connector/com.unity.robotics.visualizations/Documentation~) by extension 'python_setup_py'
[0.165s] Level 1:colcon.colcon_core.package_identification:_identify(ros-bridge/src/ROS-TCP-Connector/com.unity.robotics.visualizations/Editor) by extensions ['ignore', 'ignore_ament_install']
[0.165s] Level 1:colcon.colcon_core.package_identification:_identify(ros-bridge/src/ROS-TCP-Connector/com.unity.robotics.visualizations/Editor) by extension 'ignore'
[0.165s] Level 1:colcon.colcon_core.package_identification:_identify(ros-bridge/src/ROS-TCP-Connector/com.unity.robotics.visualizations/Editor) by extension 'ignore_ament_install'
[0.165s] Level 1:colcon.colcon_core.package_identification:_identify(ros-bridge/src/ROS-TCP-Connector/com.unity.robotics.visualizations/Editor) by extensions ['colcon_pkg']
[0.165s] Level 1:colcon.colcon_core.package_identification:_identify(ros-bridge/src/ROS-TCP-Connector/com.unity.robotics.visualizations/Editor) by extension 'colcon_pkg'
[0.165s] Level 1:colcon.colcon_core.package_identification:_identify(ros-bridge/src/ROS-TCP-Connector/com.unity.robotics.visualizations/Editor) by extensions ['colcon_meta']
[0.165s] Level 1:colcon.colcon_core.package_identification:_identify(ros-bridge/src/ROS-TCP-Connector/com.unity.robotics.visualizations/Editor) by extension 'colcon_meta'
[0.165s] Level 1:colcon.colcon_core.package_identification:_identify(ros-bridge/src/ROS-TCP-Connector/com.unity.robotics.visualizations/Editor) by extensions ['ros']
[0.165s] Level 1:colcon.colcon_core.package_identification:_identify(ros-bridge/src/ROS-TCP-Connector/com.unity.robotics.visualizations/Editor) by extension 'ros'
[0.165s] Level 1:colcon.colcon_core.package_identification:_identify(ros-bridge/src/ROS-TCP-Connector/com.unity.robotics.visualizations/Editor) by extensions ['cmake', 'python']
[0.165s] Level 1:colcon.colcon_core.package_identification:_identify(ros-bridge/src/ROS-TCP-Connector/com.unity.robotics.visualizations/Editor) by extension 'cmake'
[0.165s] Level 1:colcon.colcon_core.package_identification:_identify(ros-bridge/src/ROS-TCP-Connector/com.unity.robotics.visualizations/Editor) by extension 'python'
[0.165s] Level 1:colcon.colcon_core.package_identification:_identify(ros-bridge/src/ROS-TCP-Connector/com.unity.robotics.visualizations/Editor) by extensions ['python_setup_py']
[0.165s] Level 1:colcon.colcon_core.package_identification:_identify(ros-bridge/src/ROS-TCP-Connector/com.unity.robotics.visualizations/Editor) by extension 'python_setup_py'
[0.165s] Level 1:colcon.colcon_core.package_identification:_identify(ros-bridge/src/ROS-TCP-Connector/com.unity.robotics.visualizations/Resources) by extensions ['ignore', 'ignore_ament_install']
[0.165s] Level 1:colcon.colcon_core.package_identification:_identify(ros-bridge/src/ROS-TCP-Connector/com.unity.robotics.visualizations/Resources) by extension 'ignore'
[0.165s] Level 1:colcon.colcon_core.package_identification:_identify(ros-bridge/src/ROS-TCP-Connector/com.unity.robotics.visualizations/Resources) by extension 'ignore_ament_install'
[0.165s] Level 1:colcon.colcon_core.package_identification:_identify(ros-bridge/src/ROS-TCP-Connector/com.unity.robotics.visualizations/Resources) by extensions ['colcon_pkg']
[0.165s] Level 1:colcon.colcon_core.package_identification:_identify(ros-bridge/src/ROS-TCP-Connector/com.unity.robotics.visualizations/Resources) by extension 'colcon_pkg'
[0.165s] Level 1:colcon.colcon_core.package_identification:_identify(ros-bridge/src/ROS-TCP-Connector/com.unity.robotics.visualizations/Resources) by extensions ['colcon_meta']
[0.165s] Level 1:colcon.colcon_core.package_identification:_identify(ros-bridge/src/ROS-TCP-Connector/com.unity.robotics.visualizations/Resources) by extension 'colcon_meta'
[0.165s] Level 1:colcon.colcon_core.package_identification:_identify(ros-bridge/src/ROS-TCP-Connector/com.unity.robotics.visualizations/Resources) by extensions ['ros']
[0.165s] Level 1:colcon.colcon_core.package_identification:_identify(ros-bridge/src/ROS-TCP-Connector/com.unity.robotics.visualizations/Resources) by extension 'ros'
[0.165s] Level 1:colcon.colcon_core.package_identification:_identify(ros-bridge/src/ROS-TCP-Connector/com.unity.robotics.visualizations/Resources) by extensions ['cmake', 'python']
[0.166s] Level 1:colcon.colcon_core.package_identification:_identify(ros-bridge/src/ROS-TCP-Connector/com.unity.robotics.visualizations/Resources) by extension 'cmake'
[0.166s] Level 1:colcon.colcon_core.package_identification:_identify(ros-bridge/src/ROS-TCP-Connector/com.unity.robotics.visualizations/Resources) by extension 'python'
[0.166s] Level 1:colcon.colcon_core.package_identification:_identify(ros-bridge/src/ROS-TCP-Connector/com.unity.robotics.visualizations/Resources) by extensions ['python_setup_py']
[0.166s] Level 1:colcon.colcon_core.package_identification:_identify(ros-bridge/src/ROS-TCP-Connector/com.unity.robotics.visualizations/Resources) by extension 'python_setup_py'
[0.166s] Level 1:colcon.colcon_core.package_identification:_identify(ros-bridge/src/ROS-TCP-Connector/com.unity.robotics.visualizations/Resources/VisualizerSettings) by extensions ['ignore', 'ignore_ament_install']
[0.166s] Level 1:colcon.colcon_core.package_identification:_identify(ros-bridge/src/ROS-TCP-Connector/com.unity.robotics.visualizations/Resources/VisualizerSettings) by extension 'ignore'
[0.166s] Level 1:colcon.colcon_core.package_identification:_identify(ros-bridge/src/ROS-TCP-Connector/com.unity.robotics.visualizations/Resources/VisualizerSettings) by extension 'ignore_ament_install'
[0.166s] Level 1:colcon.colcon_core.package_identification:_identify(ros-bridge/src/ROS-TCP-Connector/com.unity.robotics.visualizations/Resources/VisualizerSettings) by extensions ['colcon_pkg']
[0.166s] Level 1:colcon.colcon_core.package_identification:_identify(ros-bridge/src/ROS-TCP-Connector/com.unity.robotics.visualizations/Resources/VisualizerSettings) by extension 'colcon_pkg'
[0.166s] Level 1:colcon.colcon_core.package_identification:_identify(ros-bridge/src/ROS-TCP-Connector/com.unity.robotics.visualizations/Resources/VisualizerSettings) by extensions ['colcon_meta']
[0.166s] Level 1:colcon.colcon_core.package_identification:_identify(ros-bridge/src/ROS-TCP-Connector/com.unity.robotics.visualizations/Resources/VisualizerSettings) by extension 'colcon_meta'
[0.166s] Level 1:colcon.colcon_core.package_identification:_identify(ros-bridge/src/ROS-TCP-Connector/com.unity.robotics.visualizations/Resources/VisualizerSettings) by extensions ['ros']
[0.166s] Level 1:colcon.colcon_core.package_identification:_identify(ros-bridge/src/ROS-TCP-Connector/com.unity.robotics.visualizations/Resources/VisualizerSettings) by extension 'ros'
[0.166s] Level 1:colcon.colcon_core.package_identification:_identify(ros-bridge/src/ROS-TCP-Connector/com.unity.robotics.visualizations/Resources/VisualizerSettings) by extensions ['cmake', 'python']
[0.166s] Level 1:colcon.colcon_core.package_identification:_identify(ros-bridge/src/ROS-TCP-Connector/com.unity.robotics.visualizations/Resources/VisualizerSettings) by extension 'cmake'
[0.166s] Level 1:colcon.colcon_core.package_identification:_identify(ros-bridge/src/ROS-TCP-Connector/com.unity.robotics.visualizations/Resources/VisualizerSettings) by extension 'python'
[0.166s] Level 1:colcon.colcon_core.package_identification:_identify(ros-bridge/src/ROS-TCP-Connector/com.unity.robotics.visualizations/Resources/VisualizerSettings) by extensions ['python_setup_py']
[0.166s] Level 1:colcon.colcon_core.package_identification:_identify(ros-bridge/src/ROS-TCP-Connector/com.unity.robotics.visualizations/Resources/VisualizerSettings) by extension 'python_setup_py'
[0.166s] Level 1:colcon.colcon_core.package_identification:_identify(ros-bridge/src/ROS-TCP-Connector/com.unity.robotics.visualizations/Runtime) by extensions ['ignore', 'ignore_ament_install']
[0.166s] Level 1:colcon.colcon_core.package_identification:_identify(ros-bridge/src/ROS-TCP-Connector/com.unity.robotics.visualizations/Runtime) by extension 'ignore'
[0.166s] Level 1:colcon.colcon_core.package_identification:_identify(ros-bridge/src/ROS-TCP-Connector/com.unity.robotics.visualizations/Runtime) by extension 'ignore_ament_install'
[0.166s] Level 1:colcon.colcon_core.package_identification:_identify(ros-bridge/src/ROS-TCP-Connector/com.unity.robotics.visualizations/Runtime) by extensions ['colcon_pkg']
[0.166s] Level 1:colcon.colcon_core.package_identification:_identify(ros-bridge/src/ROS-TCP-Connector/com.unity.robotics.visualizations/Runtime) by extension 'colcon_pkg'
[0.166s] Level 1:colcon.colcon_core.package_identification:_identify(ros-bridge/src/ROS-TCP-Connector/com.unity.robotics.visualizations/Runtime) by extensions ['colcon_meta']
[0.166s] Level 1:colcon.colcon_core.package_identification:_identify(ros-bridge/src/ROS-TCP-Connector/com.unity.robotics.visualizations/Runtime) by extension 'colcon_meta'
[0.166s] Level 1:colcon.colcon_core.package_identification:_identify(ros-bridge/src/ROS-TCP-Connector/com.unity.robotics.visualizations/Runtime) by extensions ['ros']
[0.166s] Level 1:colcon.colcon_core.package_identification:_identify(ros-bridge/src/ROS-TCP-Connector/com.unity.robotics.visualizations/Runtime) by extension 'ros'
[0.166s] Level 1:colcon.colcon_core.package_identification:_identify(ros-bridge/src/ROS-TCP-Connector/com.unity.robotics.visualizations/Runtime) by extensions ['cmake', 'python']
[0.166s] Level 1:colcon.colcon_core.package_identification:_identify(ros-bridge/src/ROS-TCP-Connector/com.unity.robotics.visualizations/Runtime) by extension 'cmake'
[0.166s] Level 1:colcon.colcon_core.package_identification:_identify(ros-bridge/src/ROS-TCP-Connector/com.unity.robotics.visualizations/Runtime) by extension 'python'
[0.166s] Level 1:colcon.colcon_core.package_identification:_identify(ros-bridge/src/ROS-TCP-Connector/com.unity.robotics.visualizations/Runtime) by extensions ['python_setup_py']
[0.166s] Level 1:colcon.colcon_core.package_identification:_identify(ros-bridge/src/ROS-TCP-Connector/com.unity.robotics.visualizations/Runtime) by extension 'python_setup_py'
[0.166s] Level 1:colcon.colcon_core.package_identification:_identify(ros-bridge/src/ROS-TCP-Connector/com.unity.robotics.visualizations/Runtime/DefaultVisualizers) by extensions ['ignore', 'ignore_ament_install']
[0.166s] Level 1:colcon.colcon_core.package_identification:_identify(ros-bridge/src/ROS-TCP-Connector/com.unity.robotics.visualizations/Runtime/DefaultVisualizers) by extension 'ignore'
[0.166s] Level 1:colcon.colcon_core.package_identification:_identify(ros-bridge/src/ROS-TCP-Connector/com.unity.robotics.visualizations/Runtime/DefaultVisualizers) by extension 'ignore_ament_install'
[0.166s] Level 1:colcon.colcon_core.package_identification:_identify(ros-bridge/src/ROS-TCP-Connector/com.unity.robotics.visualizations/Runtime/DefaultVisualizers) by extensions ['colcon_pkg']
[0.166s] Level 1:colcon.colcon_core.package_identification:_identify(ros-bridge/src/ROS-TCP-Connector/com.unity.robotics.visualizations/Runtime/DefaultVisualizers) by extension 'colcon_pkg'
[0.166s] Level 1:colcon.colcon_core.package_identification:_identify(ros-bridge/src/ROS-TCP-Connector/com.unity.robotics.visualizations/Runtime/DefaultVisualizers) by extensions ['colcon_meta']
[0.166s] Level 1:colcon.colcon_core.package_identification:_identify(ros-bridge/src/ROS-TCP-Connector/com.unity.robotics.visualizations/Runtime/DefaultVisualizers) by extension 'colcon_meta'
[0.166s] Level 1:colcon.colcon_core.package_identification:_identify(ros-bridge/src/ROS-TCP-Connector/com.unity.robotics.visualizations/Runtime/DefaultVisualizers) by extensions ['ros']
[0.166s] Level 1:colcon.colcon_core.package_identification:_identify(ros-bridge/src/ROS-TCP-Connector/com.unity.robotics.visualizations/Runtime/DefaultVisualizers) by extension 'ros'
[0.166s] Level 1:colcon.colcon_core.package_identification:_identify(ros-bridge/src/ROS-TCP-Connector/com.unity.robotics.visualizations/Runtime/DefaultVisualizers) by extensions ['cmake', 'python']
[0.166s] Level 1:colcon.colcon_core.package_identification:_identify(ros-bridge/src/ROS-TCP-Connector/com.unity.robotics.visualizations/Runtime/DefaultVisualizers) by extension 'cmake'
[0.166s] Level 1:colcon.colcon_core.package_identification:_identify(ros-bridge/src/ROS-TCP-Connector/com.unity.robotics.visualizations/Runtime/DefaultVisualizers) by extension 'python'
[0.166s] Level 1:colcon.colcon_core.package_identification:_identify(ros-bridge/src/ROS-TCP-Connector/com.unity.robotics.visualizations/Runtime/DefaultVisualizers) by extensions ['python_setup_py']
[0.166s] Level 1:colcon.colcon_core.package_identification:_identify(ros-bridge/src/ROS-TCP-Connector/com.unity.robotics.visualizations/Runtime/DefaultVisualizers) by extension 'python_setup_py'
[0.166s] Level 1:colcon.colcon_core.package_identification:_identify(ros-bridge/src/ROS-TCP-Connector/com.unity.robotics.visualizations/Runtime/DefaultVisualizers/Actionlib) by extensions ['ignore', 'ignore_ament_install']
[0.166s] Level 1:colcon.colcon_core.package_identification:_identify(ros-bridge/src/ROS-TCP-Connector/com.unity.robotics.visualizations/Runtime/DefaultVisualizers/Actionlib) by extension 'ignore'
[0.166s] Level 1:colcon.colcon_core.package_identification:_identify(ros-bridge/src/ROS-TCP-Connector/com.unity.robotics.visualizations/Runtime/DefaultVisualizers/Actionlib) by extension 'ignore_ament_install'
[0.166s] Level 1:colcon.colcon_core.package_identification:_identify(ros-bridge/src/ROS-TCP-Connector/com.unity.robotics.visualizations/Runtime/DefaultVisualizers/Actionlib) by extensions ['colcon_pkg']
[0.167s] Level 1:colcon.colcon_core.package_identification:_identify(ros-bridge/src/ROS-TCP-Connector/com.unity.robotics.visualizations/Runtime/DefaultVisualizers/Actionlib) by extension 'colcon_pkg'
[0.167s] Level 1:colcon.colcon_core.package_identification:_identify(ros-bridge/src/ROS-TCP-Connector/com.unity.robotics.visualizations/Runtime/DefaultVisualizers/Actionlib) by extensions ['colcon_meta']
[0.167s] Level 1:colcon.colcon_core.package_identification:_identify(ros-bridge/src/ROS-TCP-Connector/com.unity.robotics.visualizations/Runtime/DefaultVisualizers/Actionlib) by extension 'colcon_meta'
[0.167s] Level 1:colcon.colcon_core.package_identification:_identify(ros-bridge/src/ROS-TCP-Connector/com.unity.robotics.visualizations/Runtime/DefaultVisualizers/Actionlib) by extensions ['ros']
[0.167s] Level 1:colcon.colcon_core.package_identification:_identify(ros-bridge/src/ROS-TCP-Connector/com.unity.robotics.visualizations/Runtime/DefaultVisualizers/Actionlib) by extension 'ros'
[0.167s] Level 1:colcon.colcon_core.package_identification:_identify(ros-bridge/src/ROS-TCP-Connector/com.unity.robotics.visualizations/Runtime/DefaultVisualizers/Actionlib) by extensions ['cmake', 'python']
[0.167s] Level 1:colcon.colcon_core.package_identification:_identify(ros-bridge/src/ROS-TCP-Connector/com.unity.robotics.visualizations/Runtime/DefaultVisualizers/Actionlib) by extension 'cmake'
[0.167s] Level 1:colcon.colcon_core.package_identification:_identify(ros-bridge/src/ROS-TCP-Connector/com.unity.robotics.visualizations/Runtime/DefaultVisualizers/Actionlib) by extension 'python'
[0.167s] Level 1:colcon.colcon_core.package_identification:_identify(ros-bridge/src/ROS-TCP-Connector/com.unity.robotics.visualizations/Runtime/DefaultVisualizers/Actionlib) by extensions ['python_setup_py']
[0.167s] Level 1:colcon.colcon_core.package_identification:_identify(ros-bridge/src/ROS-TCP-Connector/com.unity.robotics.visualizations/Runtime/DefaultVisualizers/Actionlib) by extension 'python_setup_py'
[0.167s] Level 1:colcon.colcon_core.package_identification:_identify(ros-bridge/src/ROS-TCP-Connector/com.unity.robotics.visualizations/Runtime/DefaultVisualizers/Diagnostic) by extensions ['ignore', 'ignore_ament_install']
[0.167s] Level 1:colcon.colcon_core.package_identification:_identify(ros-bridge/src/ROS-TCP-Connector/com.unity.robotics.visualizations/Runtime/DefaultVisualizers/Diagnostic) by extension 'ignore'
[0.167s] Level 1:colcon.colcon_core.package_identification:_identify(ros-bridge/src/ROS-TCP-Connector/com.unity.robotics.visualizations/Runtime/DefaultVisualizers/Diagnostic) by extension 'ignore_ament_install'
[0.167s] Level 1:colcon.colcon_core.package_identification:_identify(ros-bridge/src/ROS-TCP-Connector/com.unity.robotics.visualizations/Runtime/DefaultVisualizers/Diagnostic) by extensions ['colcon_pkg']
[0.167s] Level 1:colcon.colcon_core.package_identification:_identify(ros-bridge/src/ROS-TCP-Connector/com.unity.robotics.visualizations/Runtime/DefaultVisualizers/Diagnostic) by extension 'colcon_pkg'
[0.167s] Level 1:colcon.colcon_core.package_identification:_identify(ros-bridge/src/ROS-TCP-Connector/com.unity.robotics.visualizations/Runtime/DefaultVisualizers/Diagnostic) by extensions ['colcon_meta']
[0.167s] Level 1:colcon.colcon_core.package_identification:_identify(ros-bridge/src/ROS-TCP-Connector/com.unity.robotics.visualizations/Runtime/DefaultVisualizers/Diagnostic) by extension 'colcon_meta'
[0.167s] Level 1:colcon.colcon_core.package_identification:_identify(ros-bridge/src/ROS-TCP-Connector/com.unity.robotics.visualizations/Runtime/DefaultVisualizers/Diagnostic) by extensions ['ros']
[0.167s] Level 1:colcon.colcon_core.package_identification:_identify(ros-bridge/src/ROS-TCP-Connector/com.unity.robotics.visualizations/Runtime/DefaultVisualizers/Diagnostic) by extension 'ros'
[0.167s] Level 1:colcon.colcon_core.package_identification:_identify(ros-bridge/src/ROS-TCP-Connector/com.unity.robotics.visualizations/Runtime/DefaultVisualizers/Diagnostic) by extensions ['cmake', 'python']
[0.167s] Level 1:colcon.colcon_core.package_identification:_identify(ros-bridge/src/ROS-TCP-Connector/com.unity.robotics.visualizations/Runtime/DefaultVisualizers/Diagnostic) by extension 'cmake'
[0.167s] Level 1:colcon.colcon_core.package_identification:_identify(ros-bridge/src/ROS-TCP-Connector/com.unity.robotics.visualizations/Runtime/DefaultVisualizers/Diagnostic) by extension 'python'
[0.167s] Level 1:colcon.colcon_core.package_identification:_identify(ros-bridge/src/ROS-TCP-Connector/com.unity.robotics.visualizations/Runtime/DefaultVisualizers/Diagnostic) by extensions ['python_setup_py']
[0.167s] Level 1:colcon.colcon_core.package_identification:_identify(ros-bridge/src/ROS-TCP-Connector/com.unity.robotics.visualizations/Runtime/DefaultVisualizers/Diagnostic) by extension 'python_setup_py'
[0.167s] Level 1:colcon.colcon_core.package_identification:_identify(ros-bridge/src/ROS-TCP-Connector/com.unity.robotics.visualizations/Runtime/DefaultVisualizers/Geometry) by extensions ['ignore', 'ignore_ament_install']
[0.167s] Level 1:colcon.colcon_core.package_identification:_identify(ros-bridge/src/ROS-TCP-Connector/com.unity.robotics.visualizations/Runtime/DefaultVisualizers/Geometry) by extension 'ignore'
[0.167s] Level 1:colcon.colcon_core.package_identification:_identify(ros-bridge/src/ROS-TCP-Connector/com.unity.robotics.visualizations/Runtime/DefaultVisualizers/Geometry) by extension 'ignore_ament_install'
[0.167s] Level 1:colcon.colcon_core.package_identification:_identify(ros-bridge/src/ROS-TCP-Connector/com.unity.robotics.visualizations/Runtime/DefaultVisualizers/Geometry) by extensions ['colcon_pkg']
[0.167s] Level 1:colcon.colcon_core.package_identification:_identify(ros-bridge/src/ROS-TCP-Connector/com.unity.robotics.visualizations/Runtime/DefaultVisualizers/Geometry) by extension 'colcon_pkg'
[0.167s] Level 1:colcon.colcon_core.package_identification:_identify(ros-bridge/src/ROS-TCP-Connector/com.unity.robotics.visualizations/Runtime/DefaultVisualizers/Geometry) by extensions ['colcon_meta']
[0.167s] Level 1:colcon.colcon_core.package_identification:_identify(ros-bridge/src/ROS-TCP-Connector/com.unity.robotics.visualizations/Runtime/DefaultVisualizers/Geometry) by extension 'colcon_meta'
[0.167s] Level 1:colcon.colcon_core.package_identification:_identify(ros-bridge/src/ROS-TCP-Connector/com.unity.robotics.visualizations/Runtime/DefaultVisualizers/Geometry) by extensions ['ros']
[0.167s] Level 1:colcon.colcon_core.package_identification:_identify(ros-bridge/src/ROS-TCP-Connector/com.unity.robotics.visualizations/Runtime/DefaultVisualizers/Geometry) by extension 'ros'
[0.167s] Level 1:colcon.colcon_core.package_identification:_identify(ros-bridge/src/ROS-TCP-Connector/com.unity.robotics.visualizations/Runtime/DefaultVisualizers/Geometry) by extensions ['cmake', 'python']
[0.167s] Level 1:colcon.colcon_core.package_identification:_identify(ros-bridge/src/ROS-TCP-Connector/com.unity.robotics.visualizations/Runtime/DefaultVisualizers/Geometry) by extension 'cmake'
[0.167s] Level 1:colcon.colcon_core.package_identification:_identify(ros-bridge/src/ROS-TCP-Connector/com.unity.robotics.visualizations/Runtime/DefaultVisualizers/Geometry) by extension 'python'
[0.167s] Level 1:colcon.colcon_core.package_identification:_identify(ros-bridge/src/ROS-TCP-Connector/com.unity.robotics.visualizations/Runtime/DefaultVisualizers/Geometry) by extensions ['python_setup_py']
[0.167s] Level 1:colcon.colcon_core.package_identification:_identify(ros-bridge/src/ROS-TCP-Connector/com.unity.robotics.visualizations/Runtime/DefaultVisualizers/Geometry) by extension 'python_setup_py'
[0.167s] Level 1:colcon.colcon_core.package_identification:_identify(ros-bridge/src/ROS-TCP-Connector/com.unity.robotics.visualizations/Runtime/DefaultVisualizers/Nav) by extensions ['ignore', 'ignore_ament_install']
[0.167s] Level 1:colcon.colcon_core.package_identification:_identify(ros-bridge/src/ROS-TCP-Connector/com.unity.robotics.visualizations/Runtime/DefaultVisualizers/Nav) by extension 'ignore'
[0.167s] Level 1:colcon.colcon_core.package_identification:_identify(ros-bridge/src/ROS-TCP-Connector/com.unity.robotics.visualizations/Runtime/DefaultVisualizers/Nav) by extension 'ignore_ament_install'
[0.167s] Level 1:colcon.colcon_core.package_identification:_identify(ros-bridge/src/ROS-TCP-Connector/com.unity.robotics.visualizations/Runtime/DefaultVisualizers/Nav) by extensions ['colcon_pkg']
[0.167s] Level 1:colcon.colcon_core.package_identification:_identify(ros-bridge/src/ROS-TCP-Connector/com.unity.robotics.visualizations/Runtime/DefaultVisualizers/Nav) by extension 'colcon_pkg'
[0.167s] Level 1:colcon.colcon_core.package_identification:_identify(ros-bridge/src/ROS-TCP-Connector/com.unity.robotics.visualizations/Runtime/DefaultVisualizers/Nav) by extensions ['colcon_meta']
[0.167s] Level 1:colcon.colcon_core.package_identification:_identify(ros-bridge/src/ROS-TCP-Connector/com.unity.robotics.visualizations/Runtime/DefaultVisualizers/Nav) by extension 'colcon_meta'
[0.167s] Level 1:colcon.colcon_core.package_identification:_identify(ros-bridge/src/ROS-TCP-Connector/com.unity.robotics.visualizations/Runtime/DefaultVisualizers/Nav) by extensions ['ros']
[0.167s] Level 1:colcon.colcon_core.package_identification:_identify(ros-bridge/src/ROS-TCP-Connector/com.unity.robotics.visualizations/Runtime/DefaultVisualizers/Nav) by extension 'ros'
[0.167s] Level 1:colcon.colcon_core.package_identification:_identify(ros-bridge/src/ROS-TCP-Connector/com.unity.robotics.visualizations/Runtime/DefaultVisualizers/Nav) by extensions ['cmake', 'python']
[0.167s] Level 1:colcon.colcon_core.package_identification:_identify(ros-bridge/src/ROS-TCP-Connector/com.unity.robotics.visualizations/Runtime/DefaultVisualizers/Nav) by extension 'cmake'
[0.167s] Level 1:colcon.colcon_core.package_identification:_identify(ros-bridge/src/ROS-TCP-Connector/com.unity.robotics.visualizations/Runtime/DefaultVisualizers/Nav) by extension 'python'
[0.167s] Level 1:colcon.colcon_core.package_identification:_identify(ros-bridge/src/ROS-TCP-Connector/com.unity.robotics.visualizations/Runtime/DefaultVisualizers/Nav) by extensions ['python_setup_py']
[0.167s] Level 1:colcon.colcon_core.package_identification:_identify(ros-bridge/src/ROS-TCP-Connector/com.unity.robotics.visualizations/Runtime/DefaultVisualizers/Nav) by extension 'python_setup_py'
[0.168s] Level 1:colcon.colcon_core.package_identification:_identify(ros-bridge/src/ROS-TCP-Connector/com.unity.robotics.visualizations/Runtime/DefaultVisualizers/Sensor) by extensions ['ignore', 'ignore_ament_install']
[0.168s] Level 1:colcon.colcon_core.package_identification:_identify(ros-bridge/src/ROS-TCP-Connector/com.unity.robotics.visualizations/Runtime/DefaultVisualizers/Sensor) by extension 'ignore'
[0.168s] Level 1:colcon.colcon_core.package_identification:_identify(ros-bridge/src/ROS-TCP-Connector/com.unity.robotics.visualizations/Runtime/DefaultVisualizers/Sensor) by extension 'ignore_ament_install'
[0.168s] Level 1:colcon.colcon_core.package_identification:_identify(ros-bridge/src/ROS-TCP-Connector/com.unity.robotics.visualizations/Runtime/DefaultVisualizers/Sensor) by extensions ['colcon_pkg']
[0.168s] Level 1:colcon.colcon_core.package_identification:_identify(ros-bridge/src/ROS-TCP-Connector/com.unity.robotics.visualizations/Runtime/DefaultVisualizers/Sensor) by extension 'colcon_pkg'
[0.168s] Level 1:colcon.colcon_core.package_identification:_identify(ros-bridge/src/ROS-TCP-Connector/com.unity.robotics.visualizations/Runtime/DefaultVisualizers/Sensor) by extensions ['colcon_meta']
[0.168s] Level 1:colcon.colcon_core.package_identification:_identify(ros-bridge/src/ROS-TCP-Connector/com.unity.robotics.visualizations/Runtime/DefaultVisualizers/Sensor) by extension 'colcon_meta'
[0.168s] Level 1:colcon.colcon_core.package_identification:_identify(ros-bridge/src/ROS-TCP-Connector/com.unity.robotics.visualizations/Runtime/DefaultVisualizers/Sensor) by extensions ['ros']
[0.168s] Level 1:colcon.colcon_core.package_identification:_identify(ros-bridge/src/ROS-TCP-Connector/com.unity.robotics.visualizations/Runtime/DefaultVisualizers/Sensor) by extension 'ros'
[0.168s] Level 1:colcon.colcon_core.package_identification:_identify(ros-bridge/src/ROS-TCP-Connector/com.unity.robotics.visualizations/Runtime/DefaultVisualizers/Sensor) by extensions ['cmake', 'python']
[0.168s] Level 1:colcon.colcon_core.package_identification:_identify(ros-bridge/src/ROS-TCP-Connector/com.unity.robotics.visualizations/Runtime/DefaultVisualizers/Sensor) by extension 'cmake'
[0.168s] Level 1:colcon.colcon_core.package_identification:_identify(ros-bridge/src/ROS-TCP-Connector/com.unity.robotics.visualizations/Runtime/DefaultVisualizers/Sensor) by extension 'python'
[0.168s] Level 1:colcon.colcon_core.package_identification:_identify(ros-bridge/src/ROS-TCP-Connector/com.unity.robotics.visualizations/Runtime/DefaultVisualizers/Sensor) by extensions ['python_setup_py']
[0.168s] Level 1:colcon.colcon_core.package_identification:_identify(ros-bridge/src/ROS-TCP-Connector/com.unity.robotics.visualizations/Runtime/DefaultVisualizers/Sensor) by extension 'python_setup_py'
[0.168s] Level 1:colcon.colcon_core.package_identification:_identify(ros-bridge/src/ROS-TCP-Connector/com.unity.robotics.visualizations/Runtime/DefaultVisualizers/Sensor/ScriptableObjects) by extensions ['ignore', 'ignore_ament_install']
[0.168s] Level 1:colcon.colcon_core.package_identification:_identify(ros-bridge/src/ROS-TCP-Connector/com.unity.robotics.visualizations/Runtime/DefaultVisualizers/Sensor/ScriptableObjects) by extension 'ignore'
[0.168s] Level 1:colcon.colcon_core.package_identification:_identify(ros-bridge/src/ROS-TCP-Connector/com.unity.robotics.visualizations/Runtime/DefaultVisualizers/Sensor/ScriptableObjects) by extension 'ignore_ament_install'
[0.168s] Level 1:colcon.colcon_core.package_identification:_identify(ros-bridge/src/ROS-TCP-Connector/com.unity.robotics.visualizations/Runtime/DefaultVisualizers/Sensor/ScriptableObjects) by extensions ['colcon_pkg']
[0.168s] Level 1:colcon.colcon_core.package_identification:_identify(ros-bridge/src/ROS-TCP-Connector/com.unity.robotics.visualizations/Runtime/DefaultVisualizers/Sensor/ScriptableObjects) by extension 'colcon_pkg'
[0.168s] Level 1:colcon.colcon_core.package_identification:_identify(ros-bridge/src/ROS-TCP-Connector/com.unity.robotics.visualizations/Runtime/DefaultVisualizers/Sensor/ScriptableObjects) by extensions ['colcon_meta']
[0.168s] Level 1:colcon.colcon_core.package_identification:_identify(ros-bridge/src/ROS-TCP-Connector/com.unity.robotics.visualizations/Runtime/DefaultVisualizers/Sensor/ScriptableObjects) by extension 'colcon_meta'
[0.168s] Level 1:colcon.colcon_core.package_identification:_identify(ros-bridge/src/ROS-TCP-Connector/com.unity.robotics.visualizations/Runtime/DefaultVisualizers/Sensor/ScriptableObjects) by extensions ['ros']
[0.168s] Level 1:colcon.colcon_core.package_identification:_identify(ros-bridge/src/ROS-TCP-Connector/com.unity.robotics.visualizations/Runtime/DefaultVisualizers/Sensor/ScriptableObjects) by extension 'ros'
[0.168s] Level 1:colcon.colcon_core.package_identification:_identify(ros-bridge/src/ROS-TCP-Connector/com.unity.robotics.visualizations/Runtime/DefaultVisualizers/Sensor/ScriptableObjects) by extensions ['cmake', 'python']
[0.168s] Level 1:colcon.colcon_core.package_identification:_identify(ros-bridge/src/ROS-TCP-Connector/com.unity.robotics.visualizations/Runtime/DefaultVisualizers/Sensor/ScriptableObjects) by extension 'cmake'
[0.168s] Level 1:colcon.colcon_core.package_identification:_identify(ros-bridge/src/ROS-TCP-Connector/com.unity.robotics.visualizations/Runtime/DefaultVisualizers/Sensor/ScriptableObjects) by extension 'python'
[0.168s] Level 1:colcon.colcon_core.package_identification:_identify(ros-bridge/src/ROS-TCP-Connector/com.unity.robotics.visualizations/Runtime/DefaultVisualizers/Sensor/ScriptableObjects) by extensions ['python_setup_py']
[0.168s] Level 1:colcon.colcon_core.package_identification:_identify(ros-bridge/src/ROS-TCP-Connector/com.unity.robotics.visualizations/Runtime/DefaultVisualizers/Sensor/ScriptableObjects) by extension 'python_setup_py'
[0.168s] Level 1:colcon.colcon_core.package_identification:_identify(ros-bridge/src/ROS-TCP-Connector/com.unity.robotics.visualizations/Runtime/DefaultVisualizers/Shape) by extensions ['ignore', 'ignore_ament_install']
[0.168s] Level 1:colcon.colcon_core.package_identification:_identify(ros-bridge/src/ROS-TCP-Connector/com.unity.robotics.visualizations/Runtime/DefaultVisualizers/Shape) by extension 'ignore'
[0.168s] Level 1:colcon.colcon_core.package_identification:_identify(ros-bridge/src/ROS-TCP-Connector/com.unity.robotics.visualizations/Runtime/DefaultVisualizers/Shape) by extension 'ignore_ament_install'
[0.168s] Level 1:colcon.colcon_core.package_identification:_identify(ros-bridge/src/ROS-TCP-Connector/com.unity.robotics.visualizations/Runtime/DefaultVisualizers/Shape) by extensions ['colcon_pkg']
[0.168s] Level 1:colcon.colcon_core.package_identification:_identify(ros-bridge/src/ROS-TCP-Connector/com.unity.robotics.visualizations/Runtime/DefaultVisualizers/Shape) by extension 'colcon_pkg'
[0.168s] Level 1:colcon.colcon_core.package_identification:_identify(ros-bridge/src/ROS-TCP-Connector/com.unity.robotics.visualizations/Runtime/DefaultVisualizers/Shape) by extensions ['colcon_meta']
[0.168s] Level 1:colcon.colcon_core.package_identification:_identify(ros-bridge/src/ROS-TCP-Connector/com.unity.robotics.visualizations/Runtime/DefaultVisualizers/Shape) by extension 'colcon_meta'
[0.168s] Level 1:colcon.colcon_core.package_identification:_identify(ros-bridge/src/ROS-TCP-Connector/com.unity.robotics.visualizations/Runtime/DefaultVisualizers/Shape) by extensions ['ros']
[0.168s] Level 1:colcon.colcon_core.package_identification:_identify(ros-bridge/src/ROS-TCP-Connector/com.unity.robotics.visualizations/Runtime/DefaultVisualizers/Shape) by extension 'ros'
[0.168s] Level 1:colcon.colcon_core.package_identification:_identify(ros-bridge/src/ROS-TCP-Connector/com.unity.robotics.visualizations/Runtime/DefaultVisualizers/Shape) by extensions ['cmake', 'python']
[0.168s] Level 1:colcon.colcon_core.package_identification:_identify(ros-bridge/src/ROS-TCP-Connector/com.unity.robotics.visualizations/Runtime/DefaultVisualizers/Shape) by extension 'cmake'
[0.168s] Level 1:colcon.colcon_core.package_identification:_identify(ros-bridge/src/ROS-TCP-Connector/com.unity.robotics.visualizations/Runtime/DefaultVisualizers/Shape) by extension 'python'
[0.168s] Level 1:colcon.colcon_core.package_identification:_identify(ros-bridge/src/ROS-TCP-Connector/com.unity.robotics.visualizations/Runtime/DefaultVisualizers/Shape) by extensions ['python_setup_py']
[0.168s] Level 1:colcon.colcon_core.package_identification:_identify(ros-bridge/src/ROS-TCP-Connector/com.unity.robotics.visualizations/Runtime/DefaultVisualizers/Shape) by extension 'python_setup_py'
[0.168s] Level 1:colcon.colcon_core.package_identification:_identify(ros-bridge/src/ROS-TCP-Connector/com.unity.robotics.visualizations/Runtime/DefaultVisualizers/Std) by extensions ['ignore', 'ignore_ament_install']
[0.168s] Level 1:colcon.colcon_core.package_identification:_identify(ros-bridge/src/ROS-TCP-Connector/com.unity.robotics.visualizations/Runtime/DefaultVisualizers/Std) by extension 'ignore'
[0.168s] Level 1:colcon.colcon_core.package_identification:_identify(ros-bridge/src/ROS-TCP-Connector/com.unity.robotics.visualizations/Runtime/DefaultVisualizers/Std) by extension 'ignore_ament_install'
[0.168s] Level 1:colcon.colcon_core.package_identification:_identify(ros-bridge/src/ROS-TCP-Connector/com.unity.robotics.visualizations/Runtime/DefaultVisualizers/Std) by extensions ['colcon_pkg']
[0.169s] Level 1:colcon.colcon_core.package_identification:_identify(ros-bridge/src/ROS-TCP-Connector/com.unity.robotics.visualizations/Runtime/DefaultVisualizers/Std) by extension 'colcon_pkg'
[0.169s] Level 1:colcon.colcon_core.package_identification:_identify(ros-bridge/src/ROS-TCP-Connector/com.unity.robotics.visualizations/Runtime/DefaultVisualizers/Std) by extensions ['colcon_meta']
[0.169s] Level 1:colcon.colcon_core.package_identification:_identify(ros-bridge/src/ROS-TCP-Connector/com.unity.robotics.visualizations/Runtime/DefaultVisualizers/Std) by extension 'colcon_meta'
[0.169s] Level 1:colcon.colcon_core.package_identification:_identify(ros-bridge/src/ROS-TCP-Connector/com.unity.robotics.visualizations/Runtime/DefaultVisualizers/Std) by extensions ['ros']
[0.169s] Level 1:colcon.colcon_core.package_identification:_identify(ros-bridge/src/ROS-TCP-Connector/com.unity.robotics.visualizations/Runtime/DefaultVisualizers/Std) by extension 'ros'
[0.169s] Level 1:colcon.colcon_core.package_identification:_identify(ros-bridge/src/ROS-TCP-Connector/com.unity.robotics.visualizations/Runtime/DefaultVisualizers/Std) by extensions ['cmake', 'python']
[0.169s] Level 1:colcon.colcon_core.package_identification:_identify(ros-bridge/src/ROS-TCP-Connector/com.unity.robotics.visualizations/Runtime/DefaultVisualizers/Std) by extension 'cmake'
[0.169s] Level 1:colcon.colcon_core.package_identification:_identify(ros-bridge/src/ROS-TCP-Connector/com.unity.robotics.visualizations/Runtime/DefaultVisualizers/Std) by extension 'python'
[0.169s] Level 1:colcon.colcon_core.package_identification:_identify(ros-bridge/src/ROS-TCP-Connector/com.unity.robotics.visualizations/Runtime/DefaultVisualizers/Std) by extensions ['python_setup_py']
[0.169s] Level 1:colcon.colcon_core.package_identification:_identify(ros-bridge/src/ROS-TCP-Connector/com.unity.robotics.visualizations/Runtime/DefaultVisualizers/Std) by extension 'python_setup_py'
[0.169s] Level 1:colcon.colcon_core.package_identification:_identify(ros-bridge/src/ROS-TCP-Connector/com.unity.robotics.visualizations/Runtime/DefaultVisualizers/Stereo) by extensions ['ignore', 'ignore_ament_install']
[0.169s] Level 1:colcon.colcon_core.package_identification:_identify(ros-bridge/src/ROS-TCP-Connector/com.unity.robotics.visualizations/Runtime/DefaultVisualizers/Stereo) by extension 'ignore'
[0.169s] Level 1:colcon.colcon_core.package_identification:_identify(ros-bridge/src/ROS-TCP-Connector/com.unity.robotics.visualizations/Runtime/DefaultVisualizers/Stereo) by extension 'ignore_ament_install'
[0.169s] Level 1:colcon.colcon_core.package_identification:_identify(ros-bridge/src/ROS-TCP-Connector/com.unity.robotics.visualizations/Runtime/DefaultVisualizers/Stereo) by extensions ['colcon_pkg']
[0.169s] Level 1:colcon.colcon_core.package_identification:_identify(ros-bridge/src/ROS-TCP-Connector/com.unity.robotics.visualizations/Runtime/DefaultVisualizers/Stereo) by extension 'colcon_pkg'
[0.169s] Level 1:colcon.colcon_core.package_identification:_identify(ros-bridge/src/ROS-TCP-Connector/com.unity.robotics.visualizations/Runtime/DefaultVisualizers/Stereo) by extensions ['colcon_meta']
[0.169s] Level 1:colcon.colcon_core.package_identification:_identify(ros-bridge/src/ROS-TCP-Connector/com.unity.robotics.visualizations/Runtime/DefaultVisualizers/Stereo) by extension 'colcon_meta'
[0.169s] Level 1:colcon.colcon_core.package_identification:_identify(ros-bridge/src/ROS-TCP-Connector/com.unity.robotics.visualizations/Runtime/DefaultVisualizers/Stereo) by extensions ['ros']
[0.169s] Level 1:colcon.colcon_core.package_identification:_identify(ros-bridge/src/ROS-TCP-Connector/com.unity.robotics.visualizations/Runtime/DefaultVisualizers/Stereo) by extension 'ros'
[0.169s] Level 1:colcon.colcon_core.package_identification:_identify(ros-bridge/src/ROS-TCP-Connector/com.unity.robotics.visualizations/Runtime/DefaultVisualizers/Stereo) by extensions ['cmake', 'python']
[0.169s] Level 1:colcon.colcon_core.package_identification:_identify(ros-bridge/src/ROS-TCP-Connector/com.unity.robotics.visualizations/Runtime/DefaultVisualizers/Stereo) by extension 'cmake'
[0.169s] Level 1:colcon.colcon_core.package_identification:_identify(ros-bridge/src/ROS-TCP-Connector/com.unity.robotics.visualizations/Runtime/DefaultVisualizers/Stereo) by extension 'python'
[0.169s] Level 1:colcon.colcon_core.package_identification:_identify(ros-bridge/src/ROS-TCP-Connector/com.unity.robotics.visualizations/Runtime/DefaultVisualizers/Stereo) by extensions ['python_setup_py']
[0.169s] Level 1:colcon.colcon_core.package_identification:_identify(ros-bridge/src/ROS-TCP-Connector/com.unity.robotics.visualizations/Runtime/DefaultVisualizers/Stereo) by extension 'python_setup_py'
[0.169s] Level 1:colcon.colcon_core.package_identification:_identify(ros-bridge/src/ROS-TCP-Connector/com.unity.robotics.visualizations/Runtime/DefaultVisualizers/Trajectory) by extensions ['ignore', 'ignore_ament_install']
[0.169s] Level 1:colcon.colcon_core.package_identification:_identify(ros-bridge/src/ROS-TCP-Connector/com.unity.robotics.visualizations/Runtime/DefaultVisualizers/Trajectory) by extension 'ignore'
[0.169s] Level 1:colcon.colcon_core.package_identification:_identify(ros-bridge/src/ROS-TCP-Connector/com.unity.robotics.visualizations/Runtime/DefaultVisualizers/Trajectory) by extension 'ignore_ament_install'
[0.169s] Level 1:colcon.colcon_core.package_identification:_identify(ros-bridge/src/ROS-TCP-Connector/com.unity.robotics.visualizations/Runtime/DefaultVisualizers/Trajectory) by extensions ['colcon_pkg']
[0.169s] Level 1:colcon.colcon_core.package_identification:_identify(ros-bridge/src/ROS-TCP-Connector/com.unity.robotics.visualizations/Runtime/DefaultVisualizers/Trajectory) by extension 'colcon_pkg'
[0.169s] Level 1:colcon.colcon_core.package_identification:_identify(ros-bridge/src/ROS-TCP-Connector/com.unity.robotics.visualizations/Runtime/DefaultVisualizers/Trajectory) by extensions ['colcon_meta']
[0.169s] Level 1:colcon.colcon_core.package_identification:_identify(ros-bridge/src/ROS-TCP-Connector/com.unity.robotics.visualizations/Runtime/DefaultVisualizers/Trajectory) by extension 'colcon_meta'
[0.169s] Level 1:colcon.colcon_core.package_identification:_identify(ros-bridge/src/ROS-TCP-Connector/com.unity.robotics.visualizations/Runtime/DefaultVisualizers/Trajectory) by extensions ['ros']
[0.169s] Level 1:colcon.colcon_core.package_identification:_identify(ros-bridge/src/ROS-TCP-Connector/com.unity.robotics.visualizations/Runtime/DefaultVisualizers/Trajectory) by extension 'ros'
[0.169s] Level 1:colcon.colcon_core.package_identification:_identify(ros-bridge/src/ROS-TCP-Connector/com.unity.robotics.visualizations/Runtime/DefaultVisualizers/Trajectory) by extensions ['cmake', 'python']
[0.169s] Level 1:colcon.colcon_core.package_identification:_identify(ros-bridge/src/ROS-TCP-Connector/com.unity.robotics.visualizations/Runtime/DefaultVisualizers/Trajectory) by extension 'cmake'
[0.169s] Level 1:colcon.colcon_core.package_identification:_identify(ros-bridge/src/ROS-TCP-Connector/com.unity.robotics.visualizations/Runtime/DefaultVisualizers/Trajectory) by extension 'python'
[0.169s] Level 1:colcon.colcon_core.package_identification:_identify(ros-bridge/src/ROS-TCP-Connector/com.unity.robotics.visualizations/Runtime/DefaultVisualizers/Trajectory) by extensions ['python_setup_py']
[0.169s] Level 1:colcon.colcon_core.package_identification:_identify(ros-bridge/src/ROS-TCP-Connector/com.unity.robotics.visualizations/Runtime/DefaultVisualizers/Trajectory) by extension 'python_setup_py'
[0.169s] Level 1:colcon.colcon_core.package_identification:_identify(ros-bridge/src/ROS-TCP-Connector/com.unity.robotics.visualizations/Runtime/DefaultVisualizers/Visualization) by extensions ['ignore', 'ignore_ament_install']
[0.169s] Level 1:colcon.colcon_core.package_identification:_identify(ros-bridge/src/ROS-TCP-Connector/com.unity.robotics.visualizations/Runtime/DefaultVisualizers/Visualization) by extension 'ignore'
[0.169s] Level 1:colcon.colcon_core.package_identification:_identify(ros-bridge/src/ROS-TCP-Connector/com.unity.robotics.visualizations/Runtime/DefaultVisualizers/Visualization) by extension 'ignore_ament_install'
[0.169s] Level 1:colcon.colcon_core.package_identification:_identify(ros-bridge/src/ROS-TCP-Connector/com.unity.robotics.visualizations/Runtime/DefaultVisualizers/Visualization) by extensions ['colcon_pkg']
[0.169s] Level 1:colcon.colcon_core.package_identification:_identify(ros-bridge/src/ROS-TCP-Connector/com.unity.robotics.visualizations/Runtime/DefaultVisualizers/Visualization) by extension 'colcon_pkg'
[0.169s] Level 1:colcon.colcon_core.package_identification:_identify(ros-bridge/src/ROS-TCP-Connector/com.unity.robotics.visualizations/Runtime/DefaultVisualizers/Visualization) by extensions ['colcon_meta']
[0.169s] Level 1:colcon.colcon_core.package_identification:_identify(ros-bridge/src/ROS-TCP-Connector/com.unity.robotics.visualizations/Runtime/DefaultVisualizers/Visualization) by extension 'colcon_meta'
[0.169s] Level 1:colcon.colcon_core.package_identification:_identify(ros-bridge/src/ROS-TCP-Connector/com.unity.robotics.visualizations/Runtime/DefaultVisualizers/Visualization) by extensions ['ros']
[0.169s] Level 1:colcon.colcon_core.package_identification:_identify(ros-bridge/src/ROS-TCP-Connector/com.unity.robotics.visualizations/Runtime/DefaultVisualizers/Visualization) by extension 'ros'
[0.169s] Level 1:colcon.colcon_core.package_identification:_identify(ros-bridge/src/ROS-TCP-Connector/com.unity.robotics.visualizations/Runtime/DefaultVisualizers/Visualization) by extensions ['cmake', 'python']
[0.169s] Level 1:colcon.colcon_core.package_identification:_identify(ros-bridge/src/ROS-TCP-Connector/com.unity.robotics.visualizations/Runtime/DefaultVisualizers/Visualization) by extension 'cmake'
[0.169s] Level 1:colcon.colcon_core.package_identification:_identify(ros-bridge/src/ROS-TCP-Connector/com.unity.robotics.visualizations/Runtime/DefaultVisualizers/Visualization) by extension 'python'
[0.169s] Level 1:colcon.colcon_core.package_identification:_identify(ros-bridge/src/ROS-TCP-Connector/com.unity.robotics.visualizations/Runtime/DefaultVisualizers/Visualization) by extensions ['python_setup_py']
[0.169s] Level 1:colcon.colcon_core.package_identification:_identify(ros-bridge/src/ROS-TCP-Connector/com.unity.robotics.visualizations/Runtime/DefaultVisualizers/Visualization) by extension 'python_setup_py'
[0.170s] Level 1:colcon.colcon_core.package_identification:_identify(ros-bridge/src/ROS-TCP-Connector/com.unity.robotics.visualizations/Runtime/Drawing3d) by extensions ['ignore', 'ignore_ament_install']
[0.170s] Level 1:colcon.colcon_core.package_identification:_identify(ros-bridge/src/ROS-TCP-Connector/com.unity.robotics.visualizations/Runtime/Drawing3d) by extension 'ignore'
[0.170s] Level 1:colcon.colcon_core.package_identification:_identify(ros-bridge/src/ROS-TCP-Connector/com.unity.robotics.visualizations/Runtime/Drawing3d) by extension 'ignore_ament_install'
[0.170s] Level 1:colcon.colcon_core.package_identification:_identify(ros-bridge/src/ROS-TCP-Connector/com.unity.robotics.visualizations/Runtime/Drawing3d) by extensions ['colcon_pkg']
[0.170s] Level 1:colcon.colcon_core.package_identification:_identify(ros-bridge/src/ROS-TCP-Connector/com.unity.robotics.visualizations/Runtime/Drawing3d) by extension 'colcon_pkg'
[0.170s] Level 1:colcon.colcon_core.package_identification:_identify(ros-bridge/src/ROS-TCP-Connector/com.unity.robotics.visualizations/Runtime/Drawing3d) by extensions ['colcon_meta']
[0.170s] Level 1:colcon.colcon_core.package_identification:_identify(ros-bridge/src/ROS-TCP-Connector/com.unity.robotics.visualizations/Runtime/Drawing3d) by extension 'colcon_meta'
[0.170s] Level 1:colcon.colcon_core.package_identification:_identify(ros-bridge/src/ROS-TCP-Connector/com.unity.robotics.visualizations/Runtime/Drawing3d) by extensions ['ros']
[0.170s] Level 1:colcon.colcon_core.package_identification:_identify(ros-bridge/src/ROS-TCP-Connector/com.unity.robotics.visualizations/Runtime/Drawing3d) by extension 'ros'
[0.170s] Level 1:colcon.colcon_core.package_identification:_identify(ros-bridge/src/ROS-TCP-Connector/com.unity.robotics.visualizations/Runtime/Drawing3d) by extensions ['cmake', 'python']
[0.170s] Level 1:colcon.colcon_core.package_identification:_identify(ros-bridge/src/ROS-TCP-Connector/com.unity.robotics.visualizations/Runtime/Drawing3d) by extension 'cmake'
[0.170s] Level 1:colcon.colcon_core.package_identification:_identify(ros-bridge/src/ROS-TCP-Connector/com.unity.robotics.visualizations/Runtime/Drawing3d) by extension 'python'
[0.170s] Level 1:colcon.colcon_core.package_identification:_identify(ros-bridge/src/ROS-TCP-Connector/com.unity.robotics.visualizations/Runtime/Drawing3d) by extensions ['python_setup_py']
[0.170s] Level 1:colcon.colcon_core.package_identification:_identify(ros-bridge/src/ROS-TCP-Connector/com.unity.robotics.visualizations/Runtime/Drawing3d) by extension 'python_setup_py'
[0.170s] Level 1:colcon.colcon_core.package_identification:_identify(ros-bridge/src/ROS-TCP-Connector/com.unity.robotics.visualizations/Runtime/Drawing3d/Materials) by extensions ['ignore', 'ignore_ament_install']
[0.170s] Level 1:colcon.colcon_core.package_identification:_identify(ros-bridge/src/ROS-TCP-Connector/com.unity.robotics.visualizations/Runtime/Drawing3d/Materials) by extension 'ignore'
[0.170s] Level 1:colcon.colcon_core.package_identification:_identify(ros-bridge/src/ROS-TCP-Connector/com.unity.robotics.visualizations/Runtime/Drawing3d/Materials) by extension 'ignore_ament_install'
[0.170s] Level 1:colcon.colcon_core.package_identification:_identify(ros-bridge/src/ROS-TCP-Connector/com.unity.robotics.visualizations/Runtime/Drawing3d/Materials) by extensions ['colcon_pkg']
[0.170s] Level 1:colcon.colcon_core.package_identification:_identify(ros-bridge/src/ROS-TCP-Connector/com.unity.robotics.visualizations/Runtime/Drawing3d/Materials) by extension 'colcon_pkg'
[0.170s] Level 1:colcon.colcon_core.package_identification:_identify(ros-bridge/src/ROS-TCP-Connector/com.unity.robotics.visualizations/Runtime/Drawing3d/Materials) by extensions ['colcon_meta']
[0.170s] Level 1:colcon.colcon_core.package_identification:_identify(ros-bridge/src/ROS-TCP-Connector/com.unity.robotics.visualizations/Runtime/Drawing3d/Materials) by extension 'colcon_meta'
[0.170s] Level 1:colcon.colcon_core.package_identification:_identify(ros-bridge/src/ROS-TCP-Connector/com.unity.robotics.visualizations/Runtime/Drawing3d/Materials) by extensions ['ros']
[0.170s] Level 1:colcon.colcon_core.package_identification:_identify(ros-bridge/src/ROS-TCP-Connector/com.unity.robotics.visualizations/Runtime/Drawing3d/Materials) by extension 'ros'
[0.170s] Level 1:colcon.colcon_core.package_identification:_identify(ros-bridge/src/ROS-TCP-Connector/com.unity.robotics.visualizations/Runtime/Drawing3d/Materials) by extensions ['cmake', 'python']
[0.170s] Level 1:colcon.colcon_core.package_identification:_identify(ros-bridge/src/ROS-TCP-Connector/com.unity.robotics.visualizations/Runtime/Drawing3d/Materials) by extension 'cmake'
[0.170s] Level 1:colcon.colcon_core.package_identification:_identify(ros-bridge/src/ROS-TCP-Connector/com.unity.robotics.visualizations/Runtime/Drawing3d/Materials) by extension 'python'
[0.170s] Level 1:colcon.colcon_core.package_identification:_identify(ros-bridge/src/ROS-TCP-Connector/com.unity.robotics.visualizations/Runtime/Drawing3d/Materials) by extensions ['python_setup_py']
[0.170s] Level 1:colcon.colcon_core.package_identification:_identify(ros-bridge/src/ROS-TCP-Connector/com.unity.robotics.visualizations/Runtime/Drawing3d/Materials) by extension 'python_setup_py'
[0.170s] Level 1:colcon.colcon_core.package_identification:_identify(ros-bridge/src/ROS-TCP-Connector/com.unity.robotics.visualizations/Runtime/Drawing3d/Scripts) by extensions ['ignore', 'ignore_ament_install']
[0.170s] Level 1:colcon.colcon_core.package_identification:_identify(ros-bridge/src/ROS-TCP-Connector/com.unity.robotics.visualizations/Runtime/Drawing3d/Scripts) by extension 'ignore'
[0.170s] Level 1:colcon.colcon_core.package_identification:_identify(ros-bridge/src/ROS-TCP-Connector/com.unity.robotics.visualizations/Runtime/Drawing3d/Scripts) by extension 'ignore_ament_install'
[0.170s] Level 1:colcon.colcon_core.package_identification:_identify(ros-bridge/src/ROS-TCP-Connector/com.unity.robotics.visualizations/Runtime/Drawing3d/Scripts) by extensions ['colcon_pkg']
[0.170s] Level 1:colcon.colcon_core.package_identification:_identify(ros-bridge/src/ROS-TCP-Connector/com.unity.robotics.visualizations/Runtime/Drawing3d/Scripts) by extension 'colcon_pkg'
[0.170s] Level 1:colcon.colcon_core.package_identification:_identify(ros-bridge/src/ROS-TCP-Connector/com.unity.robotics.visualizations/Runtime/Drawing3d/Scripts) by extensions ['colcon_meta']
[0.170s] Level 1:colcon.colcon_core.package_identification:_identify(ros-bridge/src/ROS-TCP-Connector/com.unity.robotics.visualizations/Runtime/Drawing3d/Scripts) by extension 'colcon_meta'
[0.170s] Level 1:colcon.colcon_core.package_identification:_identify(ros-bridge/src/ROS-TCP-Connector/com.unity.robotics.visualizations/Runtime/Drawing3d/Scripts) by extensions ['ros']
[0.170s] Level 1:colcon.colcon_core.package_identification:_identify(ros-bridge/src/ROS-TCP-Connector/com.unity.robotics.visualizations/Runtime/Drawing3d/Scripts) by extension 'ros'
[0.170s] Level 1:colcon.colcon_core.package_identification:_identify(ros-bridge/src/ROS-TCP-Connector/com.unity.robotics.visualizations/Runtime/Drawing3d/Scripts) by extensions ['cmake', 'python']
[0.170s] Level 1:colcon.colcon_core.package_identification:_identify(ros-bridge/src/ROS-TCP-Connector/com.unity.robotics.visualizations/Runtime/Drawing3d/Scripts) by extension 'cmake'
[0.170s] Level 1:colcon.colcon_core.package_identification:_identify(ros-bridge/src/ROS-TCP-Connector/com.unity.robotics.visualizations/Runtime/Drawing3d/Scripts) by extension 'python'
[0.170s] Level 1:colcon.colcon_core.package_identification:_identify(ros-bridge/src/ROS-TCP-Connector/com.unity.robotics.visualizations/Runtime/Drawing3d/Scripts) by extensions ['python_setup_py']
[0.170s] Level 1:colcon.colcon_core.package_identification:_identify(ros-bridge/src/ROS-TCP-Connector/com.unity.robotics.visualizations/Runtime/Drawing3d/Scripts) by extension 'python_setup_py'
[0.170s] Level 1:colcon.colcon_core.package_identification:_identify(ros-bridge/src/ROS-TCP-Connector/com.unity.robotics.visualizations/Runtime/Drawing3d/Shaders) by extensions ['ignore', 'ignore_ament_install']
[0.170s] Level 1:colcon.colcon_core.package_identification:_identify(ros-bridge/src/ROS-TCP-Connector/com.unity.robotics.visualizations/Runtime/Drawing3d/Shaders) by extension 'ignore'
[0.170s] Level 1:colcon.colcon_core.package_identification:_identify(ros-bridge/src/ROS-TCP-Connector/com.unity.robotics.visualizations/Runtime/Drawing3d/Shaders) by extension 'ignore_ament_install'
[0.170s] Level 1:colcon.colcon_core.package_identification:_identify(ros-bridge/src/ROS-TCP-Connector/com.unity.robotics.visualizations/Runtime/Drawing3d/Shaders) by extensions ['colcon_pkg']
[0.170s] Level 1:colcon.colcon_core.package_identification:_identify(ros-bridge/src/ROS-TCP-Connector/com.unity.robotics.visualizations/Runtime/Drawing3d/Shaders) by extension 'colcon_pkg'
[0.170s] Level 1:colcon.colcon_core.package_identification:_identify(ros-bridge/src/ROS-TCP-Connector/com.unity.robotics.visualizations/Runtime/Drawing3d/Shaders) by extensions ['colcon_meta']
[0.170s] Level 1:colcon.colcon_core.package_identification:_identify(ros-bridge/src/ROS-TCP-Connector/com.unity.robotics.visualizations/Runtime/Drawing3d/Shaders) by extension 'colcon_meta'
[0.170s] Level 1:colcon.colcon_core.package_identification:_identify(ros-bridge/src/ROS-TCP-Connector/com.unity.robotics.visualizations/Runtime/Drawing3d/Shaders) by extensions ['ros']
[0.170s] Level 1:colcon.colcon_core.package_identification:_identify(ros-bridge/src/ROS-TCP-Connector/com.unity.robotics.visualizations/Runtime/Drawing3d/Shaders) by extension 'ros'
[0.171s] Level 1:colcon.colcon_core.package_identification:_identify(ros-bridge/src/ROS-TCP-Connector/com.unity.robotics.visualizations/Runtime/Drawing3d/Shaders) by extensions ['cmake', 'python']
[0.171s] Level 1:colcon.colcon_core.package_identification:_identify(ros-bridge/src/ROS-TCP-Connector/com.unity.robotics.visualizations/Runtime/Drawing3d/Shaders) by extension 'cmake'
[0.171s] Level 1:colcon.colcon_core.package_identification:_identify(ros-bridge/src/ROS-TCP-Connector/com.unity.robotics.visualizations/Runtime/Drawing3d/Shaders) by extension 'python'
[0.171s] Level 1:colcon.colcon_core.package_identification:_identify(ros-bridge/src/ROS-TCP-Connector/com.unity.robotics.visualizations/Runtime/Drawing3d/Shaders) by extensions ['python_setup_py']
[0.171s] Level 1:colcon.colcon_core.package_identification:_identify(ros-bridge/src/ROS-TCP-Connector/com.unity.robotics.visualizations/Runtime/Drawing3d/Shaders) by extension 'python_setup_py'
[0.171s] Level 1:colcon.colcon_core.package_identification:_identify(ros-bridge/src/ROS-TCP-Connector/com.unity.robotics.visualizations/Runtime/Drawing3d/Textures) by extensions ['ignore', 'ignore_ament_install']
[0.171s] Level 1:colcon.colcon_core.package_identification:_identify(ros-bridge/src/ROS-TCP-Connector/com.unity.robotics.visualizations/Runtime/Drawing3d/Textures) by extension 'ignore'
[0.171s] Level 1:colcon.colcon_core.package_identification:_identify(ros-bridge/src/ROS-TCP-Connector/com.unity.robotics.visualizations/Runtime/Drawing3d/Textures) by extension 'ignore_ament_install'
[0.171s] Level 1:colcon.colcon_core.package_identification:_identify(ros-bridge/src/ROS-TCP-Connector/com.unity.robotics.visualizations/Runtime/Drawing3d/Textures) by extensions ['colcon_pkg']
[0.171s] Level 1:colcon.colcon_core.package_identification:_identify(ros-bridge/src/ROS-TCP-Connector/com.unity.robotics.visualizations/Runtime/Drawing3d/Textures) by extension 'colcon_pkg'
[0.171s] Level 1:colcon.colcon_core.package_identification:_identify(ros-bridge/src/ROS-TCP-Connector/com.unity.robotics.visualizations/Runtime/Drawing3d/Textures) by extensions ['colcon_meta']
[0.171s] Level 1:colcon.colcon_core.package_identification:_identify(ros-bridge/src/ROS-TCP-Connector/com.unity.robotics.visualizations/Runtime/Drawing3d/Textures) by extension 'colcon_meta'
[0.171s] Level 1:colcon.colcon_core.package_identification:_identify(ros-bridge/src/ROS-TCP-Connector/com.unity.robotics.visualizations/Runtime/Drawing3d/Textures) by extensions ['ros']
[0.171s] Level 1:colcon.colcon_core.package_identification:_identify(ros-bridge/src/ROS-TCP-Connector/com.unity.robotics.visualizations/Runtime/Drawing3d/Textures) by extension 'ros'
[0.171s] Level 1:colcon.colcon_core.package_identification:_identify(ros-bridge/src/ROS-TCP-Connector/com.unity.robotics.visualizations/Runtime/Drawing3d/Textures) by extensions ['cmake', 'python']
[0.171s] Level 1:colcon.colcon_core.package_identification:_identify(ros-bridge/src/ROS-TCP-Connector/com.unity.robotics.visualizations/Runtime/Drawing3d/Textures) by extension 'cmake'
[0.171s] Level 1:colcon.colcon_core.package_identification:_identify(ros-bridge/src/ROS-TCP-Connector/com.unity.robotics.visualizations/Runtime/Drawing3d/Textures) by extension 'python'
[0.171s] Level 1:colcon.colcon_core.package_identification:_identify(ros-bridge/src/ROS-TCP-Connector/com.unity.robotics.visualizations/Runtime/Drawing3d/Textures) by extensions ['python_setup_py']
[0.171s] Level 1:colcon.colcon_core.package_identification:_identify(ros-bridge/src/ROS-TCP-Connector/com.unity.robotics.visualizations/Runtime/Drawing3d/Textures) by extension 'python_setup_py'
[0.171s] Level 1:colcon.colcon_core.package_identification:_identify(ros-bridge/src/ROS-TCP-Connector/com.unity.robotics.visualizations/Runtime/ExampleVisualizers) by extensions ['ignore', 'ignore_ament_install']
[0.171s] Level 1:colcon.colcon_core.package_identification:_identify(ros-bridge/src/ROS-TCP-Connector/com.unity.robotics.visualizations/Runtime/ExampleVisualizers) by extension 'ignore'
[0.171s] Level 1:colcon.colcon_core.package_identification:_identify(ros-bridge/src/ROS-TCP-Connector/com.unity.robotics.visualizations/Runtime/ExampleVisualizers) by extension 'ignore_ament_install'
[0.171s] Level 1:colcon.colcon_core.package_identification:_identify(ros-bridge/src/ROS-TCP-Connector/com.unity.robotics.visualizations/Runtime/ExampleVisualizers) by extensions ['colcon_pkg']
[0.171s] Level 1:colcon.colcon_core.package_identification:_identify(ros-bridge/src/ROS-TCP-Connector/com.unity.robotics.visualizations/Runtime/ExampleVisualizers) by extension 'colcon_pkg'
[0.171s] Level 1:colcon.colcon_core.package_identification:_identify(ros-bridge/src/ROS-TCP-Connector/com.unity.robotics.visualizations/Runtime/ExampleVisualizers) by extensions ['colcon_meta']
[0.171s] Level 1:colcon.colcon_core.package_identification:_identify(ros-bridge/src/ROS-TCP-Connector/com.unity.robotics.visualizations/Runtime/ExampleVisualizers) by extension 'colcon_meta'
[0.171s] Level 1:colcon.colcon_core.package_identification:_identify(ros-bridge/src/ROS-TCP-Connector/com.unity.robotics.visualizations/Runtime/ExampleVisualizers) by extensions ['ros']
[0.171s] Level 1:colcon.colcon_core.package_identification:_identify(ros-bridge/src/ROS-TCP-Connector/com.unity.robotics.visualizations/Runtime/ExampleVisualizers) by extension 'ros'
[0.171s] Level 1:colcon.colcon_core.package_identification:_identify(ros-bridge/src/ROS-TCP-Connector/com.unity.robotics.visualizations/Runtime/ExampleVisualizers) by extensions ['cmake', 'python']
[0.171s] Level 1:colcon.colcon_core.package_identification:_identify(ros-bridge/src/ROS-TCP-Connector/com.unity.robotics.visualizations/Runtime/ExampleVisualizers) by extension 'cmake'
[0.171s] Level 1:colcon.colcon_core.package_identification:_identify(ros-bridge/src/ROS-TCP-Connector/com.unity.robotics.visualizations/Runtime/ExampleVisualizers) by extension 'python'
[0.171s] Level 1:colcon.colcon_core.package_identification:_identify(ros-bridge/src/ROS-TCP-Connector/com.unity.robotics.visualizations/Runtime/ExampleVisualizers) by extensions ['python_setup_py']
[0.171s] Level 1:colcon.colcon_core.package_identification:_identify(ros-bridge/src/ROS-TCP-Connector/com.unity.robotics.visualizations/Runtime/ExampleVisualizers) by extension 'python_setup_py'
[0.171s] Level 1:colcon.colcon_core.package_identification:_identify(ros-bridge/src/ROS-TCP-Connector/com.unity.robotics.visualizations/Runtime/Materials) by extensions ['ignore', 'ignore_ament_install']
[0.171s] Level 1:colcon.colcon_core.package_identification:_identify(ros-bridge/src/ROS-TCP-Connector/com.unity.robotics.visualizations/Runtime/Materials) by extension 'ignore'
[0.171s] Level 1:colcon.colcon_core.package_identification:_identify(ros-bridge/src/ROS-TCP-Connector/com.unity.robotics.visualizations/Runtime/Materials) by extension 'ignore_ament_install'
[0.171s] Level 1:colcon.colcon_core.package_identification:_identify(ros-bridge/src/ROS-TCP-Connector/com.unity.robotics.visualizations/Runtime/Materials) by extensions ['colcon_pkg']
[0.171s] Level 1:colcon.colcon_core.package_identification:_identify(ros-bridge/src/ROS-TCP-Connector/com.unity.robotics.visualizations/Runtime/Materials) by extension 'colcon_pkg'
[0.171s] Level 1:colcon.colcon_core.package_identification:_identify(ros-bridge/src/ROS-TCP-Connector/com.unity.robotics.visualizations/Runtime/Materials) by extensions ['colcon_meta']
[0.171s] Level 1:colcon.colcon_core.package_identification:_identify(ros-bridge/src/ROS-TCP-Connector/com.unity.robotics.visualizations/Runtime/Materials) by extension 'colcon_meta'
[0.171s] Level 1:colcon.colcon_core.package_identification:_identify(ros-bridge/src/ROS-TCP-Connector/com.unity.robotics.visualizations/Runtime/Materials) by extensions ['ros']
[0.171s] Level 1:colcon.colcon_core.package_identification:_identify(ros-bridge/src/ROS-TCP-Connector/com.unity.robotics.visualizations/Runtime/Materials) by extension 'ros'
[0.171s] Level 1:colcon.colcon_core.package_identification:_identify(ros-bridge/src/ROS-TCP-Connector/com.unity.robotics.visualizations/Runtime/Materials) by extensions ['cmake', 'python']
[0.171s] Level 1:colcon.colcon_core.package_identification:_identify(ros-bridge/src/ROS-TCP-Connector/com.unity.robotics.visualizations/Runtime/Materials) by extension 'cmake'
[0.171s] Level 1:colcon.colcon_core.package_identification:_identify(ros-bridge/src/ROS-TCP-Connector/com.unity.robotics.visualizations/Runtime/Materials) by extension 'python'
[0.171s] Level 1:colcon.colcon_core.package_identification:_identify(ros-bridge/src/ROS-TCP-Connector/com.unity.robotics.visualizations/Runtime/Materials) by extensions ['python_setup_py']
[0.171s] Level 1:colcon.colcon_core.package_identification:_identify(ros-bridge/src/ROS-TCP-Connector/com.unity.robotics.visualizations/Runtime/Materials) by extension 'python_setup_py'
[0.171s] Level 1:colcon.colcon_core.package_identification:_identify(ros-bridge/src/ROS-TCP-Connector/com.unity.robotics.visualizations/Runtime/Scripts) by extensions ['ignore', 'ignore_ament_install']
[0.171s] Level 1:colcon.colcon_core.package_identification:_identify(ros-bridge/src/ROS-TCP-Connector/com.unity.robotics.visualizations/Runtime/Scripts) by extension 'ignore'
[0.172s] Level 1:colcon.colcon_core.package_identification:_identify(ros-bridge/src/ROS-TCP-Connector/com.unity.robotics.visualizations/Runtime/Scripts) by extension 'ignore_ament_install'
[0.172s] Level 1:colcon.colcon_core.package_identification:_identify(ros-bridge/src/ROS-TCP-Connector/com.unity.robotics.visualizations/Runtime/Scripts) by extensions ['colcon_pkg']
[0.172s] Level 1:colcon.colcon_core.package_identification:_identify(ros-bridge/src/ROS-TCP-Connector/com.unity.robotics.visualizations/Runtime/Scripts) by extension 'colcon_pkg'
[0.172s] Level 1:colcon.colcon_core.package_identification:_identify(ros-bridge/src/ROS-TCP-Connector/com.unity.robotics.visualizations/Runtime/Scripts) by extensions ['colcon_meta']
[0.172s] Level 1:colcon.colcon_core.package_identification:_identify(ros-bridge/src/ROS-TCP-Connector/com.unity.robotics.visualizations/Runtime/Scripts) by extension 'colcon_meta'
[0.172s] Level 1:colcon.colcon_core.package_identification:_identify(ros-bridge/src/ROS-TCP-Connector/com.unity.robotics.visualizations/Runtime/Scripts) by extensions ['ros']
[0.172s] Level 1:colcon.colcon_core.package_identification:_identify(ros-bridge/src/ROS-TCP-Connector/com.unity.robotics.visualizations/Runtime/Scripts) by extension 'ros'
[0.172s] Level 1:colcon.colcon_core.package_identification:_identify(ros-bridge/src/ROS-TCP-Connector/com.unity.robotics.visualizations/Runtime/Scripts) by extensions ['cmake', 'python']
[0.172s] Level 1:colcon.colcon_core.package_identification:_identify(ros-bridge/src/ROS-TCP-Connector/com.unity.robotics.visualizations/Runtime/Scripts) by extension 'cmake'
[0.172s] Level 1:colcon.colcon_core.package_identification:_identify(ros-bridge/src/ROS-TCP-Connector/com.unity.robotics.visualizations/Runtime/Scripts) by extension 'python'
[0.172s] Level 1:colcon.colcon_core.package_identification:_identify(ros-bridge/src/ROS-TCP-Connector/com.unity.robotics.visualizations/Runtime/Scripts) by extensions ['python_setup_py']
[0.172s] Level 1:colcon.colcon_core.package_identification:_identify(ros-bridge/src/ROS-TCP-Connector/com.unity.robotics.visualizations/Runtime/Scripts) by extension 'python_setup_py'
[0.172s] Level 1:colcon.colcon_core.package_identification:_identify(ros-bridge/src/ROS-TCP-Connector/com.unity.robotics.visualizations/Runtime/Shaders) by extensions ['ignore', 'ignore_ament_install']
[0.172s] Level 1:colcon.colcon_core.package_identification:_identify(ros-bridge/src/ROS-TCP-Connector/com.unity.robotics.visualizations/Runtime/Shaders) by extension 'ignore'
[0.172s] Level 1:colcon.colcon_core.package_identification:_identify(ros-bridge/src/ROS-TCP-Connector/com.unity.robotics.visualizations/Runtime/Shaders) by extension 'ignore_ament_install'
[0.172s] Level 1:colcon.colcon_core.package_identification:_identify(ros-bridge/src/ROS-TCP-Connector/com.unity.robotics.visualizations/Runtime/Shaders) by extensions ['colcon_pkg']
[0.172s] Level 1:colcon.colcon_core.package_identification:_identify(ros-bridge/src/ROS-TCP-Connector/com.unity.robotics.visualizations/Runtime/Shaders) by extension 'colcon_pkg'
[0.172s] Level 1:colcon.colcon_core.package_identification:_identify(ros-bridge/src/ROS-TCP-Connector/com.unity.robotics.visualizations/Runtime/Shaders) by extensions ['colcon_meta']
[0.172s] Level 1:colcon.colcon_core.package_identification:_identify(ros-bridge/src/ROS-TCP-Connector/com.unity.robotics.visualizations/Runtime/Shaders) by extension 'colcon_meta'
[0.172s] Level 1:colcon.colcon_core.package_identification:_identify(ros-bridge/src/ROS-TCP-Connector/com.unity.robotics.visualizations/Runtime/Shaders) by extensions ['ros']
[0.172s] Level 1:colcon.colcon_core.package_identification:_identify(ros-bridge/src/ROS-TCP-Connector/com.unity.robotics.visualizations/Runtime/Shaders) by extension 'ros'
[0.172s] Level 1:colcon.colcon_core.package_identification:_identify(ros-bridge/src/ROS-TCP-Connector/com.unity.robotics.visualizations/Runtime/Shaders) by extensions ['cmake', 'python']
[0.172s] Level 1:colcon.colcon_core.package_identification:_identify(ros-bridge/src/ROS-TCP-Connector/com.unity.robotics.visualizations/Runtime/Shaders) by extension 'cmake'
[0.172s] Level 1:colcon.colcon_core.package_identification:_identify(ros-bridge/src/ROS-TCP-Connector/com.unity.robotics.visualizations/Runtime/Shaders) by extension 'python'
[0.172s] Level 1:colcon.colcon_core.package_identification:_identify(ros-bridge/src/ROS-TCP-Connector/com.unity.robotics.visualizations/Runtime/Shaders) by extensions ['python_setup_py']
[0.172s] Level 1:colcon.colcon_core.package_identification:_identify(ros-bridge/src/ROS-TCP-Connector/com.unity.robotics.visualizations/Runtime/Shaders) by extension 'python_setup_py'
[0.172s] Level 1:colcon.colcon_core.package_identification:_identify(ros-bridge/src/ROS-TCP-Connector/com.unity.robotics.visualizations/images~) by extensions ['ignore', 'ignore_ament_install']
[0.172s] Level 1:colcon.colcon_core.package_identification:_identify(ros-bridge/src/ROS-TCP-Connector/com.unity.robotics.visualizations/images~) by extension 'ignore'
[0.172s] Level 1:colcon.colcon_core.package_identification:_identify(ros-bridge/src/ROS-TCP-Connector/com.unity.robotics.visualizations/images~) by extension 'ignore_ament_install'
[0.172s] Level 1:colcon.colcon_core.package_identification:_identify(ros-bridge/src/ROS-TCP-Connector/com.unity.robotics.visualizations/images~) by extensions ['colcon_pkg']
[0.172s] Level 1:colcon.colcon_core.package_identification:_identify(ros-bridge/src/ROS-TCP-Connector/com.unity.robotics.visualizations/images~) by extension 'colcon_pkg'
[0.172s] Level 1:colcon.colcon_core.package_identification:_identify(ros-bridge/src/ROS-TCP-Connector/com.unity.robotics.visualizations/images~) by extensions ['colcon_meta']
[0.172s] Level 1:colcon.colcon_core.package_identification:_identify(ros-bridge/src/ROS-TCP-Connector/com.unity.robotics.visualizations/images~) by extension 'colcon_meta'
[0.172s] Level 1:colcon.colcon_core.package_identification:_identify(ros-bridge/src/ROS-TCP-Connector/com.unity.robotics.visualizations/images~) by extensions ['ros']
[0.172s] Level 1:colcon.colcon_core.package_identification:_identify(ros-bridge/src/ROS-TCP-Connector/com.unity.robotics.visualizations/images~) by extension 'ros'
[0.172s] Level 1:colcon.colcon_core.package_identification:_identify(ros-bridge/src/ROS-TCP-Connector/com.unity.robotics.visualizations/images~) by extensions ['cmake', 'python']
[0.172s] Level 1:colcon.colcon_core.package_identification:_identify(ros-bridge/src/ROS-TCP-Connector/com.unity.robotics.visualizations/images~) by extension 'cmake'
[0.172s] Level 1:colcon.colcon_core.package_identification:_identify(ros-bridge/src/ROS-TCP-Connector/com.unity.robotics.visualizations/images~) by extension 'python'
[0.172s] Level 1:colcon.colcon_core.package_identification:_identify(ros-bridge/src/ROS-TCP-Connector/com.unity.robotics.visualizations/images~) by extensions ['python_setup_py']
[0.172s] Level 1:colcon.colcon_core.package_identification:_identify(ros-bridge/src/ROS-TCP-Connector/com.unity.robotics.visualizations/images~) by extension 'python_setup_py'
[0.172s] Level 1:colcon.colcon_core.package_identification:_identify(ros-bridge/src/ROS-TCP-Connector/images~) by extensions ['ignore', 'ignore_ament_install']
[0.172s] Level 1:colcon.colcon_core.package_identification:_identify(ros-bridge/src/ROS-TCP-Connector/images~) by extension 'ignore'
[0.172s] Level 1:colcon.colcon_core.package_identification:_identify(ros-bridge/src/ROS-TCP-Connector/images~) by extension 'ignore_ament_install'
[0.172s] Level 1:colcon.colcon_core.package_identification:_identify(ros-bridge/src/ROS-TCP-Connector/images~) by extensions ['colcon_pkg']
[0.172s] Level 1:colcon.colcon_core.package_identification:_identify(ros-bridge/src/ROS-TCP-Connector/images~) by extension 'colcon_pkg'
[0.172s] Level 1:colcon.colcon_core.package_identification:_identify(ros-bridge/src/ROS-TCP-Connector/images~) by extensions ['colcon_meta']
[0.172s] Level 1:colcon.colcon_core.package_identification:_identify(ros-bridge/src/ROS-TCP-Connector/images~) by extension 'colcon_meta'
[0.172s] Level 1:colcon.colcon_core.package_identification:_identify(ros-bridge/src/ROS-TCP-Connector/images~) by extensions ['ros']
[0.172s] Level 1:colcon.colcon_core.package_identification:_identify(ros-bridge/src/ROS-TCP-Connector/images~) by extension 'ros'
[0.172s] Level 1:colcon.colcon_core.package_identification:_identify(ros-bridge/src/ROS-TCP-Connector/images~) by extensions ['cmake', 'python']
[0.172s] Level 1:colcon.colcon_core.package_identification:_identify(ros-bridge/src/ROS-TCP-Connector/images~) by extension 'cmake'
[0.172s] Level 1:colcon.colcon_core.package_identification:_identify(ros-bridge/src/ROS-TCP-Connector/images~) by extension 'python'
[0.172s] Level 1:colcon.colcon_core.package_identification:_identify(ros-bridge/src/ROS-TCP-Connector/images~) by extensions ['python_setup_py']
[0.172s] Level 1:colcon.colcon_core.package_identification:_identify(ros-bridge/src/ROS-TCP-Connector/images~) by extension 'python_setup_py'
[0.173s] Level 1:colcon.colcon_core.package_identification:_identify(ros-bridge/src/inmoov_description) by extensions ['ignore', 'ignore_ament_install']
[0.173s] Level 1:colcon.colcon_core.package_identification:_identify(ros-bridge/src/inmoov_description) by extension 'ignore'
[0.173s] Level 1:colcon.colcon_core.package_identification:_identify(ros-bridge/src/inmoov_description) by extension 'ignore_ament_install'
[0.173s] Level 1:colcon.colcon_core.package_identification:_identify(ros-bridge/src/inmoov_description) by extensions ['colcon_pkg']
[0.173s] Level 1:colcon.colcon_core.package_identification:_identify(ros-bridge/src/inmoov_description) by extension 'colcon_pkg'
[0.173s] Level 1:colcon.colcon_core.package_identification:_identify(ros-bridge/src/inmoov_description) by extensions ['colcon_meta']
[0.173s] Level 1:colcon.colcon_core.package_identification:_identify(ros-bridge/src/inmoov_description) by extension 'colcon_meta'
[0.173s] Level 1:colcon.colcon_core.package_identification:_identify(ros-bridge/src/inmoov_description) by extensions ['ros']
[0.173s] Level 1:colcon.colcon_core.package_identification:_identify(ros-bridge/src/inmoov_description) by extension 'ros'
[0.174s] DEBUG:colcon.colcon_core.package_identification:Package 'ros-bridge/src/inmoov_description' with type 'ros.catkin' and name 'inmoov_description'
[0.174s] Level 1:colcon.colcon_core.package_identification:_identify(ros-bridge/src/ros_tcp_endpoint) by extensions ['ignore', 'ignore_ament_install']
[0.174s] Level 1:colcon.colcon_core.package_identification:_identify(ros-bridge/src/ros_tcp_endpoint) by extension 'ignore'
[0.174s] Level 1:colcon.colcon_core.package_identification:_identify(ros-bridge/src/ros_tcp_endpoint) by extension 'ignore_ament_install'
[0.174s] Level 1:colcon.colcon_core.package_identification:_identify(ros-bridge/src/ros_tcp_endpoint) by extensions ['colcon_pkg']
[0.174s] Level 1:colcon.colcon_core.package_identification:_identify(ros-bridge/src/ros_tcp_endpoint) by extension 'colcon_pkg'
[0.174s] Level 1:colcon.colcon_core.package_identification:_identify(ros-bridge/src/ros_tcp_endpoint) by extensions ['colcon_meta']
[0.174s] Level 1:colcon.colcon_core.package_identification:_identify(ros-bridge/src/ros_tcp_endpoint) by extension 'colcon_meta'
[0.174s] Level 1:colcon.colcon_core.package_identification:_identify(ros-bridge/src/ros_tcp_endpoint) by extensions ['ros']
[0.174s] Level 1:colcon.colcon_core.package_identification:_identify(ros-bridge/src/ros_tcp_endpoint) by extension 'ros'
[0.175s] DEBUG:colcon.colcon_core.package_identification:Package 'ros-bridge/src/ros_tcp_endpoint' with type 'ros.ament_python' and name 'ros_tcp_endpoint'
[0.175s] Level 1:colcon.colcon_core.package_identification:_identify(udp converter) by extensions ['ignore', 'ignore_ament_install']
[0.175s] Level 1:colcon.colcon_core.package_identification:_identify(udp converter) by extension 'ignore'
[0.175s] Level 1:colcon.colcon_core.package_identification:_identify(udp converter) by extension 'ignore_ament_install'
[0.175s] Level 1:colcon.colcon_core.package_identification:_identify(udp converter) by extensions ['colcon_pkg']
[0.175s] Level 1:colcon.colcon_core.package_identification:_identify(udp converter) by extension 'colcon_pkg'
[0.175s] Level 1:colcon.colcon_core.package_identification:_identify(udp converter) by extensions ['colcon_meta']
[0.175s] Level 1:colcon.colcon_core.package_identification:_identify(udp converter) by extension 'colcon_meta'
[0.175s] Level 1:colcon.colcon_core.package_identification:_identify(udp converter) by extensions ['ros']
[0.175s] Level 1:colcon.colcon_core.package_identification:_identify(udp converter) by extension 'ros'
[0.175s] Level 1:colcon.colcon_core.package_identification:_identify(udp converter) by extensions ['cmake', 'python']
[0.175s] Level 1:colcon.colcon_core.package_identification:_identify(udp converter) by extension 'cmake'
[0.175s] Level 1:colcon.colcon_core.package_identification:_identify(udp converter) by extension 'python'
[0.175s] Level 1:colcon.colcon_core.package_identification:_identify(udp converter) by extensions ['python_setup_py']
[0.175s] Level 1:colcon.colcon_core.package_identification:_identify(udp converter) by extension 'python_setup_py'
[0.175s] Level 1:colcon.colcon_core.package_identification:_identify(udp converter/build) by extensions ['ignore', 'ignore_ament_install']
[0.175s] Level 1:colcon.colcon_core.package_identification:_identify(udp converter/build) by extension 'ignore'
[0.175s] Level 1:colcon.colcon_core.package_identification:_identify(udp converter/build) ignored
[0.175s] Level 1:colcon.colcon_core.package_identification:_identify(udp converter/install) by extensions ['ignore', 'ignore_ament_install']
[0.175s] Level 1:colcon.colcon_core.package_identification:_identify(udp converter/install) by extension 'ignore'
[0.175s] Level 1:colcon.colcon_core.package_identification:_identify(udp converter/install) ignored
[0.175s] Level 1:colcon.colcon_core.package_identification:_identify(udp converter/log) by extensions ['ignore', 'ignore_ament_install']
[0.175s] Level 1:colcon.colcon_core.package_identification:_identify(udp converter/log) by extension 'ignore'
[0.175s] Level 1:colcon.colcon_core.package_identification:_identify(udp converter/log) ignored
[0.175s] Level 1:colcon.colcon_core.package_identification:_identify(udp converter/src) by extensions ['ignore', 'ignore_ament_install']
[0.175s] Level 1:colcon.colcon_core.package_identification:_identify(udp converter/src) by extension 'ignore'
[0.175s] Level 1:colcon.colcon_core.package_identification:_identify(udp converter/src) by extension 'ignore_ament_install'
[0.175s] Level 1:colcon.colcon_core.package_identification:_identify(udp converter/src) by extensions ['colcon_pkg']
[0.175s] Level 1:colcon.colcon_core.package_identification:_identify(udp converter/src) by extension 'colcon_pkg'
[0.175s] Level 1:colcon.colcon_core.package_identification:_identify(udp converter/src) by extensions ['colcon_meta']
[0.175s] Level 1:colcon.colcon_core.package_identification:_identify(udp converter/src) by extension 'colcon_meta'
[0.175s] Level 1:colcon.colcon_core.package_identification:_identify(udp converter/src) by extensions ['ros']
[0.175s] Level 1:colcon.colcon_core.package_identification:_identify(udp converter/src) by extension 'ros'
[0.175s] Level 1:colcon.colcon_core.package_identification:_identify(udp converter/src) by extensions ['cmake', 'python']
[0.175s] Level 1:colcon.colcon_core.package_identification:_identify(udp converter/src) by extension 'cmake'
[0.175s] Level 1:colcon.colcon_core.package_identification:_identify(udp converter/src) by extension 'python'
[0.175s] Level 1:colcon.colcon_core.package_identification:_identify(udp converter/src) by extensions ['python_setup_py']
[0.175s] Level 1:colcon.colcon_core.package_identification:_identify(udp converter/src) by extension 'python_setup_py'
[0.175s] Level 1:colcon.colcon_core.package_identification:_identify(udp converter/src/ce_python) by extensions ['ignore', 'ignore_ament_install']
[0.175s] Level 1:colcon.colcon_core.package_identification:_identify(udp converter/src/ce_python) by extension 'ignore'
[0.176s] Level 1:colcon.colcon_core.package_identification:_identify(udp converter/src/ce_python) by extension 'ignore_ament_install'
[0.176s] Level 1:colcon.colcon_core.package_identification:_identify(udp converter/src/ce_python) by extensions ['colcon_pkg']
[0.176s] Level 1:colcon.colcon_core.package_identification:_identify(udp converter/src/ce_python) by extension 'colcon_pkg'
[0.176s] Level 1:colcon.colcon_core.package_identification:_identify(udp converter/src/ce_python) by extensions ['colcon_meta']
[0.176s] Level 1:colcon.colcon_core.package_identification:_identify(udp converter/src/ce_python) by extension 'colcon_meta'
[0.176s] Level 1:colcon.colcon_core.package_identification:_identify(udp converter/src/ce_python) by extensions ['ros']
[0.176s] Level 1:colcon.colcon_core.package_identification:_identify(udp converter/src/ce_python) by extension 'ros'
[0.176s] DEBUG:colcon.colcon_core.package_identification:Package 'udp converter/src/ce_python' with type 'ros.ament_python' and name 'ce_python'
[0.176s] Level 1:colcon.colcon_core.package_identification:_identify(udp converter/src/servo_mediator_cpp) by extensions ['ignore', 'ignore_ament_install']
[0.176s] Level 1:colcon.colcon_core.package_identification:_identify(udp converter/src/servo_mediator_cpp) by extension 'ignore'
[0.176s] Level 1:colcon.colcon_core.package_identification:_identify(udp converter/src/servo_mediator_cpp) by extension 'ignore_ament_install'
[0.176s] Level 1:colcon.colcon_core.package_identification:_identify(udp converter/src/servo_mediator_cpp) by extensions ['colcon_pkg']
[0.176s] Level 1:colcon.colcon_core.package_identification:_identify(udp converter/src/servo_mediator_cpp) by extension 'colcon_pkg'
[0.176s] Level 1:colcon.colcon_core.package_identification:_identify(udp converter/src/servo_mediator_cpp) by extensions ['colcon_meta']
[0.176s] Level 1:colcon.colcon_core.package_identification:_identify(udp converter/src/servo_mediator_cpp) by extension 'colcon_meta'
[0.176s] Level 1:colcon.colcon_core.package_identification:_identify(udp converter/src/servo_mediator_cpp) by extensions ['ros']
[0.176s] Level 1:colcon.colcon_core.package_identification:_identify(udp converter/src/servo_mediator_cpp) by extension 'ros'
[0.176s] DEBUG:colcon.colcon_core.package_identification:Package 'udp converter/src/servo_mediator_cpp' with type 'ros.ament_cmake' and name 'servo_mediator_cpp'
[0.176s] Level 1:colcon.colcon_core.package_discovery:discover_packages(recursive) using defaults
[0.176s] Level 1:colcon.colcon_core.package_discovery:discover_packages(ignore) discover
[0.176s] Level 1:colcon.colcon_core.package_discovery:discover_packages(ignore) using defaults
[0.176s] Level 1:colcon.colcon_core.package_discovery:discover_packages(path) discover
[0.176s] Level 1:colcon.colcon_core.package_discovery:discover_packages(path) using defaults
[0.194s] Level 1:colcon.colcon_core.package_discovery:discover_packages(prefix_path) check parameters
[0.194s] Level 1:colcon.colcon_core.package_discovery:discover_packages(prefix_path) discover
[0.195s] DEBUG:colcon.colcon_installed_package_information.package_discovery:Found 4 installed packages in /home/guyi/github/Modified_InMoov/Unity-ros-connection/ros2 nodes/install
[0.195s] DEBUG:colcon.colcon_installed_package_information.package_discovery:Found 2 installed packages in /home/guyi/github/Modified_InMoov/Unity-ros-connection/ros2 nodes/udp converter/install
[0.195s] DEBUG:colcon.colcon_installed_package_information.package_discovery:Found 6 installed packages in /home/guyi/inmoov_ros2/install
[0.196s] DEBUG:colcon.colcon_installed_package_information.package_discovery:Found 360 installed packages in /opt/ros/humble
[0.197s] Level 1:colcon.colcon_core.package_discovery:discover_packages(prefix_path) using defaults
[0.221s] WARNING:colcon.colcon_core.package_selection:Some selected packages are already built in one or more underlay workspaces:
	'inmoov_description' is in: /home/guyi/github/Modified_InMoov/Unity-ros-connection/ros2 nodes/install/inmoov_description, /home/guyi/inmoov_ros2/install/inmoov_description
If a package in a merged underlay workspace is overridden and it installs headers, then all packages in the overlay must sort their include directories by workspace order. Failure to do so may result in build failures or undefined behavior at run time.
If the overridden package is used by another package in any underlay, then the overriding package in the overlay must be API and ABI compatible or undefined behavior at run time may occur.

If you understand the risks and want to override a package anyways, add the following to the command line:
	--allow-overriding inmoov_description

This may be promoted to an error in a future release of colcon-override-check.
[0.222s] Level 5:colcon.colcon_core.verb:set package 'ce_python' build argument 'cmake_args' from command line to 'None'
[0.222s] Level 5:colcon.colcon_core.verb:set package 'ce_python' build argument 'cmake_target' from command line to 'None'
[0.222s] Level 5:colcon.colcon_core.verb:set package 'ce_python' build argument 'cmake_target_skip_unavailable' from command line to 'False'
[0.222s] Level 5:colcon.colcon_core.verb:set package 'ce_python' build argument 'cmake_clean_cache' from command line to 'False'
[0.222s] Level 5:colcon.colcon_core.verb:set package 'ce_python' build argument 'cmake_clean_first' from command line to 'False'
[0.222s] Level 5:colcon.colcon_core.verb:set package 'ce_python' build argument 'cmake_force_configure' from command line to 'False'
[0.222s] Level 5:colcon.colcon_core.verb:set package 'ce_python' build argument 'ament_cmake_args' from command line to 'None'
[0.222s] Level 5:colcon.colcon_core.verb:set package 'ce_python' build argument 'catkin_cmake_args' from command line to 'None'
[0.222s] Level 5:colcon.colcon_core.verb:set package 'ce_python' build argument 'catkin_skip_building_tests' from command line to 'False'
[0.222s] DEBUG:colcon.colcon_core.verb:Building package 'ce_python' with the following arguments: {'ament_cmake_args': None, 'build_base': '/home/guyi/github/Modified_InMoov/Unity-ros-connection/ros2 nodes/build/ce_python', 'catkin_cmake_args': None, 'catkin_skip_building_tests': False, 'cmake_args': None, 'cmake_clean_cache': False, 'cmake_clean_first': False, 'cmake_force_configure': False, 'cmake_target': None, 'cmake_target_skip_unavailable': False, 'install_base': '/home/guyi/github/Modified_InMoov/Unity-ros-connection/ros2 nodes/install/ce_python', 'merge_install': False, 'path': '/home/guyi/github/Modified_InMoov/Unity-ros-connection/ros2 nodes/udp converter/src/ce_python', 'symlink_install': False, 'test_result_base': None}
[0.222s] Level 5:colcon.colcon_core.verb:set package 'inmoov_description' build argument 'cmake_args' from command line to 'None'
[0.222s] Level 5:colcon.colcon_core.verb:set package 'inmoov_description' build argument 'cmake_target' from command line to 'None'
[0.222s] Level 5:colcon.colcon_core.verb:set package 'inmoov_description' build argument 'cmake_target_skip_unavailable' from command line to 'False'
[0.222s] Level 5:colcon.colcon_core.verb:set package 'inmoov_description' build argument 'cmake_clean_cache' from command line to 'False'
[0.222s] Level 5:colcon.colcon_core.verb:set package 'inmoov_description' build argument 'cmake_clean_first' from command line to 'False'
[0.222s] Level 5:colcon.colcon_core.verb:set package 'inmoov_description' build argument 'cmake_force_configure' from command line to 'False'
[0.222s] Level 5:colcon.colcon_core.verb:set package 'inmoov_description' build argument 'ament_cmake_args' from command line to 'None'
[0.222s] Level 5:colcon.colcon_core.verb:set package 'inmoov_description' build argument 'catkin_cmake_args' from command line to 'None'
[0.222s] Level 5:colcon.colcon_core.verb:set package 'inmoov_description' build argument 'catkin_skip_building_tests' from command line to 'False'
[0.222s] DEBUG:colcon.colcon_core.verb:Building package 'inmoov_description' with the following arguments: {'ament_cmake_args': None, 'build_base': '/home/guyi/github/Modified_InMoov/Unity-ros-connection/ros2 nodes/build/inmoov_description', 'catkin_cmake_args': None, 'catkin_skip_building_tests': False, 'cmake_args': None, 'cmake_clean_cache': False, 'cmake_clean_first': False, 'cmake_force_configure': False, 'cmake_target': None, 'cmake_target_skip_unavailable': False, 'install_base': '/home/guyi/github/Modified_InMoov/Unity-ros-connection/ros2 nodes/install/inmoov_description', 'merge_install': False, 'path': '/home/guyi/github/Modified_InMoov/Unity-ros-connection/ros2 nodes/ros-bridge/src/inmoov_description', 'symlink_install': False, 'test_result_base': None}
[0.222s] Level 5:colcon.colcon_core.verb:set package 'ros_tcp_endpoint' build argument 'cmake_args' from command line to 'None'
[0.222s] Level 5:colcon.colcon_core.verb:set package 'ros_tcp_endpoint' build argument 'cmake_target' from command line to 'None'
[0.222s] Level 5:colcon.colcon_core.verb:set package 'ros_tcp_endpoint' build argument 'cmake_target_skip_unavailable' from command line to 'False'
[0.222s] Level 5:colcon.colcon_core.verb:set package 'ros_tcp_endpoint' build argument 'cmake_clean_cache' from command line to 'False'
[0.222s] Level 5:colcon.colcon_core.verb:set package 'ros_tcp_endpoint' build argument 'cmake_clean_first' from command line to 'False'
[0.222s] Level 5:colcon.colcon_core.verb:set package 'ros_tcp_endpoint' build argument 'cmake_force_configure' from command line to 'False'
[0.222s] Level 5:colcon.colcon_core.verb:set package 'ros_tcp_endpoint' build argument 'ament_cmake_args' from command line to 'None'
[0.222s] Level 5:colcon.colcon_core.verb:set package 'ros_tcp_endpoint' build argument 'catkin_cmake_args' from command line to 'None'
[0.222s] Level 5:colcon.colcon_core.verb:set package 'ros_tcp_endpoint' build argument 'catkin_skip_building_tests' from command line to 'False'
[0.222s] DEBUG:colcon.colcon_core.verb:Building package 'ros_tcp_endpoint' with the following arguments: {'ament_cmake_args': None, 'build_base': '/home/guyi/github/Modified_InMoov/Unity-ros-connection/ros2 nodes/build/ros_tcp_endpoint', 'catkin_cmake_args': None, 'catkin_skip_building_tests': False, 'cmake_args': None, 'cmake_clean_cache': False, 'cmake_clean_first': False, 'cmake_force_configure': False, 'cmake_target': None, 'cmake_target_skip_unavailable': False, 'install_base': '/home/guyi/github/Modified_InMoov/Unity-ros-connection/ros2 nodes/install/ros_tcp_endpoint', 'merge_install': False, 'path': '/home/guyi/github/Modified_InMoov/Unity-ros-connection/ros2 nodes/ros-bridge/src/ros_tcp_endpoint', 'symlink_install': False, 'test_result_base': None}
[0.222s] Level 5:colcon.colcon_core.verb:set package 'servo_mediator_cpp' build argument 'cmake_args' from command line to 'None'
[0.222s] Level 5:colcon.colcon_core.verb:set package 'servo_mediator_cpp' build argument 'cmake_target' from command line to 'None'
[0.222s] Level 5:colcon.colcon_core.verb:set package 'servo_mediator_cpp' build argument 'cmake_target_skip_unavailable' from command line to 'False'
[0.222s] Level 5:colcon.colcon_core.verb:set package 'servo_mediator_cpp' build argument 'cmake_clean_cache' from command line to 'False'
[0.222s] Level 5:colcon.colcon_core.verb:set package 'servo_mediator_cpp' build argument 'cmake_clean_first' from command line to 'False'
[0.222s] Level 5:colcon.colcon_core.verb:set package 'servo_mediator_cpp' build argument 'cmake_force_configure' from command line to 'False'
[0.222s] Level 5:colcon.colcon_core.verb:set package 'servo_mediator_cpp' build argument 'ament_cmake_args' from command line to 'None'
[0.222s] Level 5:colcon.colcon_core.verb:set package 'servo_mediator_cpp' build argument 'catkin_cmake_args' from command line to 'None'
[0.222s] Level 5:colcon.colcon_core.verb:set package 'servo_mediator_cpp' build argument 'catkin_skip_building_tests' from command line to 'False'
[0.222s] DEBUG:colcon.colcon_core.verb:Building package 'servo_mediator_cpp' with the following arguments: {'ament_cmake_args': None, 'build_base': '/home/guyi/github/Modified_InMoov/Unity-ros-connection/ros2 nodes/build/servo_mediator_cpp', 'catkin_cmake_args': None, 'catkin_skip_building_tests': False, 'cmake_args': None, 'cmake_clean_cache': False, 'cmake_clean_first': False, 'cmake_force_configure': False, 'cmake_target': None, 'cmake_target_skip_unavailable': False, 'install_base': '/home/guyi/github/Modified_InMoov/Unity-ros-connection/ros2 nodes/install/servo_mediator_cpp', 'merge_install': False, 'path': '/home/guyi/github/Modified_InMoov/Unity-ros-connection/ros2 nodes/udp converter/src/servo_mediator_cpp', 'symlink_install': False, 'test_result_base': None}
[0.223s] INFO:colcon.colcon_core.executor:Executing jobs using 'parallel' executor
[0.223s] DEBUG:colcon.colcon_parallel_executor.executor.parallel:run_until_complete
[0.223s] INFO:colcon.colcon_ros.task.ament_python.build:Building ROS package in '/home/guyi/github/Modified_InMoov/Unity-ros-connection/ros2 nodes/udp converter/src/ce_python' with build type 'ament_python'
[0.223s] Level 1:colcon.colcon_core.shell:create_environment_hook('ce_python', 'ament_prefix_path')
[0.225s] INFO:colcon.colcon_core.plugin_system:Skipping extension 'colcon_core.shell.bat': Not used on non-Windows systems
[0.225s] INFO:colcon.colcon_core.shell:Creating environment hook '/home/guyi/github/Modified_InMoov/Unity-ros-connection/ros2 nodes/install/ce_python/share/ce_python/hook/ament_prefix_path.ps1'
[0.225s] INFO:colcon.colcon_core.shell:Creating environment descriptor '/home/guyi/github/Modified_InMoov/Unity-ros-connection/ros2 nodes/install/ce_python/share/ce_python/hook/ament_prefix_path.dsv'
[0.225s] INFO:colcon.colcon_core.shell:Creating environment hook '/home/guyi/github/Modified_InMoov/Unity-ros-connection/ros2 nodes/install/ce_python/share/ce_python/hook/ament_prefix_path.sh'
[0.226s] INFO:colcon.colcon_core.shell:Skip shell extension 'powershell' for command environment: Not usable outside of PowerShell
[0.226s] DEBUG:colcon.colcon_core.shell:Skip shell extension 'dsv' for command environment
[0.229s] INFO:colcon.colcon_ros.task.catkin.build:Building ROS package in '/home/guyi/github/Modified_InMoov/Unity-ros-connection/ros2 nodes/ros-bridge/src/inmoov_description' with build type 'catkin'
[0.229s] INFO:colcon.colcon_cmake.task.cmake.build:Building CMake package in '/home/guyi/github/Modified_InMoov/Unity-ros-connection/ros2 nodes/ros-bridge/src/inmoov_description'
[0.229s] INFO:colcon.colcon_core.shell:Skip shell extension 'powershell' for command environment: Not usable outside of PowerShell
[0.229s] DEBUG:colcon.colcon_core.shell:Skip shell extension 'dsv' for command environment
[0.232s] INFO:colcon.colcon_ros.task.ament_python.build:Building ROS package in '/home/guyi/github/Modified_InMoov/Unity-ros-connection/ros2 nodes/ros-bridge/src/ros_tcp_endpoint' with build type 'ament_python'
[0.232s] Level 1:colcon.colcon_core.shell:create_environment_hook('ros_tcp_endpoint', 'ament_prefix_path')
[0.232s] INFO:colcon.colcon_core.shell:Creating environment hook '/home/guyi/github/Modified_InMoov/Unity-ros-connection/ros2 nodes/install/ros_tcp_endpoint/share/ros_tcp_endpoint/hook/ament_prefix_path.ps1'
[0.232s] INFO:colcon.colcon_core.shell:Creating environment descriptor '/home/guyi/github/Modified_InMoov/Unity-ros-connection/ros2 nodes/install/ros_tcp_endpoint/share/ros_tcp_endpoint/hook/ament_prefix_path.dsv'
[0.232s] INFO:colcon.colcon_core.shell:Creating environment hook '/home/guyi/github/Modified_InMoov/Unity-ros-connection/ros2 nodes/install/ros_tcp_endpoint/share/ros_tcp_endpoint/hook/ament_prefix_path.sh'
[0.232s] INFO:colcon.colcon_core.shell:Skip shell extension 'powershell' for command environment: Not usable outside of PowerShell
[0.233s] DEBUG:colcon.colcon_core.shell:Skip shell extension 'dsv' for command environment
[0.235s] INFO:colcon.colcon_ros.task.ament_cmake.build:Building ROS package in '/home/guyi/github/Modified_InMoov/Unity-ros-connection/ros2 nodes/udp converter/src/servo_mediator_cpp' with build type 'ament_cmake'
[0.235s] INFO:colcon.colcon_cmake.task.cmake.build:Building CMake package in '/home/guyi/github/Modified_InMoov/Unity-ros-connection/ros2 nodes/udp converter/src/servo_mediator_cpp'
[0.235s] INFO:colcon.colcon_core.shell:Skip shell extension 'powershell' for command environment: Not usable outside of PowerShell
[0.235s] DEBUG:colcon.colcon_core.shell:Skip shell extension 'dsv' for command environment
[0.374s] INFO:colcon.colcon_core.task.python.build:Building Python package in '/home/guyi/github/Modified_InMoov/Unity-ros-connection/ros2 nodes/udp converter/src/ce_python'
[0.375s] INFO:colcon.colcon_core.shell:Skip shell extension 'powershell' for command environment: Not usable outside of PowerShell
[0.375s] DEBUG:colcon.colcon_core.shell:Skip shell extension 'dsv' for command environment
[0.381s] DEBUG:colcon.colcon_core.event_handler.log_command:Invoking command in '/home/guyi/github/Modified_InMoov/Unity-ros-connection/ros2 nodes/build/inmoov_description': CONDA_PROMPT_MODIFIER=(base) /usr/local/bin/cmake --build /home/guyi/github/Modified_InMoov/Unity-ros-connection/ros2 nodes/build/inmoov_description -- -j16 -l16
[0.514s] INFO:colcon.colcon_core.task.python.build:Building Python package in '/home/guyi/github/Modified_InMoov/Unity-ros-connection/ros2 nodes/ros-bridge/src/ros_tcp_endpoint'
[0.514s] INFO:colcon.colcon_core.shell:Skip shell extension 'powershell' for command environment: Not usable outside of PowerShell
[0.514s] DEBUG:colcon.colcon_core.shell:Skip shell extension 'dsv' for command environment
[0.521s] DEBUG:colcon.colcon_core.event_handler.log_command:Invoking command in '/home/guyi/github/Modified_InMoov/Unity-ros-connection/ros2 nodes/build/servo_mediator_cpp': CMAKE_PREFIX_PATH=/home/guyi/github/Modified_InMoov/Unity-ros-connection/ros2 nodes/install/servo_mediator_cpp:/home/guyi/github/Modified_InMoov/Unity-ros-connection/ros2 nodes/install/ros_tcp_endpoint:/home/guyi/github/Modified_InMoov/Unity-ros-connection/ros2 nodes/install/ce_python:/home/guyi/github/Modified_InMoov/Unity-ros-connection/ros2 nodes/udp converter/install/ce_python:/opt/ros/humble:/home/guyi/github/Modified_InMoov/Unity-ros-connection/ros2 nodes/install/inmoov_description:/home/guyi/github/Modified_InMoov/Unity-ros-connection/ros2 nodes/udp converter/install/servo_mediator_cpp:/home/guyi/inmoov_ros2/install/inmoov_tools:/home/guyi/inmoov_ros2/install/inmoov_bringup:/home/guyi/inmoov_ros2/install/inmoov_msgs:/home/guyi/inmoov_ros2/install/inmoov_meshes:/home/guyi/inmoov_ros2/install/inmoov_config_test:/home/guyi/inmoov_ros2/install/inmoov_description CONDA_PROMPT_MODIFIER=(base) /usr/local/bin/cmake --build /home/guyi/github/Modified_InMoov/Unity-ros-connection/ros2 nodes/build/servo_mediator_cpp -- -j16 -l16
[0.522s] DEBUG:colcon.colcon_core.event_handler.log_command:Invoked command in '/home/guyi/github/Modified_InMoov/Unity-ros-connection/ros2 nodes/build/inmoov_description' returned '0': CONDA_PROMPT_MODIFIER=(base) /usr/local/bin/cmake --build /home/guyi/github/Modified_InMoov/Unity-ros-connection/ros2 nodes/build/inmoov_description -- -j16 -l16
[0.526s] DEBUG:colcon.colcon_core.event_handler.log_command:Invoking command in '/home/guyi/github/Modified_InMoov/Unity-ros-connection/ros2 nodes/build/inmoov_description': CONDA_PROMPT_MODIFIER=(base) /usr/local/bin/cmake --install /home/guyi/github/Modified_InMoov/Unity-ros-connection/ros2 nodes/build/inmoov_description
[0.529s] DEBUG:colcon.colcon_core.event_handler.log_command:Invoked command in '/home/guyi/github/Modified_InMoov/Unity-ros-connection/ros2 nodes/build/inmoov_description' returned '0': CONDA_PROMPT_MODIFIER=(base) /usr/local/bin/cmake --install /home/guyi/github/Modified_InMoov/Unity-ros-connection/ros2 nodes/build/inmoov_description
[0.529s] Level 1:colcon.colcon_core.shell:create_environment_hook('inmoov_description', 'ros_package_path')
[0.529s] INFO:colcon.colcon_core.shell:Creating environment hook '/home/guyi/github/Modified_InMoov/Unity-ros-connection/ros2 nodes/install/inmoov_description/share/inmoov_description/hook/ros_package_path.ps1'
[0.529s] INFO:colcon.colcon_core.shell:Creating environment descriptor '/home/guyi/github/Modified_InMoov/Unity-ros-connection/ros2 nodes/install/inmoov_description/share/inmoov_description/hook/ros_package_path.dsv'
[0.530s] INFO:colcon.colcon_core.shell:Creating environment hook '/home/guyi/github/Modified_InMoov/Unity-ros-connection/ros2 nodes/install/inmoov_description/share/inmoov_description/hook/ros_package_path.sh'
[0.530s] Level 1:colcon.colcon_core.shell:create_environment_hook('inmoov_description', 'pkg_config_path')
[0.530s] INFO:colcon.colcon_core.shell:Creating environment hook '/home/guyi/github/Modified_InMoov/Unity-ros-connection/ros2 nodes/install/inmoov_description/share/inmoov_description/hook/pkg_config_path.ps1'
[0.531s] INFO:colcon.colcon_core.shell:Creating environment descriptor '/home/guyi/github/Modified_InMoov/Unity-ros-connection/ros2 nodes/install/inmoov_description/share/inmoov_description/hook/pkg_config_path.dsv'
[0.531s] INFO:colcon.colcon_core.shell:Creating environment hook '/home/guyi/github/Modified_InMoov/Unity-ros-connection/ros2 nodes/install/inmoov_description/share/inmoov_description/hook/pkg_config_path.sh'
[0.533s] Level 1:colcon.colcon_core.shell:create_environment_hook('inmoov_description', 'pkg_config_path_multiarch')
[0.534s] INFO:colcon.colcon_core.shell:Creating environment hook '/home/guyi/github/Modified_InMoov/Unity-ros-connection/ros2 nodes/install/inmoov_description/share/inmoov_description/hook/pkg_config_path_multiarch.ps1'
[0.534s] INFO:colcon.colcon_core.shell:Creating environment descriptor '/home/guyi/github/Modified_InMoov/Unity-ros-connection/ros2 nodes/install/inmoov_description/share/inmoov_description/hook/pkg_config_path_multiarch.dsv'
[0.534s] INFO:colcon.colcon_core.shell:Creating environment hook '/home/guyi/github/Modified_InMoov/Unity-ros-connection/ros2 nodes/install/inmoov_description/share/inmoov_description/hook/pkg_config_path_multiarch.sh'
[0.535s] Level 1:colcon.colcon_core.environment:create_environment_scripts_only(inmoov_description)
[0.536s] Level 1:colcon.colcon_core.environment:checking '/home/guyi/github/Modified_InMoov/Unity-ros-connection/ros2 nodes/install/inmoov_description' for CMake module files
[0.536s] Level 1:colcon.colcon_core.environment:checking '/home/guyi/github/Modified_InMoov/Unity-ros-connection/ros2 nodes/install/inmoov_description' for CMake config files
[0.536s] Level 1:colcon.colcon_core.shell:create_environment_hook('inmoov_description', 'cmake_prefix_path')
[0.536s] INFO:colcon.colcon_core.shell:Creating environment hook '/home/guyi/github/Modified_InMoov/Unity-ros-connection/ros2 nodes/install/inmoov_description/share/inmoov_description/hook/cmake_prefix_path.ps1'
[0.537s] INFO:colcon.colcon_core.shell:Creating environment descriptor '/home/guyi/github/Modified_InMoov/Unity-ros-connection/ros2 nodes/install/inmoov_description/share/inmoov_description/hook/cmake_prefix_path.dsv'
[0.537s] INFO:colcon.colcon_core.shell:Creating environment hook '/home/guyi/github/Modified_InMoov/Unity-ros-connection/ros2 nodes/install/inmoov_description/share/inmoov_description/hook/cmake_prefix_path.sh'
[0.537s] Level 1:colcon.colcon_core.environment:checking '/home/guyi/github/Modified_InMoov/Unity-ros-connection/ros2 nodes/install/inmoov_description/bin'
[0.537s] Level 1:colcon.colcon_core.environment:checking '/home/guyi/github/Modified_InMoov/Unity-ros-connection/ros2 nodes/install/inmoov_description/lib/pkgconfig/inmoov_description.pc'
[0.537s] Level 1:colcon.colcon_core.environment:checking '/home/guyi/github/Modified_InMoov/Unity-ros-connection/ros2 nodes/install/inmoov_description/lib/python3.10/site-packages'
[0.537s] Level 1:colcon.colcon_core.environment:checking '/home/guyi/github/Modified_InMoov/Unity-ros-connection/ros2 nodes/install/inmoov_description/bin'
[0.538s] INFO:colcon.colcon_core.shell:Creating package script '/home/guyi/github/Modified_InMoov/Unity-ros-connection/ros2 nodes/install/inmoov_description/share/inmoov_description/package.ps1'
[0.538s] INFO:colcon.colcon_core.shell:Creating package descriptor '/home/guyi/github/Modified_InMoov/Unity-ros-connection/ros2 nodes/install/inmoov_description/share/inmoov_description/package.dsv'
[0.538s] INFO:colcon.colcon_core.shell:Creating package script '/home/guyi/github/Modified_InMoov/Unity-ros-connection/ros2 nodes/install/inmoov_description/share/inmoov_description/package.sh'
[0.539s] INFO:colcon.colcon_core.shell:Creating package script '/home/guyi/github/Modified_InMoov/Unity-ros-connection/ros2 nodes/install/inmoov_description/share/inmoov_description/package.bash'
[0.539s] INFO:colcon.colcon_core.shell:Creating package script '/home/guyi/github/Modified_InMoov/Unity-ros-connection/ros2 nodes/install/inmoov_description/share/inmoov_description/package.zsh'
[0.540s] Level 1:colcon.colcon_core.environment:create_file_with_runtime_dependencies(/home/guyi/github/Modified_InMoov/Unity-ros-connection/ros2 nodes/install/inmoov_description/share/colcon-core/packages/inmoov_description)
[0.577s] DEBUG:colcon.colcon_core.event_handler.log_command:Invoked command in '/home/guyi/github/Modified_InMoov/Unity-ros-connection/ros2 nodes/build/servo_mediator_cpp' returned '0': CMAKE_PREFIX_PATH=/home/guyi/github/Modified_InMoov/Unity-ros-connection/ros2 nodes/install/servo_mediator_cpp:/home/guyi/github/Modified_InMoov/Unity-ros-connection/ros2 nodes/install/ros_tcp_endpoint:/home/guyi/github/Modified_InMoov/Unity-ros-connection/ros2 nodes/install/ce_python:/home/guyi/github/Modified_InMoov/Unity-ros-connection/ros2 nodes/udp converter/install/ce_python:/opt/ros/humble:/home/guyi/github/Modified_InMoov/Unity-ros-connection/ros2 nodes/install/inmoov_description:/home/guyi/github/Modified_InMoov/Unity-ros-connection/ros2 nodes/udp converter/install/servo_mediator_cpp:/home/guyi/inmoov_ros2/install/inmoov_tools:/home/guyi/inmoov_ros2/install/inmoov_bringup:/home/guyi/inmoov_ros2/install/inmoov_msgs:/home/guyi/inmoov_ros2/install/inmoov_meshes:/home/guyi/inmoov_ros2/install/inmoov_config_test:/home/guyi/inmoov_ros2/install/inmoov_description CONDA_PROMPT_MODIFIER=(base) /usr/local/bin/cmake --build /home/guyi/github/Modified_InMoov/Unity-ros-connection/ros2 nodes/build/servo_mediator_cpp -- -j16 -l16
[0.578s] DEBUG:colcon.colcon_core.event_handler.log_command:Invoking command in '/home/guyi/github/Modified_InMoov/Unity-ros-connection/ros2 nodes/build/servo_mediator_cpp': CMAKE_PREFIX_PATH=/home/guyi/github/Modified_InMoov/Unity-ros-connection/ros2 nodes/install/servo_mediator_cpp:/home/guyi/github/Modified_InMoov/Unity-ros-connection/ros2 nodes/install/ros_tcp_endpoint:/home/guyi/github/Modified_InMoov/Unity-ros-connection/ros2 nodes/install/ce_python:/home/guyi/github/Modified_InMoov/Unity-ros-connection/ros2 nodes/udp converter/install/ce_python:/opt/ros/humble:/home/guyi/github/Modified_InMoov/Unity-ros-connection/ros2 nodes/install/inmoov_description:/home/guyi/github/Modified_InMoov/Unity-ros-connection/ros2 nodes/udp converter/install/servo_mediator_cpp:/home/guyi/inmoov_ros2/install/inmoov_tools:/home/guyi/inmoov_ros2/install/inmoov_bringup:/home/guyi/inmoov_ros2/install/inmoov_msgs:/home/guyi/inmoov_ros2/install/inmoov_meshes:/home/guyi/inmoov_ros2/install/inmoov_config_test:/home/guyi/inmoov_ros2/install/inmoov_description CONDA_PROMPT_MODIFIER=(base) /usr/local/bin/cmake --install /home/guyi/github/Modified_InMoov/Unity-ros-connection/ros2 nodes/build/servo_mediator_cpp
[0.581s] Level 1:colcon.colcon_core.environment:create_environment_scripts_only(servo_mediator_cpp)
[0.582s] Level 1:colcon.colcon_core.environment:checking '/home/guyi/github/Modified_InMoov/Unity-ros-connection/ros2 nodes/install/servo_mediator_cpp' for CMake module files
[0.582s] DEBUG:colcon.colcon_core.event_handler.log_command:Invoked command in '/home/guyi/github/Modified_InMoov/Unity-ros-connection/ros2 nodes/build/servo_mediator_cpp' returned '0': CMAKE_PREFIX_PATH=/home/guyi/github/Modified_InMoov/Unity-ros-connection/ros2 nodes/install/servo_mediator_cpp:/home/guyi/github/Modified_InMoov/Unity-ros-connection/ros2 nodes/install/ros_tcp_endpoint:/home/guyi/github/Modified_InMoov/Unity-ros-connection/ros2 nodes/install/ce_python:/home/guyi/github/Modified_InMoov/Unity-ros-connection/ros2 nodes/udp converter/install/ce_python:/opt/ros/humble:/home/guyi/github/Modified_InMoov/Unity-ros-connection/ros2 nodes/install/inmoov_description:/home/guyi/github/Modified_InMoov/Unity-ros-connection/ros2 nodes/udp converter/install/servo_mediator_cpp:/home/guyi/inmoov_ros2/install/inmoov_tools:/home/guyi/inmoov_ros2/install/inmoov_bringup:/home/guyi/inmoov_ros2/install/inmoov_msgs:/home/guyi/inmoov_ros2/install/inmoov_meshes:/home/guyi/inmoov_ros2/install/inmoov_config_test:/home/guyi/inmoov_ros2/install/inmoov_description CONDA_PROMPT_MODIFIER=(base) /usr/local/bin/cmake --install /home/guyi/github/Modified_InMoov/Unity-ros-connection/ros2 nodes/build/servo_mediator_cpp
[0.582s] Level 1:colcon.colcon_core.environment:checking '/home/guyi/github/Modified_InMoov/Unity-ros-connection/ros2 nodes/install/servo_mediator_cpp' for CMake config files
[0.582s] Level 1:colcon.colcon_core.shell:create_environment_hook('servo_mediator_cpp', 'cmake_prefix_path')
[0.583s] INFO:colcon.colcon_core.shell:Creating environment hook '/home/guyi/github/Modified_InMoov/Unity-ros-connection/ros2 nodes/install/servo_mediator_cpp/share/servo_mediator_cpp/hook/cmake_prefix_path.ps1'
[0.583s] INFO:colcon.colcon_core.shell:Creating environment descriptor '/home/guyi/github/Modified_InMoov/Unity-ros-connection/ros2 nodes/install/servo_mediator_cpp/share/servo_mediator_cpp/hook/cmake_prefix_path.dsv'
[0.583s] INFO:colcon.colcon_core.shell:Creating environment hook '/home/guyi/github/Modified_InMoov/Unity-ros-connection/ros2 nodes/install/servo_mediator_cpp/share/servo_mediator_cpp/hook/cmake_prefix_path.sh'
[0.584s] Level 1:colcon.colcon_core.environment:checking '/home/guyi/github/Modified_InMoov/Unity-ros-connection/ros2 nodes/install/servo_mediator_cpp/lib'
[0.584s] Level 1:colcon.colcon_core.environment:checking '/home/guyi/github/Modified_InMoov/Unity-ros-connection/ros2 nodes/install/servo_mediator_cpp/bin'
[0.584s] Level 1:colcon.colcon_core.environment:checking '/home/guyi/github/Modified_InMoov/Unity-ros-connection/ros2 nodes/install/servo_mediator_cpp/lib/pkgconfig/servo_mediator_cpp.pc'
[0.584s] Level 1:colcon.colcon_core.environment:checking '/home/guyi/github/Modified_InMoov/Unity-ros-connection/ros2 nodes/install/servo_mediator_cpp/lib/python3.10/site-packages'
[0.584s] Level 1:colcon.colcon_core.environment:checking '/home/guyi/github/Modified_InMoov/Unity-ros-connection/ros2 nodes/install/servo_mediator_cpp/bin'
[0.584s] INFO:colcon.colcon_core.shell:Creating package script '/home/guyi/github/Modified_InMoov/Unity-ros-connection/ros2 nodes/install/servo_mediator_cpp/share/servo_mediator_cpp/package.ps1'
[0.585s] INFO:colcon.colcon_core.shell:Creating package descriptor '/home/guyi/github/Modified_InMoov/Unity-ros-connection/ros2 nodes/install/servo_mediator_cpp/share/servo_mediator_cpp/package.dsv'
[0.585s] INFO:colcon.colcon_core.shell:Creating package script '/home/guyi/github/Modified_InMoov/Unity-ros-connection/ros2 nodes/install/servo_mediator_cpp/share/servo_mediator_cpp/package.sh'
[0.585s] INFO:colcon.colcon_core.shell:Creating package script '/home/guyi/github/Modified_InMoov/Unity-ros-connection/ros2 nodes/install/servo_mediator_cpp/share/servo_mediator_cpp/package.bash'
[0.585s] INFO:colcon.colcon_core.shell:Creating package script '/home/guyi/github/Modified_InMoov/Unity-ros-connection/ros2 nodes/install/servo_mediator_cpp/share/servo_mediator_cpp/package.zsh'
[0.585s] Level 1:colcon.colcon_core.environment:create_file_with_runtime_dependencies(/home/guyi/github/Modified_InMoov/Unity-ros-connection/ros2 nodes/install/servo_mediator_cpp/share/colcon-core/packages/servo_mediator_cpp)
[0.586s] Level 1:colcon.colcon_core.environment:create_environment_scripts_only(servo_mediator_cpp)
[0.586s] Level 1:colcon.colcon_core.environment:checking '/home/guyi/github/Modified_InMoov/Unity-ros-connection/ros2 nodes/install/servo_mediator_cpp' for CMake module files
[0.586s] Level 1:colcon.colcon_core.environment:checking '/home/guyi/github/Modified_InMoov/Unity-ros-connection/ros2 nodes/install/servo_mediator_cpp' for CMake config files
[0.586s] Level 1:colcon.colcon_core.shell:create_environment_hook('servo_mediator_cpp', 'cmake_prefix_path')
[0.586s] INFO:colcon.colcon_core.shell:Creating environment hook '/home/guyi/github/Modified_InMoov/Unity-ros-connection/ros2 nodes/install/servo_mediator_cpp/share/servo_mediator_cpp/hook/cmake_prefix_path.ps1'
[0.586s] INFO:colcon.colcon_core.shell:Creating environment descriptor '/home/guyi/github/Modified_InMoov/Unity-ros-connection/ros2 nodes/install/servo_mediator_cpp/share/servo_mediator_cpp/hook/cmake_prefix_path.dsv'
[0.587s] INFO:colcon.colcon_core.shell:Creating environment hook '/home/guyi/github/Modified_InMoov/Unity-ros-connection/ros2 nodes/install/servo_mediator_cpp/share/servo_mediator_cpp/hook/cmake_prefix_path.sh'
[0.587s] Level 1:colcon.colcon_core.environment:checking '/home/guyi/github/Modified_InMoov/Unity-ros-connection/ros2 nodes/install/servo_mediator_cpp/lib'
[0.587s] Level 1:colcon.colcon_core.environment:checking '/home/guyi/github/Modified_InMoov/Unity-ros-connection/ros2 nodes/install/servo_mediator_cpp/bin'
[0.587s] Level 1:colcon.colcon_core.environment:checking '/home/guyi/github/Modified_InMoov/Unity-ros-connection/ros2 nodes/install/servo_mediator_cpp/lib/pkgconfig/servo_mediator_cpp.pc'
[0.587s] Level 1:colcon.colcon_core.environment:checking '/home/guyi/github/Modified_InMoov/Unity-ros-connection/ros2 nodes/install/servo_mediator_cpp/lib/python3.10/site-packages'
[0.587s] Level 1:colcon.colcon_core.environment:checking '/home/guyi/github/Modified_InMoov/Unity-ros-connection/ros2 nodes/install/servo_mediator_cpp/bin'
[0.587s] INFO:colcon.colcon_core.shell:Creating package script '/home/guyi/github/Modified_InMoov/Unity-ros-connection/ros2 nodes/install/servo_mediator_cpp/share/servo_mediator_cpp/package.ps1'
[0.587s] INFO:colcon.colcon_core.shell:Creating package descriptor '/home/guyi/github/Modified_InMoov/Unity-ros-connection/ros2 nodes/install/servo_mediator_cpp/share/servo_mediator_cpp/package.dsv'
[0.588s] INFO:colcon.colcon_core.shell:Creating package script '/home/guyi/github/Modified_InMoov/Unity-ros-connection/ros2 nodes/install/servo_mediator_cpp/share/servo_mediator_cpp/package.sh'
[0.588s] INFO:colcon.colcon_core.shell:Creating package script '/home/guyi/github/Modified_InMoov/Unity-ros-connection/ros2 nodes/install/servo_mediator_cpp/share/servo_mediator_cpp/package.bash'
[0.588s] INFO:colcon.colcon_core.shell:Creating package script '/home/guyi/github/Modified_InMoov/Unity-ros-connection/ros2 nodes/install/servo_mediator_cpp/share/servo_mediator_cpp/package.zsh'
[0.588s] Level 1:colcon.colcon_core.environment:create_file_with_runtime_dependencies(/home/guyi/github/Modified_InMoov/Unity-ros-connection/ros2 nodes/install/servo_mediator_cpp/share/colcon-core/packages/servo_mediator_cpp)
[0.745s] DEBUG:colcon.colcon_core.event_handler.log_command:Invoking command in '/home/guyi/github/Modified_InMoov/Unity-ros-connection/ros2 nodes/udp converter/src/ce_python': CONDA_PROMPT_MODIFIER=(base) PYTHONPATH=/home/guyi/github/Modified_InMoov/Unity-ros-connection/ros2 nodes/build/ce_python/prefix_override:/usr/lib/python3/dist-packages/colcon_core/task/python/colcon_distutils_commands:/home/guyi/github/Modified_InMoov/Unity-ros-connection/ros2 nodes/install/ce_python/lib/python3.10/site-packages:${PYTHONPATH} /usr/bin/python3 -W ignore:setup.py install is deprecated -W ignore:easy_install command is deprecated setup.py egg_info --egg-base ../../../build/ce_python build --build-base /home/guyi/github/Modified_InMoov/Unity-ros-connection/ros2 nodes/build/ce_python/build install --record /home/guyi/github/Modified_InMoov/Unity-ros-connection/ros2 nodes/build/ce_python/install.log --single-version-externally-managed install_data
[0.750s] DEBUG:colcon.colcon_core.event_handler.log_command:Invoking command in '/home/guyi/github/Modified_InMoov/Unity-ros-connection/ros2 nodes/ros-bridge/src/ros_tcp_endpoint': CONDA_PROMPT_MODIFIER=(base) PYTHONPATH=/home/guyi/github/Modified_InMoov/Unity-ros-connection/ros2 nodes/build/ros_tcp_endpoint/prefix_override:/usr/lib/python3/dist-packages/colcon_core/task/python/colcon_distutils_commands:/home/guyi/github/Modified_InMoov/Unity-ros-connection/ros2 nodes/install/ros_tcp_endpoint/lib/python3.10/site-packages:${PYTHONPATH} /usr/bin/python3 -W ignore:setup.py install is deprecated -W ignore:easy_install command is deprecated setup.py egg_info --egg-base ../../../build/ros_tcp_endpoint build --build-base /home/guyi/github/Modified_InMoov/Unity-ros-connection/ros2 nodes/build/ros_tcp_endpoint/build install --record /home/guyi/github/Modified_InMoov/Unity-ros-connection/ros2 nodes/build/ros_tcp_endpoint/install.log --install-scripts $base/lib/ros_tcp_endpoint --single-version-externally-managed install_data
[0.905s] Level 1:colcon.colcon_core.environment:checking '/home/guyi/github/Modified_InMoov/Unity-ros-connection/ros2 nodes/install/ce_python' for CMake module files
[0.905s] DEBUG:colcon.colcon_core.event_handler.log_command:Invoked command in '/home/guyi/github/Modified_InMoov/Unity-ros-connection/ros2 nodes/udp converter/src/ce_python' returned '0': CONDA_PROMPT_MODIFIER=(base) PYTHONPATH=/home/guyi/github/Modified_InMoov/Unity-ros-connection/ros2 nodes/build/ce_python/prefix_override:/usr/lib/python3/dist-packages/colcon_core/task/python/colcon_distutils_commands:/home/guyi/github/Modified_InMoov/Unity-ros-connection/ros2 nodes/install/ce_python/lib/python3.10/site-packages:${PYTHONPATH} /usr/bin/python3 -W ignore:setup.py install is deprecated -W ignore:easy_install command is deprecated setup.py egg_info --egg-base ../../../build/ce_python build --build-base /home/guyi/github/Modified_InMoov/Unity-ros-connection/ros2 nodes/build/ce_python/build install --record /home/guyi/github/Modified_InMoov/Unity-ros-connection/ros2 nodes/build/ce_python/install.log --single-version-externally-managed install_data
[0.905s] Level 1:colcon.colcon_core.environment:checking '/home/guyi/github/Modified_InMoov/Unity-ros-connection/ros2 nodes/install/ce_python' for CMake config files
[0.906s] Level 1:colcon.colcon_core.environment:checking '/home/guyi/github/Modified_InMoov/Unity-ros-connection/ros2 nodes/install/ce_python/lib'
[0.906s] Level 1:colcon.colcon_core.environment:checking '/home/guyi/github/Modified_InMoov/Unity-ros-connection/ros2 nodes/install/ce_python/bin'
[0.906s] Level 1:colcon.colcon_core.environment:checking '/home/guyi/github/Modified_InMoov/Unity-ros-connection/ros2 nodes/install/ce_python/lib/pkgconfig/ce_python.pc'
[0.906s] Level 1:colcon.colcon_core.environment:checking '/home/guyi/github/Modified_InMoov/Unity-ros-connection/ros2 nodes/install/ce_python/lib/python3.10/site-packages'
[0.906s] Level 1:colcon.colcon_core.shell:create_environment_hook('ce_python', 'pythonpath')
[0.906s] INFO:colcon.colcon_core.shell:Creating environment hook '/home/guyi/github/Modified_InMoov/Unity-ros-connection/ros2 nodes/install/ce_python/share/ce_python/hook/pythonpath.ps1'
[0.907s] INFO:colcon.colcon_core.shell:Creating environment descriptor '/home/guyi/github/Modified_InMoov/Unity-ros-connection/ros2 nodes/install/ce_python/share/ce_python/hook/pythonpath.dsv'
[0.907s] INFO:colcon.colcon_core.shell:Creating environment hook '/home/guyi/github/Modified_InMoov/Unity-ros-connection/ros2 nodes/install/ce_python/share/ce_python/hook/pythonpath.sh'
[0.907s] Level 1:colcon.colcon_core.environment:checking '/home/guyi/github/Modified_InMoov/Unity-ros-connection/ros2 nodes/install/ce_python/bin'
[0.907s] Level 1:colcon.colcon_core.environment:create_environment_scripts_only(ce_python)
[0.908s] INFO:colcon.colcon_core.shell:Creating package script '/home/guyi/github/Modified_InMoov/Unity-ros-connection/ros2 nodes/install/ce_python/share/ce_python/package.ps1'
[0.908s] INFO:colcon.colcon_core.shell:Creating package descriptor '/home/guyi/github/Modified_InMoov/Unity-ros-connection/ros2 nodes/install/ce_python/share/ce_python/package.dsv'
[0.908s] INFO:colcon.colcon_core.shell:Creating package script '/home/guyi/github/Modified_InMoov/Unity-ros-connection/ros2 nodes/install/ce_python/share/ce_python/package.sh'
[0.909s] INFO:colcon.colcon_core.shell:Creating package script '/home/guyi/github/Modified_InMoov/Unity-ros-connection/ros2 nodes/install/ce_python/share/ce_python/package.bash'
[0.909s] INFO:colcon.colcon_core.shell:Creating package script '/home/guyi/github/Modified_InMoov/Unity-ros-connection/ros2 nodes/install/ce_python/share/ce_python/package.zsh'
[0.909s] Level 1:colcon.colcon_core.environment:create_file_with_runtime_dependencies(/home/guyi/github/Modified_InMoov/Unity-ros-connection/ros2 nodes/install/ce_python/share/colcon-core/packages/ce_python)
[0.917s] Level 1:colcon.colcon_core.environment:checking '/home/guyi/github/Modified_InMoov/Unity-ros-connection/ros2 nodes/install/ros_tcp_endpoint' for CMake module files
[0.918s] DEBUG:colcon.colcon_core.event_handler.log_command:Invoked command in '/home/guyi/github/Modified_InMoov/Unity-ros-connection/ros2 nodes/ros-bridge/src/ros_tcp_endpoint' returned '0': CONDA_PROMPT_MODIFIER=(base) PYTHONPATH=/home/guyi/github/Modified_InMoov/Unity-ros-connection/ros2 nodes/build/ros_tcp_endpoint/prefix_override:/usr/lib/python3/dist-packages/colcon_core/task/python/colcon_distutils_commands:/home/guyi/github/Modified_InMoov/Unity-ros-connection/ros2 nodes/install/ros_tcp_endpoint/lib/python3.10/site-packages:${PYTHONPATH} /usr/bin/python3 -W ignore:setup.py install is deprecated -W ignore:easy_install command is deprecated setup.py egg_info --egg-base ../../../build/ros_tcp_endpoint build --build-base /home/guyi/github/Modified_InMoov/Unity-ros-connection/ros2 nodes/build/ros_tcp_endpoint/build install --record /home/guyi/github/Modified_InMoov/Unity-ros-connection/ros2 nodes/build/ros_tcp_endpoint/install.log --install-scripts $base/lib/ros_tcp_endpoint --single-version-externally-managed install_data
[0.918s] Level 1:colcon.colcon_core.environment:checking '/home/guyi/github/Modified_InMoov/Unity-ros-connection/ros2 nodes/install/ros_tcp_endpoint' for CMake config files
[0.918s] Level 1:colcon.colcon_core.environment:checking '/home/guyi/github/Modified_InMoov/Unity-ros-connection/ros2 nodes/install/ros_tcp_endpoint/lib'
[0.918s] Level 1:colcon.colcon_core.environment:checking '/home/guyi/github/Modified_InMoov/Unity-ros-connection/ros2 nodes/install/ros_tcp_endpoint/bin'
[0.919s] Level 1:colcon.colcon_core.environment:checking '/home/guyi/github/Modified_InMoov/Unity-ros-connection/ros2 nodes/install/ros_tcp_endpoint/lib/pkgconfig/ros_tcp_endpoint.pc'
[0.919s] Level 1:colcon.colcon_core.environment:checking '/home/guyi/github/Modified_InMoov/Unity-ros-connection/ros2 nodes/install/ros_tcp_endpoint/lib/python3.10/site-packages'
[0.919s] Level 1:colcon.colcon_core.shell:create_environment_hook('ros_tcp_endpoint', 'pythonpath')
[0.919s] INFO:colcon.colcon_core.shell:Creating environment hook '/home/guyi/github/Modified_InMoov/Unity-ros-connection/ros2 nodes/install/ros_tcp_endpoint/share/ros_tcp_endpoint/hook/pythonpath.ps1'
[0.919s] INFO:colcon.colcon_core.shell:Creating environment descriptor '/home/guyi/github/Modified_InMoov/Unity-ros-connection/ros2 nodes/install/ros_tcp_endpoint/share/ros_tcp_endpoint/hook/pythonpath.dsv'
[0.919s] INFO:colcon.colcon_core.shell:Creating environment hook '/home/guyi/github/Modified_InMoov/Unity-ros-connection/ros2 nodes/install/ros_tcp_endpoint/share/ros_tcp_endpoint/hook/pythonpath.sh'
[0.920s] Level 1:colcon.colcon_core.environment:checking '/home/guyi/github/Modified_InMoov/Unity-ros-connection/ros2 nodes/install/ros_tcp_endpoint/bin'
[0.920s] Level 1:colcon.colcon_core.environment:create_environment_scripts_only(ros_tcp_endpoint)
[0.920s] INFO:colcon.colcon_core.shell:Creating package script '/home/guyi/github/Modified_InMoov/Unity-ros-connection/ros2 nodes/install/ros_tcp_endpoint/share/ros_tcp_endpoint/package.ps1'
[0.920s] INFO:colcon.colcon_core.shell:Creating package descriptor '/home/guyi/github/Modified_InMoov/Unity-ros-connection/ros2 nodes/install/ros_tcp_endpoint/share/ros_tcp_endpoint/package.dsv'
[0.920s] INFO:colcon.colcon_core.shell:Creating package script '/home/guyi/github/Modified_InMoov/Unity-ros-connection/ros2 nodes/install/ros_tcp_endpoint/share/ros_tcp_endpoint/package.sh'
[0.920s] INFO:colcon.colcon_core.shell:Creating package script '/home/guyi/github/Modified_InMoov/Unity-ros-connection/ros2 nodes/install/ros_tcp_endpoint/share/ros_tcp_endpoint/package.bash'
[0.921s] INFO:colcon.colcon_core.shell:Creating package script '/home/guyi/github/Modified_InMoov/Unity-ros-connection/ros2 nodes/install/ros_tcp_endpoint/share/ros_tcp_endpoint/package.zsh'
[0.921s] Level 1:colcon.colcon_core.environment:create_file_with_runtime_dependencies(/home/guyi/github/Modified_InMoov/Unity-ros-connection/ros2 nodes/install/ros_tcp_endpoint/share/colcon-core/packages/ros_tcp_endpoint)
[0.921s] DEBUG:colcon.colcon_parallel_executor.executor.parallel:closing loop
[0.921s] DEBUG:colcon.colcon_parallel_executor.executor.parallel:loop closed
[0.921s] DEBUG:colcon.colcon_parallel_executor.executor.parallel:run_until_complete finished with '0'
[0.921s] DEBUG:colcon.colcon_core.event_reactor:joining thread
[0.924s] INFO:colcon.colcon_core.plugin_system:Skipping extension 'colcon_notification.desktop_notification.terminal_notifier': Not used on non-Darwin systems
[0.924s] INFO:colcon.colcon_core.plugin_system:Skipping extension 'colcon_notification.desktop_notification.win32': Not used on non-Windows systems
[0.924s] INFO:colcon.colcon_notification.desktop_notification:Sending desktop notification using 'notify2'
[0.932s] DEBUG:colcon.colcon_core.event_reactor:joined thread
[0.932s] INFO:colcon.colcon_core.shell:Creating prefix script '/home/guyi/github/Modified_InMoov/Unity-ros-connection/ros2 nodes/install/local_setup.ps1'
[0.933s] INFO:colcon.colcon_core.shell:Creating prefix util module '/home/guyi/github/Modified_InMoov/Unity-ros-connection/ros2 nodes/install/_local_setup_util_ps1.py'
[0.934s] INFO:colcon.colcon_core.shell:Creating prefix chain script '/home/guyi/github/Modified_InMoov/Unity-ros-connection/ros2 nodes/install/setup.ps1'
[0.935s] INFO:colcon.colcon_core.shell:Creating prefix script '/home/guyi/github/Modified_InMoov/Unity-ros-connection/ros2 nodes/install/local_setup.sh'
[0.936s] INFO:colcon.colcon_core.shell:Creating prefix util module '/home/guyi/github/Modified_InMoov/Unity-ros-connection/ros2 nodes/install/_local_setup_util_sh.py'
[0.938s] INFO:colcon.colcon_core.shell:Creating prefix chain script '/home/guyi/github/Modified_InMoov/Unity-ros-connection/ros2 nodes/install/setup.sh'
[0.938s] INFO:colcon.colcon_core.shell:Creating prefix script '/home/guyi/github/Modified_InMoov/Unity-ros-connection/ros2 nodes/install/local_setup.bash'
[0.939s] INFO:colcon.colcon_core.shell:Creating prefix chain script '/home/guyi/github/Modified_InMoov/Unity-ros-connection/ros2 nodes/install/setup.bash'
[0.940s] INFO:colcon.colcon_core.shell:Creating prefix script '/home/guyi/github/Modified_InMoov/Unity-ros-connection/ros2 nodes/install/local_setup.zsh'
[0.940s] INFO:colcon.colcon_core.shell:Creating prefix chain script '/home/guyi/github/Modified_InMoov/Unity-ros-connection/ros2 nodes/install/setup.zsh'
